,Experiment,lab,Language,Subject,Age_months,Age_years,method,Query,Response,cite,KL,KL.assign,Notes
1,Piantadosi2014,Piantadosi,Tsimane,57,132,11,non-titrated,1,1,"Piantadosi, S. T., Jara‐Ettinger, J., & Gibson, E. (2014). Children's learning of number words in an indigenous farming‐foraging group. Developmental Science, 17(4), 553-563.",CP,3,Error at 4
2,Piantadosi2014,Piantadosi,Tsimane,57,132,11,non-titrated,2,2,"Piantadosi, S. T., Jara‐Ettinger, J., & Gibson, E. (2014). Children's learning of number words in an indigenous farming‐foraging group. Developmental Science, 17(4), 553-563.",CP,3,
3,Piantadosi2014,Piantadosi,Tsimane,57,132,11,non-titrated,3,3,"Piantadosi, S. T., Jara‐Ettinger, J., & Gibson, E. (2014). Children's learning of number words in an indigenous farming‐foraging group. Developmental Science, 17(4), 553-563.",CP,3,
4,Piantadosi2014,Piantadosi,Tsimane,57,132,11,non-titrated,4,8,"Piantadosi, S. T., Jara‐Ettinger, J., & Gibson, E. (2014). Children's learning of number words in an indigenous farming‐foraging group. Developmental Science, 17(4), 553-563.",CP,3,
5,Piantadosi2014,Piantadosi,Tsimane,57,132,11,non-titrated,5,5,"Piantadosi, S. T., Jara‐Ettinger, J., & Gibson, E. (2014). Children's learning of number words in an indigenous farming‐foraging group. Developmental Science, 17(4), 553-563.",CP,3,
6,Piantadosi2014,Piantadosi,Tsimane,57,132,11,non-titrated,6,6,"Piantadosi, S. T., Jara‐Ettinger, J., & Gibson, E. (2014). Children's learning of number words in an indigenous farming‐foraging group. Developmental Science, 17(4), 553-563.",CP,3,
7,Piantadosi2014,Piantadosi,Tsimane,57,132,11,non-titrated,7,7,"Piantadosi, S. T., Jara‐Ettinger, J., & Gibson, E. (2014). Children's learning of number words in an indigenous farming‐foraging group. Developmental Science, 17(4), 553-563.",CP,3,
8,Piantadosi2014,Piantadosi,Tsimane,57,132,11,non-titrated,8,8,"Piantadosi, S. T., Jara‐Ettinger, J., & Gibson, E. (2014). Children's learning of number words in an indigenous farming‐foraging group. Developmental Science, 17(4), 553-563.",CP,3,
9,Piantadosi2014,Piantadosi,Tsimane,60,132,11,non-titrated,1,1,"Piantadosi, S. T., Jara‐Ettinger, J., & Gibson, E. (2014). Children's learning of number words in an indigenous farming‐foraging group. Developmental Science, 17(4), 553-563.",CP,5,Error at 6
10,Piantadosi2014,Piantadosi,Tsimane,60,132,11,non-titrated,2,2,"Piantadosi, S. T., Jara‐Ettinger, J., & Gibson, E. (2014). Children's learning of number words in an indigenous farming‐foraging group. Developmental Science, 17(4), 553-563.",CP,5,
11,Piantadosi2014,Piantadosi,Tsimane,60,132,11,non-titrated,3,3,"Piantadosi, S. T., Jara‐Ettinger, J., & Gibson, E. (2014). Children's learning of number words in an indigenous farming‐foraging group. Developmental Science, 17(4), 553-563.",CP,5,
12,Piantadosi2014,Piantadosi,Tsimane,60,132,11,non-titrated,4,4,"Piantadosi, S. T., Jara‐Ettinger, J., & Gibson, E. (2014). Children's learning of number words in an indigenous farming‐foraging group. Developmental Science, 17(4), 553-563.",CP,5,
13,Piantadosi2014,Piantadosi,Tsimane,60,132,11,non-titrated,5,5,"Piantadosi, S. T., Jara‐Ettinger, J., & Gibson, E. (2014). Children's learning of number words in an indigenous farming‐foraging group. Developmental Science, 17(4), 553-563.",CP,5,
14,Piantadosi2014,Piantadosi,Tsimane,60,132,11,non-titrated,6,6,"Piantadosi, S. T., Jara‐Ettinger, J., & Gibson, E. (2014). Children's learning of number words in an indigenous farming‐foraging group. Developmental Science, 17(4), 553-563.",CP,5,
15,Piantadosi2014,Piantadosi,Tsimane,60,132,11,non-titrated,7,7,"Piantadosi, S. T., Jara‐Ettinger, J., & Gibson, E. (2014). Children's learning of number words in an indigenous farming‐foraging group. Developmental Science, 17(4), 553-563.",CP,5,
16,Piantadosi2014,Piantadosi,Tsimane,60,132,11,non-titrated,8,6,"Piantadosi, S. T., Jara‐Ettinger, J., & Gibson, E. (2014). Children's learning of number words in an indigenous farming‐foraging group. Developmental Science, 17(4), 553-563.",CP,5,
17,SchneiderBarner_2020,Barner,English,021919-AS,48,4,titrated,3,3,"Schneider, R.M., & Barner, D. (2020). Children use one-to-one correspondence to establish equality after learning to count. 42nd Annual Meeting of the Cognitive Science Society.",CP,4,Error at 5
18,SchneiderBarner_2020,Barner,English,021919-AS,48,4,titrated,4,4,"Schneider, R.M., & Barner, D. (2020). Children use one-to-one correspondence to establish equality after learning to count. 42nd Annual Meeting of the Cognitive Science Society.",CP,4,
19,SchneiderBarner_2020,Barner,English,021919-AS,48,4,titrated,5,6,"Schneider, R.M., & Barner, D. (2020). Children use one-to-one correspondence to establish equality after learning to count. 42nd Annual Meeting of the Cognitive Science Society.",CP,4,
20,SchneiderBarner_2020,Barner,English,021919-AS,48,4,titrated,4,4,"Schneider, R.M., & Barner, D. (2020). Children use one-to-one correspondence to establish equality after learning to count. 42nd Annual Meeting of the Cognitive Science Society.",CP,4,
21,SchneiderBarner_2020,Barner,English,021919-AS,48,4,titrated,5,5,"Schneider, R.M., & Barner, D. (2020). Children use one-to-one correspondence to establish equality after learning to count. 42nd Annual Meeting of the Cognitive Science Society.",CP,4,
22,SchneiderBarner_2020,Barner,English,021919-AS,48,4,titrated,6,6,"Schneider, R.M., & Barner, D. (2020). Children use one-to-one correspondence to establish equality after learning to count. 42nd Annual Meeting of the Cognitive Science Society.",CP,4,
23,SchneiderBarner_2020,Barner,English,021919-AS,48,4,titrated,6,6,"Schneider, R.M., & Barner, D. (2020). Children use one-to-one correspondence to establish equality after learning to count. 42nd Annual Meeting of the Cognitive Science Society.",CP,4,
24,SchneiderBarner_2020,Barner,English,021919-AS,48,4,titrated,6,6,"Schneider, R.M., & Barner, D. (2020). Children use one-to-one correspondence to establish equality after learning to count. 42nd Annual Meeting of the Cognitive Science Society.",CP,4,
25,SchneiderBarner_2020,Barner,English,021919-PW,50,4.166666667,titrated,3,2,"Schneider, R.M., & Barner, D. (2020). Children use one-to-one correspondence to establish equality after learning to count. 42nd Annual Meeting of the Cognitive Science Society.",1,2,"We never get to 1, but I would say kid is 1 knower"
26,SchneiderBarner_2020,Barner,English,021919-PW,50,4.166666667,titrated,2,2,"Schneider, R.M., & Barner, D. (2020). Children use one-to-one correspondence to establish equality after learning to count. 42nd Annual Meeting of the Cognitive Science Society.",1,2,
27,SchneiderBarner_2020,Barner,English,021919-PW,50,4.166666667,titrated,3,2,"Schneider, R.M., & Barner, D. (2020). Children use one-to-one correspondence to establish equality after learning to count. 42nd Annual Meeting of the Cognitive Science Society.",1,2,
28,SchneiderBarner_2020,Barner,English,021919-PW,50,4.166666667,titrated,2,2,"Schneider, R.M., & Barner, D. (2020). Children use one-to-one correspondence to establish equality after learning to count. 42nd Annual Meeting of the Cognitive Science Society.",1,2,
29,SchneiderBarner_2020,Barner,English,021919-PW,50,4.166666667,titrated,3,3,"Schneider, R.M., & Barner, D. (2020). Children use one-to-one correspondence to establish equality after learning to count. 42nd Annual Meeting of the Cognitive Science Society.",1,2,
30,SchneiderBarner_2020,Barner,English,021919-PW,50,4.166666667,titrated,4,2,"Schneider, R.M., & Barner, D. (2020). Children use one-to-one correspondence to establish equality after learning to count. 42nd Annual Meeting of the Cognitive Science Society.",1,2,
31,SchneiderBarner_2020,Barner,English,021919-PW,50,4.166666667,titrated,3,2,"Schneider, R.M., & Barner, D. (2020). Children use one-to-one correspondence to establish equality after learning to count. 42nd Annual Meeting of the Cognitive Science Society.",1,2,
32,SchneiderBarner_2020,Barner,English,021919-PW,50,4.166666667,titrated,2,2,"Schneider, R.M., & Barner, D. (2020). Children use one-to-one correspondence to establish equality after learning to count. 42nd Annual Meeting of the Cognitive Science Society.",1,2,
33,SchneiderBarner_2020,Barner,English,022519-B,43,3.583333333,titrated,3,3,"Schneider, R.M., & Barner, D. (2020). Children use one-to-one correspondence to establish equality after learning to count. 42nd Annual Meeting of the Cognitive Science Society.",2,3,"We don't have any data for 2, but kid doesn't know 3"
34,SchneiderBarner_2020,Barner,English,022519-B,43,3.583333333,titrated,4,3,"Schneider, R.M., & Barner, D. (2020). Children use one-to-one correspondence to establish equality after learning to count. 42nd Annual Meeting of the Cognitive Science Society.",2,3,
35,SchneiderBarner_2020,Barner,English,022519-B,43,3.583333333,titrated,3,3,"Schneider, R.M., & Barner, D. (2020). Children use one-to-one correspondence to establish equality after learning to count. 42nd Annual Meeting of the Cognitive Science Society.",2,3,
36,SchneiderBarner_2020,Barner,English,022519-B,43,3.583333333,titrated,4,3,"Schneider, R.M., & Barner, D. (2020). Children use one-to-one correspondence to establish equality after learning to count. 42nd Annual Meeting of the Cognitive Science Society.",2,3,
37,SchneiderBarner_2020,Barner,English,022519-B,43,3.583333333,titrated,3,3,"Schneider, R.M., & Barner, D. (2020). Children use one-to-one correspondence to establish equality after learning to count. 42nd Annual Meeting of the Cognitive Science Society.",2,3,
38,SchneiderBarner_2020,Barner,English,022519-B,43,3.583333333,titrated,4,3,"Schneider, R.M., & Barner, D. (2020). Children use one-to-one correspondence to establish equality after learning to count. 42nd Annual Meeting of the Cognitive Science Society.",2,3,
39,SchneiderBarner_2020,Barner,English,030119-S2,38,3.166666667,titrated,3,1,"Schneider, R.M., & Barner, D. (2020). Children use one-to-one correspondence to establish equality after learning to count. 42nd Annual Meeting of the Cognitive Science Society.",1,0,Unclear - could be 1 or 0 knower
40,SchneiderBarner_2020,Barner,English,030119-S2,38,3.166666667,titrated,2,10,"Schneider, R.M., & Barner, D. (2020). Children use one-to-one correspondence to establish equality after learning to count. 42nd Annual Meeting of the Cognitive Science Society.",1,0,
41,SchneiderBarner_2020,Barner,English,030119-S2,38,3.166666667,titrated,1,1,"Schneider, R.M., & Barner, D. (2020). Children use one-to-one correspondence to establish equality after learning to count. 42nd Annual Meeting of the Cognitive Science Society.",1,0,
42,SchneiderBarner_2020,Barner,English,030119-S2,38,3.166666667,titrated,2,2,"Schneider, R.M., & Barner, D. (2020). Children use one-to-one correspondence to establish equality after learning to count. 42nd Annual Meeting of the Cognitive Science Society.",1,0,
43,SchneiderBarner_2020,Barner,English,030119-S2,38,3.166666667,titrated,3,2,"Schneider, R.M., & Barner, D. (2020). Children use one-to-one correspondence to establish equality after learning to count. 42nd Annual Meeting of the Cognitive Science Society.",1,0,
44,SchneiderBarner_2020,Barner,English,030119-S2,38,3.166666667,titrated,2,2,"Schneider, R.M., & Barner, D. (2020). Children use one-to-one correspondence to establish equality after learning to count. 42nd Annual Meeting of the Cognitive Science Society.",1,0,
45,SchneiderBarner_2020,Barner,English,030119-S2,38,3.166666667,titrated,3,2,"Schneider, R.M., & Barner, D. (2020). Children use one-to-one correspondence to establish equality after learning to count. 42nd Annual Meeting of the Cognitive Science Society.",1,0,
46,SchneiderBarner_2020,Barner,English,030119-S2,38,3.166666667,titrated,2,2,"Schneider, R.M., & Barner, D. (2020). Children use one-to-one correspondence to establish equality after learning to count. 42nd Annual Meeting of the Cognitive Science Society.",1,0,
47,SchneiderBarner_2020,Barner,English,030419-LP,42,3.5,titrated,3,3,"Schneider, R.M., & Barner, D. (2020). Children use one-to-one correspondence to establish equality after learning to count. 42nd Annual Meeting of the Cognitive Science Society.",4,5,Could be 4 or 5 knower - just don't have the data for 5
48,SchneiderBarner_2020,Barner,English,030419-LP,42,3.5,titrated,4,4,"Schneider, R.M., & Barner, D. (2020). Children use one-to-one correspondence to establish equality after learning to count. 42nd Annual Meeting of the Cognitive Science Society.",4,5,
49,SchneiderBarner_2020,Barner,English,030419-LP,42,3.5,titrated,5,5,"Schneider, R.M., & Barner, D. (2020). Children use one-to-one correspondence to establish equality after learning to count. 42nd Annual Meeting of the Cognitive Science Society.",4,5,
50,SchneiderBarner_2020,Barner,English,030419-LP,42,3.5,titrated,6,7,"Schneider, R.M., & Barner, D. (2020). Children use one-to-one correspondence to establish equality after learning to count. 42nd Annual Meeting of the Cognitive Science Society.",4,5,
51,SchneiderBarner_2020,Barner,English,030419-LP,42,3.5,titrated,4,4,"Schneider, R.M., & Barner, D. (2020). Children use one-to-one correspondence to establish equality after learning to count. 42nd Annual Meeting of the Cognitive Science Society.",4,5,
52,SchneiderBarner_2020,Barner,English,030419-LP,42,3.5,titrated,3,3,"Schneider, R.M., & Barner, D. (2020). Children use one-to-one correspondence to establish equality after learning to count. 42nd Annual Meeting of the Cognitive Science Society.",4,5,
53,SchneiderBarner_2020,Barner,English,030419-LP,42,3.5,titrated,4,10,"Schneider, R.M., & Barner, D. (2020). Children use one-to-one correspondence to establish equality after learning to count. 42nd Annual Meeting of the Cognitive Science Society.",4,5,
54,SchneiderBarner_2020,Barner,English,030419-LP,42,3.5,titrated,3,3,"Schneider, R.M., & Barner, D. (2020). Children use one-to-one correspondence to establish equality after learning to count. 42nd Annual Meeting of the Cognitive Science Society.",4,5,
55,SchneiderBarner_20xx,Barner,English,110219-KS,52,4.333333333,titrated,1,1,"Schneider, R.M., Feiman, R., & Barner, D. (unpublished dataset).",4,3,Feels like there are too many trials for this kid?
56,SchneiderBarner_20xx,Barner,English,110219-KS,52,4.333333333,titrated,2,2,"Schneider, R.M., Feiman, R., & Barner, D. (unpublished dataset).",4,3,
57,SchneiderBarner_20xx,Barner,English,110219-KS,52,4.333333333,titrated,2,2,"Schneider, R.M., Feiman, R., & Barner, D. (unpublished dataset).",4,3,
58,SchneiderBarner_20xx,Barner,English,110219-KS,52,4.333333333,titrated,2,2,"Schneider, R.M., Feiman, R., & Barner, D. (unpublished dataset).",4,3,
59,SchneiderBarner_20xx,Barner,English,110219-KS,52,4.333333333,titrated,3,3,"Schneider, R.M., Feiman, R., & Barner, D. (unpublished dataset).",4,3,
60,SchneiderBarner_20xx,Barner,English,110219-KS,52,4.333333333,titrated,4,4,"Schneider, R.M., Feiman, R., & Barner, D. (unpublished dataset).",4,3,
61,SchneiderBarner_20xx,Barner,English,110219-KS,52,4.333333333,titrated,4,4,"Schneider, R.M., Feiman, R., & Barner, D. (unpublished dataset).",4,3,
62,SchneiderBarner_20xx,Barner,English,110219-KS,52,4.333333333,titrated,5,4,"Schneider, R.M., Feiman, R., & Barner, D. (unpublished dataset).",4,3,
63,SchneiderBarner_20xx,Barner,English,110219-KS,52,4.333333333,titrated,5,5,"Schneider, R.M., Feiman, R., & Barner, D. (unpublished dataset).",4,3,
64,SchneiderBarner_20xx,Barner,English,110219-KS,52,4.333333333,titrated,5,8,"Schneider, R.M., Feiman, R., & Barner, D. (unpublished dataset).",4,3,
65,SchneiderBarner_20xx,Barner,English,110219-KS,52,4.333333333,titrated,6,5,"Schneider, R.M., Feiman, R., & Barner, D. (unpublished dataset).",4,3,
66,SchneiderBarner_20xx,Barner,English,110219-KS,52,4.333333333,titrated,6,4,"Schneider, R.M., Feiman, R., & Barner, D. (unpublished dataset).",4,3,
67,SchneiderBarner_20xx,Barner,English,110219-KS,52,4.333333333,titrated,6,6,"Schneider, R.M., Feiman, R., & Barner, D. (unpublished dataset).",4,3,
68,SchneiderBarner_20xx,Barner,English,112319-LW,41,3.416666667,titrated,1,1,"Schneider, R.M., Feiman, R., & Barner, D. (unpublished dataset).",1,2,Technically could be 2
69,SchneiderBarner_20xx,Barner,English,112319-LW,41,3.416666667,titrated,2,2,"Schneider, R.M., Feiman, R., & Barner, D. (unpublished dataset).",1,2,
70,SchneiderBarner_20xx,Barner,English,112319-LW,41,3.416666667,titrated,3,4,"Schneider, R.M., Feiman, R., & Barner, D. (unpublished dataset).",1,2,
71,SchneiderBarner_20xx,Barner,English,112319-LW,41,3.416666667,titrated,2,4,"Schneider, R.M., Feiman, R., & Barner, D. (unpublished dataset).",1,2,
72,SchneiderBarner_20xx,Barner,English,112319-LW,41,3.416666667,titrated,1,1,"Schneider, R.M., Feiman, R., & Barner, D. (unpublished dataset).",1,2,
73,SchneiderBarner_20xx,Barner,English,112319-LW,41,3.416666667,titrated,2,2,"Schneider, R.M., Feiman, R., & Barner, D. (unpublished dataset).",1,2,
74,SchneiderBarner_20xx,Barner,English,112319-LW,41,3.416666667,titrated,3,2,"Schneider, R.M., Feiman, R., & Barner, D. (unpublished dataset).",1,2,
75,SchneiderBarner_20xx,Barner,English,102619-NI,49,4.083333333,titrated,1,1,"Schneider, R.M., Feiman, R., & Barner, D. (unpublished dataset).",CP,4,Stymied by error at 5
76,SchneiderBarner_20xx,Barner,English,102619-NI,49,4.083333333,titrated,2,2,"Schneider, R.M., Feiman, R., & Barner, D. (unpublished dataset).",CP,4,
77,SchneiderBarner_20xx,Barner,English,102619-NI,49,4.083333333,titrated,3,3,"Schneider, R.M., Feiman, R., & Barner, D. (unpublished dataset).",CP,4,
78,SchneiderBarner_20xx,Barner,English,102619-NI,49,4.083333333,titrated,4,4,"Schneider, R.M., Feiman, R., & Barner, D. (unpublished dataset).",CP,4,
79,SchneiderBarner_20xx,Barner,English,102619-NI,49,4.083333333,titrated,5,4,"Schneider, R.M., Feiman, R., & Barner, D. (unpublished dataset).",CP,4,
80,SchneiderBarner_20xx,Barner,English,102619-NI,49,4.083333333,titrated,4,4,"Schneider, R.M., Feiman, R., & Barner, D. (unpublished dataset).",CP,4,
81,SchneiderBarner_20xx,Barner,English,102619-NI,49,4.083333333,titrated,5,5,"Schneider, R.M., Feiman, R., & Barner, D. (unpublished dataset).",CP,4,
82,SchneiderBarner_20xx,Barner,English,102619-NI,49,4.083333333,titrated,6,6,"Schneider, R.M., Feiman, R., & Barner, D. (unpublished dataset).",CP,4,
83,SchneiderBarner_20xx,Barner,English,102619-NI,49,4.083333333,titrated,6,6,"Schneider, R.M., Feiman, R., & Barner, D. (unpublished dataset).",CP,4,
84,SchneiderBarner_20xx,Barner,English,102619-NI,49,4.083333333,titrated,6,6,"Schneider, R.M., Feiman, R., & Barner, D. (unpublished dataset).",CP,4,
85,SchneiderBarner_20xx,Barner,English,112119-ZM,40,3.333333333,titrated,1,1,"Schneider, R.M., Feiman, R., & Barner, D. (unpublished dataset).",CP,3,Stymied by error at 4
86,SchneiderBarner_20xx,Barner,English,112119-ZM,40,3.333333333,titrated,2,2,"Schneider, R.M., Feiman, R., & Barner, D. (unpublished dataset).",CP,3,
87,SchneiderBarner_20xx,Barner,English,112119-ZM,40,3.333333333,titrated,3,3,"Schneider, R.M., Feiman, R., & Barner, D. (unpublished dataset).",CP,3,
88,SchneiderBarner_20xx,Barner,English,112119-ZM,40,3.333333333,titrated,4,3,"Schneider, R.M., Feiman, R., & Barner, D. (unpublished dataset).",CP,3,
89,SchneiderBarner_20xx,Barner,English,112119-ZM,40,3.333333333,titrated,3,3,"Schneider, R.M., Feiman, R., & Barner, D. (unpublished dataset).",CP,3,
90,SchneiderBarner_20xx,Barner,English,112119-ZM,40,3.333333333,titrated,4,4,"Schneider, R.M., Feiman, R., & Barner, D. (unpublished dataset).",CP,3,
91,SchneiderBarner_20xx,Barner,English,112119-ZM,40,3.333333333,titrated,5,5,"Schneider, R.M., Feiman, R., & Barner, D. (unpublished dataset).",CP,3,
92,SchneiderBarner_20xx,Barner,English,112119-ZM,40,3.333333333,titrated,6,6,"Schneider, R.M., Feiman, R., & Barner, D. (unpublished dataset).",CP,3,
93,SchneiderBarner_20xx,Barner,English,112119-ZM,40,3.333333333,titrated,6,6,"Schneider, R.M., Feiman, R., & Barner, D. (unpublished dataset).",CP,3,
94,SchneiderBarner_20xx,Barner,English,112119-ZM,40,3.333333333,titrated,6,6,"Schneider, R.M., Feiman, R., & Barner, D. (unpublished dataset).",CP,3,
95,SchneiderBarner_20xx,Barner,English,12620-J,47,3.916666667,titrated,1,1,"Schneider, R.M., Feiman, R., & Barner, D. (unpublished dataset).",5,3,Stymied by error at 4
96,SchneiderBarner_20xx,Barner,English,12620-J,47,3.916666667,titrated,2,2,"Schneider, R.M., Feiman, R., & Barner, D. (unpublished dataset).",5,3,
97,SchneiderBarner_20xx,Barner,English,12620-J,47,3.916666667,titrated,3,3,"Schneider, R.M., Feiman, R., & Barner, D. (unpublished dataset).",5,3,
98,SchneiderBarner_20xx,Barner,English,12620-J,47,3.916666667,titrated,4,4,"Schneider, R.M., Feiman, R., & Barner, D. (unpublished dataset).",5,3,
99,SchneiderBarner_20xx,Barner,English,12620-J,47,3.916666667,titrated,5,5,"Schneider, R.M., Feiman, R., & Barner, D. (unpublished dataset).",5,3,
100,SchneiderBarner_20xx,Barner,English,12620-J,47,3.916666667,titrated,6,6,"Schneider, R.M., Feiman, R., & Barner, D. (unpublished dataset).",5,3,
101,SchneiderBarner_20xx,Barner,English,12620-J,47,3.916666667,titrated,6,4,"Schneider, R.M., Feiman, R., & Barner, D. (unpublished dataset).",5,3,
102,SchneiderBarner_20xx,Barner,English,12620-J,47,3.916666667,titrated,5,5,"Schneider, R.M., Feiman, R., & Barner, D. (unpublished dataset).",5,3,
103,SchneiderBarner_20xx,Barner,English,12620-J,47,3.916666667,titrated,6,5,"Schneider, R.M., Feiman, R., & Barner, D. (unpublished dataset).",5,3,
104,SchneiderBarner_20xx,Barner,English,12620-J,47,3.916666667,titrated,5,5,"Schneider, R.M., Feiman, R., & Barner, D. (unpublished dataset).",5,3,
105,SchneiderBarner_20xx,Barner,English,12620-H2,48,4,titrated,1,1,"Schneider, R.M., Feiman, R., & Barner, D. (unpublished dataset).",CP,3,Gets stymied by error at 4
106,SchneiderBarner_20xx,Barner,English,12620-H2,48,4,titrated,2,2,"Schneider, R.M., Feiman, R., & Barner, D. (unpublished dataset).",CP,3,
107,SchneiderBarner_20xx,Barner,English,12620-H2,48,4,titrated,3,3,"Schneider, R.M., Feiman, R., & Barner, D. (unpublished dataset).",CP,3,
108,SchneiderBarner_20xx,Barner,English,12620-H2,48,4,titrated,4,6,"Schneider, R.M., Feiman, R., & Barner, D. (unpublished dataset).",CP,3,
109,SchneiderBarner_20xx,Barner,English,12620-H2,48,4,titrated,3,5,"Schneider, R.M., Feiman, R., & Barner, D. (unpublished dataset).",CP,3,
110,SchneiderBarner_20xx,Barner,English,12620-H2,48,4,titrated,3,3,"Schneider, R.M., Feiman, R., & Barner, D. (unpublished dataset).",CP,3,
111,SchneiderBarner_20xx,Barner,English,12620-H2,48,4,titrated,4,4,"Schneider, R.M., Feiman, R., & Barner, D. (unpublished dataset).",CP,3,
112,SchneiderBarner_20xx,Barner,English,12620-H2,48,4,titrated,5,5,"Schneider, R.M., Feiman, R., & Barner, D. (unpublished dataset).",CP,3,
113,SchneiderBarner_20xx,Barner,English,12620-H2,48,4,titrated,6,6,"Schneider, R.M., Feiman, R., & Barner, D. (unpublished dataset).",CP,3,
114,SchneiderBarner_20xx,Barner,English,12620-H2,48,4,titrated,6,6,"Schneider, R.M., Feiman, R., & Barner, D. (unpublished dataset).",CP,3,
115,SchneiderBarner_20xx,Barner,English,12620-L,49,4.083333333,titrated,1,1,"Schneider, R.M., Feiman, R., & Barner, D. (unpublished dataset).",4,2,Gets stymied by error at 3
116,SchneiderBarner_20xx,Barner,English,12620-L,49,4.083333333,titrated,2,2,"Schneider, R.M., Feiman, R., & Barner, D. (unpublished dataset).",4,2,
117,SchneiderBarner_20xx,Barner,English,12620-L,49,4.083333333,titrated,3,7,"Schneider, R.M., Feiman, R., & Barner, D. (unpublished dataset).",4,2,
118,SchneiderBarner_20xx,Barner,English,12620-L,49,4.083333333,titrated,2,2,"Schneider, R.M., Feiman, R., & Barner, D. (unpublished dataset).",4,2,
119,SchneiderBarner_20xx,Barner,English,12620-L,49,4.083333333,titrated,3,3,"Schneider, R.M., Feiman, R., & Barner, D. (unpublished dataset).",4,2,
120,SchneiderBarner_20xx,Barner,English,12620-L,49,4.083333333,titrated,4,4,"Schneider, R.M., Feiman, R., & Barner, D. (unpublished dataset).",4,2,
121,SchneiderBarner_20xx,Barner,English,12620-L,49,4.083333333,titrated,5,8,"Schneider, R.M., Feiman, R., & Barner, D. (unpublished dataset).",4,2,
122,SchneiderBarner_20xx,Barner,English,12620-L,49,4.083333333,titrated,4,4,"Schneider, R.M., Feiman, R., & Barner, D. (unpublished dataset).",4,2,
123,SchneiderBarner_20xx,Barner,English,12620-L,49,4.083333333,titrated,5,10,"Schneider, R.M., Feiman, R., & Barner, D. (unpublished dataset).",4,2,
124,SchneiderBarner_20xx,Barner,English,12620-L,49,4.083333333,titrated,4,4,"Schneider, R.M., Feiman, R., & Barner, D. (unpublished dataset).",4,2,
125,SchneiderBarner_20xx,Barner,English,020520-JB2,38,3.166666667,titrated,1,10,"Schneider, R.M., Feiman, R., & Barner, D. (unpublished dataset).",3,0,"Technically meets criteria for 3, but unclear whether they know 2"
126,SchneiderBarner_20xx,Barner,English,020520-JB2,38,3.166666667,titrated,1,1,"Schneider, R.M., Feiman, R., & Barner, D. (unpublished dataset).",3,0,
127,SchneiderBarner_20xx,Barner,English,020520-JB2,38,3.166666667,titrated,2,2,"Schneider, R.M., Feiman, R., & Barner, D. (unpublished dataset).",3,0,
128,SchneiderBarner_20xx,Barner,English,020520-JB2,38,3.166666667,titrated,3,3,"Schneider, R.M., Feiman, R., & Barner, D. (unpublished dataset).",3,0,
129,SchneiderBarner_20xx,Barner,English,020520-JB2,38,3.166666667,titrated,4,2,"Schneider, R.M., Feiman, R., & Barner, D. (unpublished dataset).",3,0,
130,SchneiderBarner_20xx,Barner,English,020520-JB2,38,3.166666667,titrated,3,3,"Schneider, R.M., Feiman, R., & Barner, D. (unpublished dataset).",3,0,
131,SchneiderBarner_20xx,Barner,English,020520-JB2,38,3.166666667,titrated,4,10,"Schneider, R.M., Feiman, R., & Barner, D. (unpublished dataset).",3,0,
132,SchneiderBarner_20xx,Barner,English,020520-JB2,38,3.166666667,titrated,3,10,"Schneider, R.M., Feiman, R., & Barner, D. (unpublished dataset).",3,0,
133,SchneiderBarner_20xx,Barner,English,020520-JB2,38,3.166666667,titrated,2,2,"Schneider, R.M., Feiman, R., & Barner, D. (unpublished dataset).",3,0,
134,SchneiderBarner_20xx,Barner,English,020520-JB2,38,3.166666667,titrated,3,3,"Schneider, R.M., Feiman, R., & Barner, D. (unpublished dataset).",3,0,
135,SchneiderBarner_20xx,Barner,English,020520-JB2,38,3.166666667,titrated,4,4,"Schneider, R.M., Feiman, R., & Barner, D. (unpublished dataset).",3,0,
136,SchneiderBarner_20xx,Barner,English,020720-LM,49,4.083333333,titrated,1,1,"Schneider, R.M., Feiman, R., & Barner, D. (unpublished dataset).",5,3,Gets stymied by error at 4
137,SchneiderBarner_20xx,Barner,English,020720-LM,49,4.083333333,titrated,2,2,"Schneider, R.M., Feiman, R., & Barner, D. (unpublished dataset).",5,3,
138,SchneiderBarner_20xx,Barner,English,020720-LM,49,4.083333333,titrated,3,3,"Schneider, R.M., Feiman, R., & Barner, D. (unpublished dataset).",5,3,
139,SchneiderBarner_20xx,Barner,English,020720-LM,49,4.083333333,titrated,4,4,"Schneider, R.M., Feiman, R., & Barner, D. (unpublished dataset).",5,3,
140,SchneiderBarner_20xx,Barner,English,020720-LM,49,4.083333333,titrated,5,5,"Schneider, R.M., Feiman, R., & Barner, D. (unpublished dataset).",5,3,
141,SchneiderBarner_20xx,Barner,English,020720-LM,49,4.083333333,titrated,6,4,"Schneider, R.M., Feiman, R., & Barner, D. (unpublished dataset).",5,3,
142,SchneiderBarner_20xx,Barner,English,020720-LM,49,4.083333333,titrated,5,5,"Schneider, R.M., Feiman, R., & Barner, D. (unpublished dataset).",5,3,
143,SchneiderBarner_20xx,Barner,English,020720-LM,49,4.083333333,titrated,6,6,"Schneider, R.M., Feiman, R., & Barner, D. (unpublished dataset).",5,3,
144,SchneiderBarner_20xx,Barner,English,020720-LM,49,4.083333333,titrated,6,7,"Schneider, R.M., Feiman, R., & Barner, D. (unpublished dataset).",5,3,
145,SchneiderBarner_20xx,Barner,English,020720-LM,49,4.083333333,titrated,5,5,"Schneider, R.M., Feiman, R., & Barner, D. (unpublished dataset).",5,3,
146,SchneiderEtAl_20xx,Barner,English,022619-D,32,2.666666667,titrated,1,1,"Schneider, R. M., Pankonin, A. H., Schachner, A., & Barner, D. (2020, September 23). Starting small: Exploring the origins of successor function knowledge. https://doi.org/10.31234/osf.io/3zngr.",3,1,"This kid is tricky - if I had to reclassify I would say 1, but it feels borderline"
147,SchneiderEtAl_20xx,Barner,English,022619-D,32,2.666666667,titrated,2,2,"Schneider, R. M., Pankonin, A. H., Schachner, A., & Barner, D. (2020, September 23). Starting small: Exploring the origins of successor function knowledge. https://doi.org/10.31234/osf.io/3zngr.",3,1,
148,SchneiderEtAl_20xx,Barner,English,022619-D,32,2.666666667,titrated,3,3,"Schneider, R. M., Pankonin, A. H., Schachner, A., & Barner, D. (2020, September 23). Starting small: Exploring the origins of successor function knowledge. https://doi.org/10.31234/osf.io/3zngr.",3,1,
149,SchneiderEtAl_20xx,Barner,English,022619-D,32,2.666666667,titrated,4,3,"Schneider, R. M., Pankonin, A. H., Schachner, A., & Barner, D. (2020, September 23). Starting small: Exploring the origins of successor function knowledge. https://doi.org/10.31234/osf.io/3zngr.",3,1,
150,SchneiderEtAl_20xx,Barner,English,022619-D,32,2.666666667,titrated,3,3,"Schneider, R. M., Pankonin, A. H., Schachner, A., & Barner, D. (2020, September 23). Starting small: Exploring the origins of successor function knowledge. https://doi.org/10.31234/osf.io/3zngr.",3,1,
151,SchneiderEtAl_20xx,Barner,English,022619-D,32,2.666666667,titrated,4,2,"Schneider, R. M., Pankonin, A. H., Schachner, A., & Barner, D. (2020, September 23). Starting small: Exploring the origins of successor function knowledge. https://doi.org/10.31234/osf.io/3zngr.",3,1,
152,SchneiderEtAl_20xx,Barner,English,022619-D,32,2.666666667,titrated,3,3,"Schneider, R. M., Pankonin, A. H., Schachner, A., & Barner, D. (2020, September 23). Starting small: Exploring the origins of successor function knowledge. https://doi.org/10.31234/osf.io/3zngr.",3,1,
153,SchneiderEtAl_20xx,Barner,English,022619-D,32,2.666666667,titrated,4,3,"Schneider, R. M., Pankonin, A. H., Schachner, A., & Barner, D. (2020, September 23). Starting small: Exploring the origins of successor function knowledge. https://doi.org/10.31234/osf.io/3zngr.",3,1,
154,SchneiderEtAl_20xx,Barner,English,030619-T,46,3.833333333,titrated,1,1,"Schneider, R. M., Pankonin, A. H., Schachner, A., & Barner, D. (2020, September 23). Starting small: Exploring the origins of successor function knowledge. https://doi.org/10.31234/osf.io/3zngr.",4,2,Error on 3 
155,SchneiderEtAl_20xx,Barner,English,030619-T,46,3.833333333,titrated,2,2,"Schneider, R. M., Pankonin, A. H., Schachner, A., & Barner, D. (2020, September 23). Starting small: Exploring the origins of successor function knowledge. https://doi.org/10.31234/osf.io/3zngr.",4,2,
156,SchneiderEtAl_20xx,Barner,English,030619-T,46,3.833333333,titrated,3,3,"Schneider, R. M., Pankonin, A. H., Schachner, A., & Barner, D. (2020, September 23). Starting small: Exploring the origins of successor function knowledge. https://doi.org/10.31234/osf.io/3zngr.",4,2,
157,SchneiderEtAl_20xx,Barner,English,030619-T,46,3.833333333,titrated,4,4,"Schneider, R. M., Pankonin, A. H., Schachner, A., & Barner, D. (2020, September 23). Starting small: Exploring the origins of successor function knowledge. https://doi.org/10.31234/osf.io/3zngr.",4,2,
158,SchneiderEtAl_20xx,Barner,English,030619-T,46,3.833333333,titrated,5,6,"Schneider, R. M., Pankonin, A. H., Schachner, A., & Barner, D. (2020, September 23). Starting small: Exploring the origins of successor function knowledge. https://doi.org/10.31234/osf.io/3zngr.",4,2,
159,SchneiderEtAl_20xx,Barner,English,030619-T,46,3.833333333,titrated,4,4,"Schneider, R. M., Pankonin, A. H., Schachner, A., & Barner, D. (2020, September 23). Starting small: Exploring the origins of successor function knowledge. https://doi.org/10.31234/osf.io/3zngr.",4,2,
160,SchneiderEtAl_20xx,Barner,English,030619-T,46,3.833333333,titrated,5,5,"Schneider, R. M., Pankonin, A. H., Schachner, A., & Barner, D. (2020, September 23). Starting small: Exploring the origins of successor function knowledge. https://doi.org/10.31234/osf.io/3zngr.",4,2,
161,SchneiderEtAl_20xx,Barner,English,030619-T,46,3.833333333,titrated,6,3,"Schneider, R. M., Pankonin, A. H., Schachner, A., & Barner, D. (2020, September 23). Starting small: Exploring the origins of successor function knowledge. https://doi.org/10.31234/osf.io/3zngr.",4,2,
162,SchneiderEtAl_20xx,Barner,English,032619-D,36,3,titrated,1,1,"Schneider, R. M., Pankonin, A. H., Schachner, A., & Barner, D. (2020, September 23). Starting small: Exploring the origins of successor function knowledge. https://doi.org/10.31234/osf.io/3zngr.",CP,2,Error on 3 but likely CP
163,SchneiderEtAl_20xx,Barner,English,032619-D,36,3,titrated,2,2,"Schneider, R. M., Pankonin, A. H., Schachner, A., & Barner, D. (2020, September 23). Starting small: Exploring the origins of successor function knowledge. https://doi.org/10.31234/osf.io/3zngr.",CP,2,
164,SchneiderEtAl_20xx,Barner,English,032619-D,36,3,titrated,3,3,"Schneider, R. M., Pankonin, A. H., Schachner, A., & Barner, D. (2020, September 23). Starting small: Exploring the origins of successor function knowledge. https://doi.org/10.31234/osf.io/3zngr.",CP,2,
165,SchneiderEtAl_20xx,Barner,English,032619-D,36,3,titrated,4,4,"Schneider, R. M., Pankonin, A. H., Schachner, A., & Barner, D. (2020, September 23). Starting small: Exploring the origins of successor function knowledge. https://doi.org/10.31234/osf.io/3zngr.",CP,2,
166,SchneiderEtAl_20xx,Barner,English,032619-D,36,3,titrated,5,5,"Schneider, R. M., Pankonin, A. H., Schachner, A., & Barner, D. (2020, September 23). Starting small: Exploring the origins of successor function knowledge. https://doi.org/10.31234/osf.io/3zngr.",CP,2,
167,SchneiderEtAl_20xx,Barner,English,032619-D,36,3,titrated,6,3,"Schneider, R. M., Pankonin, A. H., Schachner, A., & Barner, D. (2020, September 23). Starting small: Exploring the origins of successor function knowledge. https://doi.org/10.31234/osf.io/3zngr.",CP,2,
168,SchneiderEtAl_20xx,Barner,English,032619-D,36,3,titrated,5,5,"Schneider, R. M., Pankonin, A. H., Schachner, A., & Barner, D. (2020, September 23). Starting small: Exploring the origins of successor function knowledge. https://doi.org/10.31234/osf.io/3zngr.",CP,2,
169,SchneiderEtAl_20xx,Barner,English,032619-D,36,3,titrated,6,6,"Schneider, R. M., Pankonin, A. H., Schachner, A., & Barner, D. (2020, September 23). Starting small: Exploring the origins of successor function knowledge. https://doi.org/10.31234/osf.io/3zngr.",CP,2,
170,SchneiderEtAl_20xx,Barner,English,032619-D,36,3,titrated,6,6,"Schneider, R. M., Pankonin, A. H., Schachner, A., & Barner, D. (2020, September 23). Starting small: Exploring the origins of successor function knowledge. https://doi.org/10.31234/osf.io/3zngr.",CP,2,
171,SchneiderEtAl_20xx,Barner,English,040219-JQ,43,3.583333333,titrated,1,1,"Schneider, R. M., Pankonin, A. H., Schachner, A., & Barner, D. (2020, September 23). Starting small: Exploring the origins of successor function knowledge. https://doi.org/10.31234/osf.io/3zngr.",3,0,"Tricky one, but I would still say 3"
172,SchneiderEtAl_20xx,Barner,English,040219-JQ,43,3.583333333,titrated,2,2,"Schneider, R. M., Pankonin, A. H., Schachner, A., & Barner, D. (2020, September 23). Starting small: Exploring the origins of successor function knowledge. https://doi.org/10.31234/osf.io/3zngr.",3,0,
173,SchneiderEtAl_20xx,Barner,English,040219-JQ,43,3.583333333,titrated,3,3,"Schneider, R. M., Pankonin, A. H., Schachner, A., & Barner, D. (2020, September 23). Starting small: Exploring the origins of successor function knowledge. https://doi.org/10.31234/osf.io/3zngr.",3,0,
174,SchneiderEtAl_20xx,Barner,English,040219-JQ,43,3.583333333,titrated,4,1,"Schneider, R. M., Pankonin, A. H., Schachner, A., & Barner, D. (2020, September 23). Starting small: Exploring the origins of successor function knowledge. https://doi.org/10.31234/osf.io/3zngr.",3,0,
175,SchneiderEtAl_20xx,Barner,English,040219-JQ,43,3.583333333,titrated,3,2,"Schneider, R. M., Pankonin, A. H., Schachner, A., & Barner, D. (2020, September 23). Starting small: Exploring the origins of successor function knowledge. https://doi.org/10.31234/osf.io/3zngr.",3,0,
176,SchneiderEtAl_20xx,Barner,English,040219-JQ,43,3.583333333,titrated,2,2,"Schneider, R. M., Pankonin, A. H., Schachner, A., & Barner, D. (2020, September 23). Starting small: Exploring the origins of successor function knowledge. https://doi.org/10.31234/osf.io/3zngr.",3,0,
177,SchneiderEtAl_20xx,Barner,English,040219-JQ,43,3.583333333,titrated,3,3,"Schneider, R. M., Pankonin, A. H., Schachner, A., & Barner, D. (2020, September 23). Starting small: Exploring the origins of successor function knowledge. https://doi.org/10.31234/osf.io/3zngr.",3,0,
178,SchneiderEtAl_20xx,Barner,English,041719-LC,41,3.416666667,titrated,1,1,"Schneider, R. M., Pankonin, A. H., Schachner, A., & Barner, D. (2020, September 23). Starting small: Exploring the origins of successor function knowledge. https://doi.org/10.31234/osf.io/3zngr.",CP,1,Error on 2 but likely CP
179,SchneiderEtAl_20xx,Barner,English,041719-LC,41,3.416666667,titrated,2,1,"Schneider, R. M., Pankonin, A. H., Schachner, A., & Barner, D. (2020, September 23). Starting small: Exploring the origins of successor function knowledge. https://doi.org/10.31234/osf.io/3zngr.",CP,1,
180,SchneiderEtAl_20xx,Barner,English,041719-LC,41,3.416666667,titrated,1,1,"Schneider, R. M., Pankonin, A. H., Schachner, A., & Barner, D. (2020, September 23). Starting small: Exploring the origins of successor function knowledge. https://doi.org/10.31234/osf.io/3zngr.",CP,1,
181,SchneiderEtAl_20xx,Barner,English,041719-LC,41,3.416666667,titrated,2,2,"Schneider, R. M., Pankonin, A. H., Schachner, A., & Barner, D. (2020, September 23). Starting small: Exploring the origins of successor function knowledge. https://doi.org/10.31234/osf.io/3zngr.",CP,1,
182,SchneiderEtAl_20xx,Barner,English,041719-LC,41,3.416666667,titrated,3,3,"Schneider, R. M., Pankonin, A. H., Schachner, A., & Barner, D. (2020, September 23). Starting small: Exploring the origins of successor function knowledge. https://doi.org/10.31234/osf.io/3zngr.",CP,1,
183,SchneiderEtAl_20xx,Barner,English,041719-LC,41,3.416666667,titrated,4,4,"Schneider, R. M., Pankonin, A. H., Schachner, A., & Barner, D. (2020, September 23). Starting small: Exploring the origins of successor function knowledge. https://doi.org/10.31234/osf.io/3zngr.",CP,1,
184,SchneiderEtAl_20xx,Barner,English,041719-LC,41,3.416666667,titrated,5,5,"Schneider, R. M., Pankonin, A. H., Schachner, A., & Barner, D. (2020, September 23). Starting small: Exploring the origins of successor function knowledge. https://doi.org/10.31234/osf.io/3zngr.",CP,1,
185,SchneiderEtAl_20xx,Barner,English,041719-LC,41,3.416666667,titrated,6,6,"Schneider, R. M., Pankonin, A. H., Schachner, A., & Barner, D. (2020, September 23). Starting small: Exploring the origins of successor function knowledge. https://doi.org/10.31234/osf.io/3zngr.",CP,1,
186,SchneiderEtAl_20xx,Barner,English,041719-LC,41,3.416666667,titrated,6,6,"Schneider, R. M., Pankonin, A. H., Schachner, A., & Barner, D. (2020, September 23). Starting small: Exploring the origins of successor function knowledge. https://doi.org/10.31234/osf.io/3zngr.",CP,1,
187,SchneiderEtAl_20xx,Barner,English,071019-K,43,3.583333333,titrated,1,1,"Schneider, R. M., Pankonin, A. H., Schachner, A., & Barner, D. (2020, September 23). Starting small: Exploring the origins of successor function knowledge. https://doi.org/10.31234/osf.io/3zngr.",CP,3,Error on 4 but likely CP
188,SchneiderEtAl_20xx,Barner,English,071019-K,43,3.583333333,titrated,2,2,"Schneider, R. M., Pankonin, A. H., Schachner, A., & Barner, D. (2020, September 23). Starting small: Exploring the origins of successor function knowledge. https://doi.org/10.31234/osf.io/3zngr.",CP,3,
189,SchneiderEtAl_20xx,Barner,English,071019-K,43,3.583333333,titrated,3,3,"Schneider, R. M., Pankonin, A. H., Schachner, A., & Barner, D. (2020, September 23). Starting small: Exploring the origins of successor function knowledge. https://doi.org/10.31234/osf.io/3zngr.",CP,3,
190,SchneiderEtAl_20xx,Barner,English,071019-K,43,3.583333333,titrated,4,5,"Schneider, R. M., Pankonin, A. H., Schachner, A., & Barner, D. (2020, September 23). Starting small: Exploring the origins of successor function knowledge. https://doi.org/10.31234/osf.io/3zngr.",CP,3,
191,SchneiderEtAl_20xx,Barner,English,071019-K,43,3.583333333,titrated,3,3,"Schneider, R. M., Pankonin, A. H., Schachner, A., & Barner, D. (2020, September 23). Starting small: Exploring the origins of successor function knowledge. https://doi.org/10.31234/osf.io/3zngr.",CP,3,
192,SchneiderEtAl_20xx,Barner,English,071019-K,43,3.583333333,titrated,4,4,"Schneider, R. M., Pankonin, A. H., Schachner, A., & Barner, D. (2020, September 23). Starting small: Exploring the origins of successor function knowledge. https://doi.org/10.31234/osf.io/3zngr.",CP,3,
193,SchneiderEtAl_20xx,Barner,English,071019-K,43,3.583333333,titrated,5,5,"Schneider, R. M., Pankonin, A. H., Schachner, A., & Barner, D. (2020, September 23). Starting small: Exploring the origins of successor function knowledge. https://doi.org/10.31234/osf.io/3zngr.",CP,3,
194,SchneiderEtAl_20xx,Barner,English,071019-K,43,3.583333333,titrated,6,6,"Schneider, R. M., Pankonin, A. H., Schachner, A., & Barner, D. (2020, September 23). Starting small: Exploring the origins of successor function knowledge. https://doi.org/10.31234/osf.io/3zngr.",CP,3,
195,SchneiderEtAl_20xx,Barner,English,071019-K,43,3.583333333,titrated,6,6,"Schneider, R. M., Pankonin, A. H., Schachner, A., & Barner, D. (2020, September 23). Starting small: Exploring the origins of successor function knowledge. https://doi.org/10.31234/osf.io/3zngr.",CP,3,
196,SchneiderEtAl_20xx,Barner,English,062719-GA,46,3.833333333,titrated,1,1,"Schneider, R. M., Pankonin, A. H., Schachner, A., & Barner, D. (2020, September 23). Starting small: Exploring the origins of successor function knowledge. https://doi.org/10.31234/osf.io/3zngr.",CP,3,Gets an error on 4
197,SchneiderEtAl_20xx,Barner,English,062719-GA,46,3.833333333,titrated,2,2,"Schneider, R. M., Pankonin, A. H., Schachner, A., & Barner, D. (2020, September 23). Starting small: Exploring the origins of successor function knowledge. https://doi.org/10.31234/osf.io/3zngr.",CP,3,
198,SchneiderEtAl_20xx,Barner,English,062719-GA,46,3.833333333,titrated,3,3,"Schneider, R. M., Pankonin, A. H., Schachner, A., & Barner, D. (2020, September 23). Starting small: Exploring the origins of successor function knowledge. https://doi.org/10.31234/osf.io/3zngr.",CP,3,
199,SchneiderEtAl_20xx,Barner,English,062719-GA,46,3.833333333,titrated,4,4,"Schneider, R. M., Pankonin, A. H., Schachner, A., & Barner, D. (2020, September 23). Starting small: Exploring the origins of successor function knowledge. https://doi.org/10.31234/osf.io/3zngr.",CP,3,
200,SchneiderEtAl_20xx,Barner,English,062719-GA,46,3.833333333,titrated,5,5,"Schneider, R. M., Pankonin, A. H., Schachner, A., & Barner, D. (2020, September 23). Starting small: Exploring the origins of successor function knowledge. https://doi.org/10.31234/osf.io/3zngr.",CP,3,
201,SchneiderEtAl_20xx,Barner,English,062719-GA,46,3.833333333,titrated,6,6,"Schneider, R. M., Pankonin, A. H., Schachner, A., & Barner, D. (2020, September 23). Starting small: Exploring the origins of successor function knowledge. https://doi.org/10.31234/osf.io/3zngr.",CP,3,
202,SchneiderEtAl_20xx,Barner,English,062719-GA,46,3.833333333,titrated,6,6,"Schneider, R. M., Pankonin, A. H., Schachner, A., & Barner, D. (2020, September 23). Starting small: Exploring the origins of successor function knowledge. https://doi.org/10.31234/osf.io/3zngr.",CP,3,
203,SchneiderEtAl_20xx,Barner,English,062719-GA,46,3.833333333,titrated,6,4,"Schneider, R. M., Pankonin, A. H., Schachner, A., & Barner, D. (2020, September 23). Starting small: Exploring the origins of successor function knowledge. https://doi.org/10.31234/osf.io/3zngr.",CP,3,
204,SchneiderEtAl_20xx,Barner,English,061219-IS,31,2.583333333,titrated,1,1,"Schneider, R. M., Pankonin, A. H., Schachner, A., & Barner, D. (2020, September 23). Starting small: Exploring the origins of successor function knowledge. https://doi.org/10.31234/osf.io/3zngr.",3,1,"A little tricky, but I would say 3 for this kid"
205,SchneiderEtAl_20xx,Barner,English,061219-IS,31,2.583333333,titrated,2,2,"Schneider, R. M., Pankonin, A. H., Schachner, A., & Barner, D. (2020, September 23). Starting small: Exploring the origins of successor function knowledge. https://doi.org/10.31234/osf.io/3zngr.",3,1,
206,SchneiderEtAl_20xx,Barner,English,061219-IS,31,2.583333333,titrated,3,3,"Schneider, R. M., Pankonin, A. H., Schachner, A., & Barner, D. (2020, September 23). Starting small: Exploring the origins of successor function knowledge. https://doi.org/10.31234/osf.io/3zngr.",3,1,
207,SchneiderEtAl_20xx,Barner,English,061219-IS,31,2.583333333,titrated,4,4,"Schneider, R. M., Pankonin, A. H., Schachner, A., & Barner, D. (2020, September 23). Starting small: Exploring the origins of successor function knowledge. https://doi.org/10.31234/osf.io/3zngr.",3,1,
208,SchneiderEtAl_20xx,Barner,English,061219-IS,31,2.583333333,titrated,5,4,"Schneider, R. M., Pankonin, A. H., Schachner, A., & Barner, D. (2020, September 23). Starting small: Exploring the origins of successor function knowledge. https://doi.org/10.31234/osf.io/3zngr.",3,1,
209,SchneiderEtAl_20xx,Barner,English,061219-IS,31,2.583333333,titrated,4,2,"Schneider, R. M., Pankonin, A. H., Schachner, A., & Barner, D. (2020, September 23). Starting small: Exploring the origins of successor function knowledge. https://doi.org/10.31234/osf.io/3zngr.",3,1,
210,SchneiderEtAl_20xx,Barner,English,061219-IS,31,2.583333333,titrated,3,3,"Schneider, R. M., Pankonin, A. H., Schachner, A., & Barner, D. (2020, September 23). Starting small: Exploring the origins of successor function knowledge. https://doi.org/10.31234/osf.io/3zngr.",3,1,
211,SchneiderEtAl_20xx,Barner,English,061219-IS,31,2.583333333,titrated,4,3,"Schneider, R. M., Pankonin, A. H., Schachner, A., & Barner, D. (2020, September 23). Starting small: Exploring the origins of successor function knowledge. https://doi.org/10.31234/osf.io/3zngr.",3,1,
212,SchneiderEtAl_20xx,Barner,English,061219-IS,31,2.583333333,titrated,3,3,"Schneider, R. M., Pankonin, A. H., Schachner, A., & Barner, D. (2020, September 23). Starting small: Exploring the origins of successor function knowledge. https://doi.org/10.31234/osf.io/3zngr.",3,1,
213,SchneiderEtAl_20xx,Barner,English,061219-FL,33,2.75,titrated,1,1,"Schneider, R. M., Pankonin, A. H., Schachner, A., & Barner, D. (2020, September 23). Starting small: Exploring the origins of successor function knowledge. https://doi.org/10.31234/osf.io/3zngr.",CP,4,Error on 5 but likely CP
214,SchneiderEtAl_20xx,Barner,English,061219-FL,33,2.75,titrated,2,2,"Schneider, R. M., Pankonin, A. H., Schachner, A., & Barner, D. (2020, September 23). Starting small: Exploring the origins of successor function knowledge. https://doi.org/10.31234/osf.io/3zngr.",CP,4,
215,SchneiderEtAl_20xx,Barner,English,061219-FL,33,2.75,titrated,3,3,"Schneider, R. M., Pankonin, A. H., Schachner, A., & Barner, D. (2020, September 23). Starting small: Exploring the origins of successor function knowledge. https://doi.org/10.31234/osf.io/3zngr.",CP,4,
216,SchneiderEtAl_20xx,Barner,English,061219-FL,33,2.75,titrated,4,4,"Schneider, R. M., Pankonin, A. H., Schachner, A., & Barner, D. (2020, September 23). Starting small: Exploring the origins of successor function knowledge. https://doi.org/10.31234/osf.io/3zngr.",CP,4,
217,SchneiderEtAl_20xx,Barner,English,061219-FL,33,2.75,titrated,5,7,"Schneider, R. M., Pankonin, A. H., Schachner, A., & Barner, D. (2020, September 23). Starting small: Exploring the origins of successor function knowledge. https://doi.org/10.31234/osf.io/3zngr.",CP,4,
218,SchneiderEtAl_20xx,Barner,English,061219-FL,33,2.75,titrated,4,4,"Schneider, R. M., Pankonin, A. H., Schachner, A., & Barner, D. (2020, September 23). Starting small: Exploring the origins of successor function knowledge. https://doi.org/10.31234/osf.io/3zngr.",CP,4,
219,SchneiderEtAl_20xx,Barner,English,061219-FL,33,2.75,titrated,5,5,"Schneider, R. M., Pankonin, A. H., Schachner, A., & Barner, D. (2020, September 23). Starting small: Exploring the origins of successor function knowledge. https://doi.org/10.31234/osf.io/3zngr.",CP,4,
220,SchneiderEtAl_20xx,Barner,English,061219-FL,33,2.75,titrated,6,6,"Schneider, R. M., Pankonin, A. H., Schachner, A., & Barner, D. (2020, September 23). Starting small: Exploring the origins of successor function knowledge. https://doi.org/10.31234/osf.io/3zngr.",CP,4,
221,SchneiderEtAl_20xx,Barner,English,061219-FL,33,2.75,titrated,6,6,"Schneider, R. M., Pankonin, A. H., Schachner, A., & Barner, D. (2020, September 23). Starting small: Exploring the origins of successor function knowledge. https://doi.org/10.31234/osf.io/3zngr.",CP,4,
222,SchneiderEtAl_20xx,Barner,English,060419-R,37,3.083333333,titrated,1,1,"Schneider, R. M., Pankonin, A. H., Schachner, A., & Barner, D. (2020, September 23). Starting small: Exploring the origins of successor function knowledge. https://doi.org/10.31234/osf.io/3zngr.",2,3,"Technically meets criteria for 3, but I would maybe call this kid 2"
223,SchneiderEtAl_20xx,Barner,English,060419-R,37,3.083333333,titrated,2,2,"Schneider, R. M., Pankonin, A. H., Schachner, A., & Barner, D. (2020, September 23). Starting small: Exploring the origins of successor function knowledge. https://doi.org/10.31234/osf.io/3zngr.",2,3,
224,SchneiderEtAl_20xx,Barner,English,060419-R,37,3.083333333,titrated,3,3,"Schneider, R. M., Pankonin, A. H., Schachner, A., & Barner, D. (2020, September 23). Starting small: Exploring the origins of successor function knowledge. https://doi.org/10.31234/osf.io/3zngr.",2,3,
225,SchneiderEtAl_20xx,Barner,English,060419-R,37,3.083333333,titrated,4,5,"Schneider, R. M., Pankonin, A. H., Schachner, A., & Barner, D. (2020, September 23). Starting small: Exploring the origins of successor function knowledge. https://doi.org/10.31234/osf.io/3zngr.",2,3,
226,SchneiderEtAl_20xx,Barner,English,060419-R,37,3.083333333,titrated,3,4,"Schneider, R. M., Pankonin, A. H., Schachner, A., & Barner, D. (2020, September 23). Starting small: Exploring the origins of successor function knowledge. https://doi.org/10.31234/osf.io/3zngr.",2,3,
227,SchneiderEtAl_20xx,Barner,English,060419-R,37,3.083333333,titrated,2,2,"Schneider, R. M., Pankonin, A. H., Schachner, A., & Barner, D. (2020, September 23). Starting small: Exploring the origins of successor function knowledge. https://doi.org/10.31234/osf.io/3zngr.",2,3,
228,SchneiderEtAl_20xx,Barner,English,060419-R,37,3.083333333,titrated,3,3,"Schneider, R. M., Pankonin, A. H., Schachner, A., & Barner, D. (2020, September 23). Starting small: Exploring the origins of successor function knowledge. https://doi.org/10.31234/osf.io/3zngr.",2,3,
229,SchneiderEtAl_20xx,Barner,English,060419-R,37,3.083333333,titrated,4,3,"Schneider, R. M., Pankonin, A. H., Schachner, A., & Barner, D. (2020, September 23). Starting small: Exploring the origins of successor function knowledge. https://doi.org/10.31234/osf.io/3zngr.",2,3,
230,SchneiderEtAl_20xx,Barner,English,042419-E,40,3.333333333,titrated,1,1,"Schneider, R. M., Pankonin, A. H., Schachner, A., & Barner, D. (2020, September 23). Starting small: Exploring the origins of successor function knowledge. https://doi.org/10.31234/osf.io/3zngr.",4,2,Little bit of a grey area - 2 in contiguous KL
231,SchneiderEtAl_20xx,Barner,English,042419-E,40,3.333333333,titrated,2,2,"Schneider, R. M., Pankonin, A. H., Schachner, A., & Barner, D. (2020, September 23). Starting small: Exploring the origins of successor function knowledge. https://doi.org/10.31234/osf.io/3zngr.",4,2,
232,SchneiderEtAl_20xx,Barner,English,042419-E,40,3.333333333,titrated,3,3,"Schneider, R. M., Pankonin, A. H., Schachner, A., & Barner, D. (2020, September 23). Starting small: Exploring the origins of successor function knowledge. https://doi.org/10.31234/osf.io/3zngr.",4,2,
233,SchneiderEtAl_20xx,Barner,English,042419-E,40,3.333333333,titrated,4,4,"Schneider, R. M., Pankonin, A. H., Schachner, A., & Barner, D. (2020, September 23). Starting small: Exploring the origins of successor function knowledge. https://doi.org/10.31234/osf.io/3zngr.",4,2,
234,SchneiderEtAl_20xx,Barner,English,042419-E,40,3.333333333,titrated,5,5,"Schneider, R. M., Pankonin, A. H., Schachner, A., & Barner, D. (2020, September 23). Starting small: Exploring the origins of successor function knowledge. https://doi.org/10.31234/osf.io/3zngr.",4,2,
235,SchneiderEtAl_20xx,Barner,English,042419-E,40,3.333333333,titrated,6,3,"Schneider, R. M., Pankonin, A. H., Schachner, A., & Barner, D. (2020, September 23). Starting small: Exploring the origins of successor function knowledge. https://doi.org/10.31234/osf.io/3zngr.",4,2,
236,SchneiderEtAl_20xx,Barner,English,042419-E,40,3.333333333,titrated,5,6,"Schneider, R. M., Pankonin, A. H., Schachner, A., & Barner, D. (2020, September 23). Starting small: Exploring the origins of successor function knowledge. https://doi.org/10.31234/osf.io/3zngr.",4,2,
237,SchneiderEtAl_20xx,Barner,English,042419-E,40,3.333333333,titrated,4,4,"Schneider, R. M., Pankonin, A. H., Schachner, A., & Barner, D. (2020, September 23). Starting small: Exploring the origins of successor function knowledge. https://doi.org/10.31234/osf.io/3zngr.",4,2,
238,SchneiderYen_20xx,Barner,English,011620-AH,51,4.25,titrated,1,1,"Schneider, R.M., Yen, A., & Barner, D. (unpublished dataset).",CP,4,Stymied by failure on 5
239,SchneiderYen_20xx,Barner,English,011620-AH,51,4.25,titrated,2,2,"Schneider, R.M., Yen, A., & Barner, D. (unpublished dataset).",CP,4,
240,SchneiderYen_20xx,Barner,English,011620-AH,51,4.25,titrated,3,3,"Schneider, R.M., Yen, A., & Barner, D. (unpublished dataset).",CP,4,
241,SchneiderYen_20xx,Barner,English,011620-AH,51,4.25,titrated,4,4,"Schneider, R.M., Yen, A., & Barner, D. (unpublished dataset).",CP,4,
242,SchneiderYen_20xx,Barner,English,011620-AH,51,4.25,titrated,5,6,"Schneider, R.M., Yen, A., & Barner, D. (unpublished dataset).",CP,4,
243,SchneiderYen_20xx,Barner,English,011620-AH,51,4.25,titrated,4,4,"Schneider, R.M., Yen, A., & Barner, D. (unpublished dataset).",CP,4,
244,SchneiderYen_20xx,Barner,English,011620-AH,51,4.25,titrated,5,5,"Schneider, R.M., Yen, A., & Barner, D. (unpublished dataset).",CP,4,
245,SchneiderYen_20xx,Barner,English,011620-AH,51,4.25,titrated,6,6,"Schneider, R.M., Yen, A., & Barner, D. (unpublished dataset).",CP,4,
246,SchneiderYen_20xx,Barner,English,011620-AH,51,4.25,titrated,6,6,"Schneider, R.M., Yen, A., & Barner, D. (unpublished dataset).",CP,4,
247,SchneiderYen_20xx,Barner,English,011620-AH,51,4.25,titrated,6,7,"Schneider, R.M., Yen, A., & Barner, D. (unpublished dataset).",CP,4,
248,SchneiderYen_20xx,Barner,English,020420-ZL,60,5,titrated,1,1,"Schneider, R.M., Yen, A., & Barner, D. (unpublished dataset).",CP,4,Lower error but likely CP-knower
249,SchneiderYen_20xx,Barner,English,020420-ZL,60,5,titrated,2,2,"Schneider, R.M., Yen, A., & Barner, D. (unpublished dataset).",CP,4,
250,SchneiderYen_20xx,Barner,English,020420-ZL,60,5,titrated,3,3,"Schneider, R.M., Yen, A., & Barner, D. (unpublished dataset).",CP,4,
251,SchneiderYen_20xx,Barner,English,020420-ZL,60,5,titrated,4,5,"Schneider, R.M., Yen, A., & Barner, D. (unpublished dataset).",CP,4,
252,SchneiderYen_20xx,Barner,English,020420-ZL,60,5,titrated,3,3,"Schneider, R.M., Yen, A., & Barner, D. (unpublished dataset).",CP,4,
253,SchneiderYen_20xx,Barner,English,020420-ZL,60,5,titrated,4,4,"Schneider, R.M., Yen, A., & Barner, D. (unpublished dataset).",CP,4,
254,SchneiderYen_20xx,Barner,English,020420-ZL,60,5,titrated,5,5,"Schneider, R.M., Yen, A., & Barner, D. (unpublished dataset).",CP,4,
255,SchneiderYen_20xx,Barner,English,020420-ZL,60,5,titrated,6,6,"Schneider, R.M., Yen, A., & Barner, D. (unpublished dataset).",CP,4,
256,SchneiderYen_20xx,Barner,English,020420-ZL,60,5,titrated,6,6,"Schneider, R.M., Yen, A., & Barner, D. (unpublished dataset).",CP,4,
257,SchneiderYen_20xx,Barner,English,020420-ZL,60,5,titrated,6,5,"Schneider, R.M., Yen, A., & Barner, D. (unpublished dataset).",CP,4,
258,SchneiderYen_20xx,Barner,English,020420-ZL,60,5,titrated,5,6,"Schneider, R.M., Yen, A., & Barner, D. (unpublished dataset).",CP,4,
259,SchneiderYen_20xx,Barner,English,020420-ZL,60,5,titrated,4,4,"Schneider, R.M., Yen, A., & Barner, D. (unpublished dataset).",CP,4,
260,SchneiderYen_20xx,Barner,English,020420-ZL,60,5,titrated,5,5,"Schneider, R.M., Yen, A., & Barner, D. (unpublished dataset).",CP,4,
261,SchneiderYen_20xx,Barner,English,020420-ZL,60,5,titrated,6,6,"Schneider, R.M., Yen, A., & Barner, D. (unpublished dataset).",CP,4,
262,SchneiderYen_20xx,Barner,English,020620-TS,47,3.916666667,titrated,1,1,"Schneider, R.M., Yen, A., & Barner, D. (unpublished dataset).",4,3,I would say this kid could be 3 or 4 knower
263,SchneiderYen_20xx,Barner,English,020620-TS,47,3.916666667,titrated,2,2,"Schneider, R.M., Yen, A., & Barner, D. (unpublished dataset).",4,3,
264,SchneiderYen_20xx,Barner,English,020620-TS,47,3.916666667,titrated,3,3,"Schneider, R.M., Yen, A., & Barner, D. (unpublished dataset).",4,3,
265,SchneiderYen_20xx,Barner,English,020620-TS,47,3.916666667,titrated,4,4,"Schneider, R.M., Yen, A., & Barner, D. (unpublished dataset).",4,3,
266,SchneiderYen_20xx,Barner,English,020620-TS,47,3.916666667,titrated,5,5,"Schneider, R.M., Yen, A., & Barner, D. (unpublished dataset).",4,3,
267,SchneiderYen_20xx,Barner,English,020620-TS,47,3.916666667,titrated,6,6,"Schneider, R.M., Yen, A., & Barner, D. (unpublished dataset).",4,3,
268,SchneiderYen_20xx,Barner,English,020620-TS,47,3.916666667,titrated,6,4,"Schneider, R.M., Yen, A., & Barner, D. (unpublished dataset).",4,3,
269,SchneiderYen_20xx,Barner,English,020620-TS,47,3.916666667,titrated,5,4,"Schneider, R.M., Yen, A., & Barner, D. (unpublished dataset).",4,3,
270,SchneiderYen_20xx,Barner,English,020620-TS,47,3.916666667,titrated,4,4,"Schneider, R.M., Yen, A., & Barner, D. (unpublished dataset).",4,3,
271,SchneiderYen_20xx,Barner,English,020620-TS,47,3.916666667,titrated,5,6,"Schneider, R.M., Yen, A., & Barner, D. (unpublished dataset).",4,3,
272,SchneiderYen_20xx,Barner,English,020620-TS,47,3.916666667,titrated,4,4,"Schneider, R.M., Yen, A., & Barner, D. (unpublished dataset).",4,3,
273,SchneiderYen_20xx,Barner,English,020620-LM,49,4.083333333,titrated,1,1,"Schneider, R.M., Yen, A., & Barner, D. (unpublished dataset).",5,3,Stymied by failure on 4
274,SchneiderYen_20xx,Barner,English,020620-LM,49,4.083333333,titrated,2,2,"Schneider, R.M., Yen, A., & Barner, D. (unpublished dataset).",5,3,
275,SchneiderYen_20xx,Barner,English,020620-LM,49,4.083333333,titrated,3,3,"Schneider, R.M., Yen, A., & Barner, D. (unpublished dataset).",5,3,
276,SchneiderYen_20xx,Barner,English,020620-LM,49,4.083333333,titrated,4,4,"Schneider, R.M., Yen, A., & Barner, D. (unpublished dataset).",5,3,
277,SchneiderYen_20xx,Barner,English,020620-LM,49,4.083333333,titrated,5,5,"Schneider, R.M., Yen, A., & Barner, D. (unpublished dataset).",5,3,
278,SchneiderYen_20xx,Barner,English,020620-LM,49,4.083333333,titrated,6,4,"Schneider, R.M., Yen, A., & Barner, D. (unpublished dataset).",5,3,
279,SchneiderYen_20xx,Barner,English,020620-LM,49,4.083333333,titrated,5,5,"Schneider, R.M., Yen, A., & Barner, D. (unpublished dataset).",5,3,
280,SchneiderYen_20xx,Barner,English,020620-LM,49,4.083333333,titrated,6,6,"Schneider, R.M., Yen, A., & Barner, D. (unpublished dataset).",5,3,
281,SchneiderYen_20xx,Barner,English,020620-LM,49,4.083333333,titrated,6,7,"Schneider, R.M., Yen, A., & Barner, D. (unpublished dataset).",5,3,
282,SchneiderYen_20xx,Barner,English,020620-LM,49,4.083333333,titrated,5,5,"Schneider, R.M., Yen, A., & Barner, D. (unpublished dataset).",5,3,
283,SchneiderYen_20xx,Barner,English,030320-CR,44,3.666666667,titrated,1,1,"Schneider, R.M., Yen, A., & Barner, D. (unpublished dataset).",3,1,This is stymied by failured on 2
284,SchneiderYen_20xx,Barner,English,030320-CR,44,3.666666667,titrated,2,10,"Schneider, R.M., Yen, A., & Barner, D. (unpublished dataset).",3,1,
285,SchneiderYen_20xx,Barner,English,030320-CR,44,3.666666667,titrated,1,1,"Schneider, R.M., Yen, A., & Barner, D. (unpublished dataset).",3,1,
286,SchneiderYen_20xx,Barner,English,030320-CR,44,3.666666667,titrated,2,2,"Schneider, R.M., Yen, A., & Barner, D. (unpublished dataset).",3,1,
287,SchneiderYen_20xx,Barner,English,030320-CR,44,3.666666667,titrated,3,3,"Schneider, R.M., Yen, A., & Barner, D. (unpublished dataset).",3,1,
288,SchneiderYen_20xx,Barner,English,030320-CR,44,3.666666667,titrated,4,4,"Schneider, R.M., Yen, A., & Barner, D. (unpublished dataset).",3,1,
289,SchneiderYen_20xx,Barner,English,030320-CR,44,3.666666667,titrated,5,5,"Schneider, R.M., Yen, A., & Barner, D. (unpublished dataset).",3,1,
290,SchneiderYen_20xx,Barner,English,030320-CR,44,3.666666667,titrated,6,5,"Schneider, R.M., Yen, A., & Barner, D. (unpublished dataset).",3,1,
291,SchneiderYen_20xx,Barner,English,030320-CR,44,3.666666667,titrated,5,4,"Schneider, R.M., Yen, A., & Barner, D. (unpublished dataset).",3,1,
292,SchneiderYen_20xx,Barner,English,030320-CR,44,3.666666667,titrated,4,6,"Schneider, R.M., Yen, A., & Barner, D. (unpublished dataset).",3,1,
293,SchneiderYen_20xx,Barner,English,030320-CR,44,3.666666667,titrated,3,3,"Schneider, R.M., Yen, A., & Barner, D. (unpublished dataset).",3,1,
294,SchneiderYen_20xx,Barner,English,030320-CR,44,3.666666667,titrated,4,5,"Schneider, R.M., Yen, A., & Barner, D. (unpublished dataset).",3,1,