"Experiment","Language","Subject","KL","Age_months","Age_years","method","cite","lab"
"Almoammer2013","Saudi","1","2",40,3.33333333333333,"non-titrated","AlmoammerEtAl_2013",NA
"Almoammer2013","Saudi","2","2",42,3.5,"non-titrated","AlmoammerEtAl_2013",NA
"Almoammer2013","Saudi","3","0",36,3,"non-titrated","AlmoammerEtAl_2013",NA
"Almoammer2013","Saudi","4","0",39,3.25,"non-titrated","AlmoammerEtAl_2013",NA
"Almoammer2013","Saudi","5","1",40,3.33333333333333,"non-titrated","AlmoammerEtAl_2013",NA
"Almoammer2013","Saudi","6","2",41,3.41666666666667,"non-titrated","AlmoammerEtAl_2013",NA
"Almoammer2013","Saudi","7","1",40,3.33333333333333,"non-titrated","AlmoammerEtAl_2013",NA
"Almoammer2013","Saudi","8","4",40,3.33333333333333,"non-titrated","AlmoammerEtAl_2013",NA
"Almoammer2013","Saudi","10","3",40,3.33333333333333,"non-titrated","AlmoammerEtAl_2013",NA
"Almoammer2013","Saudi","11","3",39,3.25,"non-titrated","AlmoammerEtAl_2013",NA
"Almoammer2013","Saudi","12","2",42,3.5,"non-titrated","AlmoammerEtAl_2013",NA
"Almoammer2013","Saudi","13","1",41,3.41666666666667,"non-titrated","AlmoammerEtAl_2013",NA
"Almoammer2013","Saudi","14","1",41,3.41666666666667,"non-titrated","AlmoammerEtAl_2013",NA
"Almoammer2013","Saudi","15","5",40,3.33333333333333,"non-titrated","AlmoammerEtAl_2013",NA
"Almoammer2013","Saudi","16","1",36,3,"non-titrated","AlmoammerEtAl_2013",NA
"Almoammer2013","Saudi","17","1",39,3.25,"non-titrated","AlmoammerEtAl_2013",NA
"Almoammer2013","Saudi","18","3",42,3.5,"non-titrated","AlmoammerEtAl_2013",NA
"Almoammer2013","Saudi","19","0",37,3.08333333333333,"non-titrated","AlmoammerEtAl_2013",NA
"Almoammer2013","Saudi","20","2",39,3.25,"non-titrated","AlmoammerEtAl_2013",NA
"Almoammer2013","Saudi","21","2",38,3.16666666666667,"non-titrated","AlmoammerEtAl_2013",NA
"Almoammer2013","Saudi","22","2",43,3.58333333333333,"non-titrated","AlmoammerEtAl_2013",NA
"Almoammer2013","Saudi","23","3",42,3.5,"non-titrated","AlmoammerEtAl_2013",NA
"Almoammer2013","Saudi","24","2",47,3.91666666666667,"non-titrated","AlmoammerEtAl_2013",NA
"Almoammer2013","Saudi","25","2",43,3.58333333333333,"non-titrated","AlmoammerEtAl_2013",NA
"Almoammer2013","Saudi","26","2",46,3.83333333333333,"non-titrated","AlmoammerEtAl_2013",NA
"Almoammer2013","Saudi","27","1",43,3.58333333333333,"non-titrated","AlmoammerEtAl_2013",NA
"Almoammer2013","Saudi","28","5",42,3.5,"non-titrated","AlmoammerEtAl_2013",NA
"Almoammer2013","Saudi","29","2",45,3.75,"non-titrated","AlmoammerEtAl_2013",NA
"Almoammer2013","Saudi","30","5",47,3.91666666666667,"non-titrated","AlmoammerEtAl_2013",NA
"Almoammer2013","Saudi","31","5",44,3.66666666666667,"non-titrated","AlmoammerEtAl_2013",NA
"Almoammer2013","Saudi","32","4",44,3.66666666666667,"non-titrated","AlmoammerEtAl_2013",NA
"Almoammer2013","Saudi","33","2",44,3.66666666666667,"non-titrated","AlmoammerEtAl_2013",NA
"Almoammer2013","Saudi","34","2",44,3.66666666666667,"non-titrated","AlmoammerEtAl_2013",NA
"Almoammer2013","Saudi","35","2",43,3.58333333333333,"non-titrated","AlmoammerEtAl_2013",NA
"Almoammer2013","Saudi","36","2",46,3.83333333333333,"non-titrated","AlmoammerEtAl_2013",NA
"Almoammer2013","Saudi","37","3",47,3.91666666666667,"non-titrated","AlmoammerEtAl_2013",NA
"Almoammer2013","Saudi","38","4",47,3.91666666666667,"non-titrated","AlmoammerEtAl_2013",NA
"Almoammer2013","Saudi","39","2",42,3.5,"non-titrated","AlmoammerEtAl_2013",NA
"Almoammer2013","Saudi","40","2",42,3.5,"non-titrated","AlmoammerEtAl_2013",NA
"Almoammer2013","Saudi","41","2",46,3.83333333333333,"non-titrated","AlmoammerEtAl_2013",NA
"Almoammer2013","Saudi","42","5",44,3.66666666666667,"non-titrated","AlmoammerEtAl_2013",NA
"Almoammer2013","Saudi","43","4",49,4.08333333333333,"non-titrated","AlmoammerEtAl_2013",NA
"Almoammer2013","Saudi","44","5",53,4.41666666666667,"non-titrated","AlmoammerEtAl_2013",NA
"Almoammer2013","Saudi","45","5",53,4.41666666666667,"non-titrated","AlmoammerEtAl_2013",NA
"Almoammer2013","Saudi","46","3",52,4.33333333333333,"non-titrated","AlmoammerEtAl_2013",NA
"Almoammer2013","Saudi","47","2",52,4.33333333333333,"non-titrated","AlmoammerEtAl_2013",NA
"Almoammer2013","Saudi","48","2",51,4.25,"non-titrated","AlmoammerEtAl_2013",NA
"Almoammer2013","Saudi","49","5",50,4.16666666666667,"non-titrated","AlmoammerEtAl_2013",NA
"Almoammer2013","Saudi","50","5",54,4.5,"non-titrated","AlmoammerEtAl_2013",NA
"Almoammer2013","Saudi","51","5",53,4.41666666666667,"non-titrated","AlmoammerEtAl_2013",NA
"Almoammer2013","Saudi","52","5",52,4.33333333333333,"non-titrated","AlmoammerEtAl_2013",NA
"Almoammer2013","Saudi","53","5",54,4.5,"non-titrated","AlmoammerEtAl_2013",NA
"Almoammer2013","Saudi","54","5",53,4.41666666666667,"non-titrated","AlmoammerEtAl_2013",NA
"Almoammer2013","Saudi","55","5",53,4.41666666666667,"non-titrated","AlmoammerEtAl_2013",NA
"Almoammer2013","Saudi","56","2",51,4.25,"non-titrated","AlmoammerEtAl_2013",NA
"Almoammer2013","Saudi","57","5",53,4.41666666666667,"non-titrated","AlmoammerEtAl_2013",NA
"Almoammer2013","Saudi","58","2",51,4.25,"non-titrated","AlmoammerEtAl_2013",NA
"Almoammer2013","Saudi","59","1",50,4.16666666666667,"non-titrated","AlmoammerEtAl_2013",NA
"Almoammer2013","Saudi","60","3",52,4.33333333333333,"non-titrated","AlmoammerEtAl_2013",NA
"Almoammer2013","Saudi","61","1",51,4.25,"non-titrated","AlmoammerEtAl_2013",NA
"Almoammer2013","Saudi","62","3",52,4.33333333333333,"non-titrated","AlmoammerEtAl_2013",NA
"Almoammer2013","Saudi","63","5",50,4.16666666666667,"non-titrated","AlmoammerEtAl_2013",NA
"Almoammer2013","Saudi","64","3",51,4.25,"non-titrated","AlmoammerEtAl_2013",NA
"Almoammer2013","Saudi","65","5",53,4.41666666666667,"non-titrated","AlmoammerEtAl_2013",NA
"Almoammer2013","Saudi","Exc-1","2",36,3,"non-titrated","AlmoammerEtAl_2013",NA
"Almoammer2013","Saudi","Exc-10","2",41,3.41666666666667,"non-titrated","AlmoammerEtAl_2013",NA
"Almoammer2013","Saudi","Exc-11","1",42,3.5,"non-titrated","AlmoammerEtAl_2013",NA
"Almoammer2013","Saudi","Exc-12","2",37,3.08333333333333,"non-titrated","AlmoammerEtAl_2013",NA
"Almoammer2013","Saudi","Exc-13","1",38,3.16666666666667,"non-titrated","AlmoammerEtAl_2013",NA
"Almoammer2013","Saudi","Exc-14","4",50,4.16666666666667,"non-titrated","AlmoammerEtAl_2013",NA
"Almoammer2013","Saudi","Exc-15","0",38,3.16666666666667,"non-titrated","AlmoammerEtAl_2013",NA
"Almoammer2013","Saudi","Exc-16","2",42,3.5,"non-titrated","AlmoammerEtAl_2013",NA
"Almoammer2013","Saudi","Exc-17","5",42,3.5,"non-titrated","AlmoammerEtAl_2013",NA
"Almoammer2013","Saudi","Exc-18","2",50,4.16666666666667,"non-titrated","AlmoammerEtAl_2013",NA
"Almoammer2013","Saudi","Exc-19","2",52,4.33333333333333,"non-titrated","AlmoammerEtAl_2013",NA
"Almoammer2013","Saudi","Exc-2","2",42,3.5,"non-titrated","AlmoammerEtAl_2013",NA
"Almoammer2013","Saudi","Exc-20","2",46,3.83333333333333,"non-titrated","AlmoammerEtAl_2013",NA
"Almoammer2013","Saudi","Exc-21","2",40,3.33333333333333,"non-titrated","AlmoammerEtAl_2013",NA
"Almoammer2013","Saudi","Exc-3","2",36,3,"non-titrated","AlmoammerEtAl_2013",NA
"Almoammer2013","Saudi","Exc-6","2",42,3.5,"non-titrated","AlmoammerEtAl_2013",NA
"Almoammer2013","Saudi","Exc-7","1",45,3.75,"non-titrated","AlmoammerEtAl_2013",NA
"Almoammer2013","Saudi","Exc-8","2",45,3.75,"non-titrated","AlmoammerEtAl_2013",NA
"Almoammer2013","Saudi","Exc-9","0",37,3.08333333333333,"non-titrated","AlmoammerEtAl_2013",NA
"Almoammer2013","Slovenian","060412-A-V","1",26,2.16666666666667,"non-titrated","AlmoammerEtAl_2013",NA
"Almoammer2013","Slovenian","060412-N-V","2",30,2.5,"non-titrated","AlmoammerEtAl_2013",NA
"Almoammer2013","Slovenian","070612-C-V","2",35,2.91666666666667,"non-titrated","AlmoammerEtAl_2013",NA
"Almoammer2013","Slovenian","070612-E-V","2",35,2.91666666666667,"non-titrated","AlmoammerEtAl_2013",NA
"Almoammer2013","Slovenian","140212-V-V","1",33,2.75,"non-titrated","AlmoammerEtAl_2013",NA
"Almoammer2013","Slovenian","140612-V-V","0",30,2.5,"non-titrated","AlmoammerEtAl_2013",NA
"Almoammer2013","Slovenian","140612-Z-V","2",35,2.91666666666667,"non-titrated","AlmoammerEtAl_2013",NA
"Almoammer2013","Slovenian","160112-J-V","0",29,2.41666666666667,"non-titrated","AlmoammerEtAl_2013",NA
"Almoammer2013","Slovenian","160112-S-V","0",30,2.5,"non-titrated","AlmoammerEtAl_2013",NA
"Almoammer2013","Slovenian","160112-Z-V","1",33,2.75,"non-titrated","AlmoammerEtAl_2013",NA
"Almoammer2013","Slovenian","170112-B-V","2",28,2.33333333333333,"non-titrated","AlmoammerEtAl_2013",NA
"Almoammer2013","Slovenian","170112-N-V","2",30,2.5,"non-titrated","AlmoammerEtAl_2013",NA
"Almoammer2013","Slovenian","170112-N1-V","4",36,3,"non-titrated","AlmoammerEtAl_2013",NA
"Almoammer2013","Slovenian","220312-B-V","2",30,2.5,"non-titrated","AlmoammerEtAl_2013",NA
"Almoammer2013","Slovenian","220312-M-V","0",33,2.75,"non-titrated","AlmoammerEtAl_2013",NA
"Almoammer2013","Slovenian","220312-T-V","1",32,2.66666666666667,"non-titrated","AlmoammerEtAl_2013",NA
"Almoammer2013","Slovenian","220512-I-V","2",29,2.41666666666667,"non-titrated","AlmoammerEtAl_2013",NA
"Almoammer2013","Slovenian","220512-K-V","2",32,2.66666666666667,"non-titrated","AlmoammerEtAl_2013",NA
"Almoammer2013","Slovenian","220512-M-V","2",32,2.66666666666667,"non-titrated","AlmoammerEtAl_2013",NA
"Almoammer2013","Slovenian","220512-P-V","1",31,2.58333333333333,"non-titrated","AlmoammerEtAl_2013",NA
"Almoammer2013","Slovenian","220512-T-V","1",28,2.33333333333333,"non-titrated","AlmoammerEtAl_2013",NA
"Almoammer2013","Slovenian","220512-V-V","0",26,2.16666666666667,"non-titrated","AlmoammerEtAl_2013",NA
"Almoammer2013","Slovenian","260612-J-V","1",29,2.41666666666667,"non-titrated","AlmoammerEtAl_2013",NA
"Almoammer2013","Slovenian","260612-N-V","0",26,2.16666666666667,"non-titrated","AlmoammerEtAl_2013",NA
"Almoammer2013","Slovenian","280212-G-V","1",29,2.41666666666667,"non-titrated","AlmoammerEtAl_2013",NA
"Almoammer2013","Slovenian","280612-J-V","2",27,2.25,"non-titrated","AlmoammerEtAl_2013",NA
"Almoammer2013","Slovenian","060412-B-V","1",36,3,"non-titrated","AlmoammerEtAl_2013",NA
"Almoammer2013","Slovenian","070612-J-V","3",36,3,"non-titrated","AlmoammerEtAl_2013",NA
"Almoammer2013","Slovenian","080712-J-V","2",41,3.41666666666667,"non-titrated","AlmoammerEtAl_2013",NA
"Almoammer2013","Slovenian","090112-N-V","2",38,3.16666666666667,"non-titrated","AlmoammerEtAl_2013",NA
"Almoammer2013","Slovenian","090112-U-V","2",36,3,"non-titrated","AlmoammerEtAl_2013",NA
"Almoammer2013","Slovenian","090112-Z-V","2",38,3.16666666666667,"non-titrated","AlmoammerEtAl_2013",NA
"Almoammer2013","Slovenian","110612-V-V","2",47,3.91666666666667,"non-titrated","AlmoammerEtAl_2013",NA
"Almoammer2013","Slovenian","120612-Z-V","4",39,3.25,"non-titrated","AlmoammerEtAl_2013",NA
"Almoammer2013","Slovenian","140212-M1-V","5",40,3.33333333333333,"non-titrated","AlmoammerEtAl_2013",NA
"Almoammer2013","Slovenian","140612-M-V","2",36,3,"non-titrated","AlmoammerEtAl_2013",NA
"Almoammer2013","Slovenian","170112-K1-V","2",39,3.25,"non-titrated","AlmoammerEtAl_2013",NA
"Almoammer2013","Slovenian","170112-M2-V","2",41,3.41666666666667,"non-titrated","AlmoammerEtAl_2013",NA
"Almoammer2013","Slovenian","180112-Ii-V","2",48,4,"non-titrated","AlmoammerEtAl_2013",NA
"Almoammer2013","Slovenian","180112-J-V","5",45,3.75,"non-titrated","AlmoammerEtAl_2013",NA
"Almoammer2013","Slovenian","180112-L-V","4",45,3.75,"non-titrated","AlmoammerEtAl_2013",NA
"Almoammer2013","Slovenian","180112-T-V","2",41,3.41666666666667,"non-titrated","AlmoammerEtAl_2013",NA
"Almoammer2013","Slovenian","200112-A-V","0",40,3.33333333333333,"non-titrated","AlmoammerEtAl_2013",NA
"Almoammer2013","Slovenian","200112-E-V","5",42,3.5,"non-titrated","AlmoammerEtAl_2013",NA
"Almoammer2013","Slovenian","200112-L-V","2",41,3.41666666666667,"non-titrated","AlmoammerEtAl_2013",NA
"Almoammer2013","Slovenian","200112-L1-V","2",45,3.75,"non-titrated","AlmoammerEtAl_2013",NA
"Almoammer2013","Slovenian","200112-M-V","2",44,3.66666666666667,"non-titrated","AlmoammerEtAl_2013",NA
"Almoammer2013","Slovenian","200112-N-V","2",37,3.08333333333333,"non-titrated","AlmoammerEtAl_2013",NA
"Almoammer2013","Slovenian","200112-V-V","3",37,3.08333333333333,"non-titrated","AlmoammerEtAl_2013",NA
"Almoammer2013","Slovenian","260612-AV","5",44,3.66666666666667,"non-titrated","AlmoammerEtAl_2013",NA
"Almoammer2013","Slovenian","260612-T-V","5",44,3.66666666666667,"non-titrated","AlmoammerEtAl_2013",NA
"Almoammer2013","Slovenian","280612-S-V","2",36,3,"non-titrated","AlmoammerEtAl_2013",NA
"Almoammer2013","Slovenian","080712-IA-V","5",49,4.08333333333333,"non-titrated","AlmoammerEtAl_2013",NA
"Almoammer2013","Slovenian","110612-D-V","2",53,4.41666666666667,"non-titrated","AlmoammerEtAl_2013",NA
"Almoammer2013","Slovenian","110612-L-V","2",48,4,"non-titrated","AlmoammerEtAl_2013",NA
"Almoammer2013","Slovenian","110612-M-V","3",48,4,"non-titrated","AlmoammerEtAl_2013",NA
"Almoammer2013","Slovenian","110612-MP-V","3",54,4.5,"non-titrated","AlmoammerEtAl_2013",NA
"Almoammer2013","Slovenian","110612-N-V","5",48,4,"non-titrated","AlmoammerEtAl_2013",NA
"Almoammer2013","Slovenian","110612-P-V","5",52,4.33333333333333,"non-titrated","AlmoammerEtAl_2013",NA
"Almoammer2013","Slovenian","120612-?-V","2",48,4,"non-titrated","AlmoammerEtAl_2013",NA
"Almoammer2013","Slovenian","160112-K-V","2",51,4.25,"non-titrated","AlmoammerEtAl_2013",NA
"Almoammer2013","Slovenian","160112-M-V","2",50,4.16666666666667,"non-titrated","AlmoammerEtAl_2013",NA
"Almoammer2013","Slovenian","160112-M1-V","5",50,4.16666666666667,"non-titrated","AlmoammerEtAl_2013",NA
"Almoammer2013","Slovenian","160112-S1-V","5",49,4.08333333333333,"non-titrated","AlmoammerEtAl_2013",NA
"Almoammer2013","Slovenian","160112-T-V","2",52,4.33333333333333,"non-titrated","AlmoammerEtAl_2013",NA
"Almoammer2013","Slovenian","170112-B1-V","5",58,4.83333333333333,"non-titrated","AlmoammerEtAl_2013",NA
"Almoammer2013","Slovenian","170112-L-V","2",52,4.33333333333333,"non-titrated","AlmoammerEtAl_2013",NA
"Almoammer2013","Slovenian","200112-P-V","5",48,4,"non-titrated","AlmoammerEtAl_2013",NA
"Almoammer2013","English","100212-A1","0",34,2.83333333333333,"non-titrated","AlmoammerEtAl_2013",NA
"Almoammer2013","English","100212-AA","0",25,2.08333333333333,"non-titrated","AlmoammerEtAl_2013",NA
"Almoammer2013","English","100212-BL","0",27,2.25,"non-titrated","AlmoammerEtAl_2013",NA
"Almoammer2013","English","100912-DH","0",28,2.33333333333333,"non-titrated","AlmoammerEtAl_2013",NA
"Almoammer2013","English","100912-LB","0",25,2.08333333333333,"non-titrated","AlmoammerEtAl_2013",NA
"Almoammer2013","English","100912-TL","0",34,2.83333333333333,"non-titrated","AlmoammerEtAl_2013",NA
"Almoammer2013","English","101012-PL","0",32,2.66666666666667,"non-titrated","AlmoammerEtAl_2013",NA
"Almoammer2013","English","101112-AD","0",28,2.33333333333333,"non-titrated","AlmoammerEtAl_2013",NA
"Almoammer2013","English","101612-NR","0",28,2.33333333333333,"non-titrated","AlmoammerEtAl_2013",NA
"Almoammer2013","English","101812-S1","0",32,2.66666666666667,"non-titrated","AlmoammerEtAl_2013",NA
"Almoammer2013","English","101812-S2","0",32,2.66666666666667,"non-titrated","AlmoammerEtAl_2013",NA
"Almoammer2013","English","101912-GW","0",28,2.33333333333333,"non-titrated","AlmoammerEtAl_2013",NA
"Almoammer2013","English","101912-NW","0",28,2.33333333333333,"non-titrated","AlmoammerEtAl_2013",NA
"Almoammer2013","English","101912-SW","0",28,2.33333333333333,"non-titrated","AlmoammerEtAl_2013",NA
"Almoammer2013","English","102612-JD","0",29,2.41666666666667,"non-titrated","AlmoammerEtAl_2013",NA
"Almoammer2013","English","110612-DR","0",26,2.16666666666667,"non-titrated","AlmoammerEtAl_2013",NA
"Almoammer2013","English","110712-CM","1",33,2.75,"non-titrated","AlmoammerEtAl_2013",NA
"Almoammer2013","English","110712-JB","0",29,2.41666666666667,"non-titrated","AlmoammerEtAl_2013",NA
"Almoammer2013","English","110712-ML","1",33,2.75,"non-titrated","AlmoammerEtAl_2013",NA
"Almoammer2013","English","111412-KP","0",32,2.66666666666667,"non-titrated","AlmoammerEtAl_2013",NA
"Almoammer2013","English","112612-CJ","2",34,2.83333333333333,"non-titrated","AlmoammerEtAl_2013",NA
"Almoammer2013","English","112612-DF","0",28,2.33333333333333,"non-titrated","AlmoammerEtAl_2013",NA
"Almoammer2013","English","112612-SB","1",31,2.58333333333333,"non-titrated","AlmoammerEtAl_2013",NA
"Almoammer2013","English","112712-IM","0",28,2.33333333333333,"non-titrated","AlmoammerEtAl_2013",NA
"Almoammer2013","English","100210-C1","2",38,3.16666666666667,"non-titrated","AlmoammerEtAl_2013",NA
"Almoammer2013","English","100212-AR","5",46,3.83333333333333,"non-titrated","AlmoammerEtAl_2013",NA
"Almoammer2013","English","100312-LM","5",48,4,"non-titrated","AlmoammerEtAl_2013",NA
"Almoammer2013","English","100312-PH","3",46,3.83333333333333,"non-titrated","AlmoammerEtAl_2013",NA
"Almoammer2013","English","100312-RW","2",46,3.83333333333333,"non-titrated","AlmoammerEtAl_2013",NA
"Almoammer2013","English","100512-JC","2",47,3.91666666666667,"non-titrated","AlmoammerEtAl_2013",NA
"Almoammer2013","English","100912-AB","5",38,3.16666666666667,"non-titrated","AlmoammerEtAl_2013",NA
"Almoammer2013","English","101012-AW","5",45,3.75,"non-titrated","AlmoammerEtAl_2013",NA
"Almoammer2013","English","101012-GS","2",44,3.66666666666667,"non-titrated","AlmoammerEtAl_2013",NA
"Almoammer2013","English","101012-LO","0",46,3.83333333333333,"non-titrated","AlmoammerEtAl_2013",NA
"Almoammer2013","English","101012-SK","0",38,3.16666666666667,"non-titrated","AlmoammerEtAl_2013",NA
"Almoammer2013","English","101112-AA","2",43,3.58333333333333,"non-titrated","AlmoammerEtAl_2013",NA
"Almoammer2013","English","101112-AC","5",45,3.75,"non-titrated","AlmoammerEtAl_2013",NA
"Almoammer2013","English","101112-CW","5",48,4,"non-titrated","AlmoammerEtAl_2013",NA
"Almoammer2013","English","101212-HS","2",39,3.25,"non-titrated","AlmoammerEtAl_2013",NA
"Almoammer2013","English","101812-BB","1",39,3.25,"non-titrated","AlmoammerEtAl_2013",NA
"Almoammer2013","English","102512-JG","5",43,3.58333333333333,"non-titrated","AlmoammerEtAl_2013",NA
"Almoammer2013","English","102512-MH","4",43,3.58333333333333,"non-titrated","AlmoammerEtAl_2013",NA
"Almoammer2013","English","110612-BP","5",41,3.41666666666667,"non-titrated","AlmoammerEtAl_2013",NA
"Almoammer2013","English","110712-CN","4",39,3.25,"non-titrated","AlmoammerEtAl_2013",NA
"Almoammer2013","English","110712-MS","3",37,3.08333333333333,"non-titrated","AlmoammerEtAl_2013",NA
"Almoammer2013","English","110812-PF","5",40,3.33333333333333,"non-titrated","AlmoammerEtAl_2013",NA
"Almoammer2013","English","110812-SM","5",42,3.5,"non-titrated","AlmoammerEtAl_2013",NA
"Almoammer2013","English","110912-AC","5",47,3.91666666666667,"non-titrated","AlmoammerEtAl_2013",NA
"Almoammer2013","English","110912-OV","5",47,3.91666666666667,"non-titrated","AlmoammerEtAl_2013",NA
"Almoammer2013","English","111512-JS","3",46,3.83333333333333,"non-titrated","AlmoammerEtAl_2013",NA
"Almoammer2013","English","112612-KJ","4",45,3.75,"non-titrated","AlmoammerEtAl_2013",NA
"Almoammer2013","English","112612-YM","5",48,4,"non-titrated","AlmoammerEtAl_2013",NA
"Almoammer2013","English","112712-DA","5",42,3.5,"non-titrated","AlmoammerEtAl_2013",NA
"Almoammer2013","English","120312-GB","0",32,2.66666666666667,"non-titrated","AlmoammerEtAl_2013",NA
"Almoammer2013","English","100212-LM","0",50,4.16666666666667,"non-titrated","AlmoammerEtAl_2013",NA
"Almoammer2013","English","100312-CA","5",57,4.75,"non-titrated","AlmoammerEtAl_2013",NA
"Almoammer2013","English","100312-EL","5",55,4.58333333333333,"non-titrated","AlmoammerEtAl_2013",NA
"Almoammer2013","English","100312-GS","5",51,4.25,"non-titrated","AlmoammerEtAl_2013",NA
"Almoammer2013","English","100312-HG","5",54,4.5,"non-titrated","AlmoammerEtAl_2013",NA
"Almoammer2013","English","100312-MK","5",59,4.91666666666667,"non-titrated","AlmoammerEtAl_2013",NA
"Almoammer2013","English","100312-OF","2",50,4.16666666666667,"non-titrated","AlmoammerEtAl_2013",NA
"Almoammer2013","English","100312-QH","5",50,4.16666666666667,"non-titrated","AlmoammerEtAl_2013",NA
"Almoammer2013","English","100812-WA","5",51,4.25,"non-titrated","AlmoammerEtAl_2013",NA
"Almoammer2013","English","101012-AC","5",59,4.91666666666667,"non-titrated","AlmoammerEtAl_2013",NA
"Almoammer2013","English","101012-AD","5",56,4.66666666666667,"non-titrated","AlmoammerEtAl_2013",NA
"Almoammer2013","English","101012-NS","5",52,4.33333333333333,"non-titrated","AlmoammerEtAl_2013",NA
"Almoammer2013","English","101112-B","5",50,4.16666666666667,"non-titrated","AlmoammerEtAl_2013",NA
"Almoammer2013","English","101112-GA","5",57,4.75,"non-titrated","AlmoammerEtAl_2013",NA
"Almoammer2013","English","101112-KW","5",55,4.58333333333333,"non-titrated","AlmoammerEtAl_2013",NA
"Almoammer2013","English","101112-XD","5",55,4.58333333333333,"non-titrated","AlmoammerEtAl_2013",NA
"Almoammer2013","English","101212-RB","5",57,4.75,"non-titrated","AlmoammerEtAl_2013",NA
"Almoammer2013","English","101612-SD","5",55,4.58333333333333,"non-titrated","AlmoammerEtAl_2013",NA
"Almoammer2013","English","101612-TK","2",51,4.25,"non-titrated","AlmoammerEtAl_2013",NA
"Almoammer2013","English","102612-LD","5",50,4.16666666666667,"non-titrated","AlmoammerEtAl_2013",NA
"Almoammer2013","English","102612-MN","5",49,4.08333333333333,"non-titrated","AlmoammerEtAl_2013",NA
"Almoammer2013","English","110512-JF","5",51,4.25,"non-titrated","AlmoammerEtAl_2013",NA
"Almoammer2013","English","112612-JG","5",49,4.08333333333333,"non-titrated","AlmoammerEtAl_2013",NA
"Almoammer2013","Mandarin","1_BarnerMandarin1","2",34,2.83333333333333,"non-titrated","AlmoammerEtAl_2013",NA
"Almoammer2013","Mandarin","5_BarnerMandarin1","3",28,2.33333333333333,"non-titrated","AlmoammerEtAl_2013",NA
"Almoammer2013","Mandarin","10_BarnerMandarin1","1",35,2.91666666666667,"non-titrated","AlmoammerEtAl_2013",NA
"Almoammer2013","Mandarin","13_BarnerMandarin1","3",35,2.91666666666667,"non-titrated","AlmoammerEtAl_2013",NA
"Almoammer2013","Mandarin","17_BarnerMandarin1","1",32,2.66666666666667,"non-titrated","AlmoammerEtAl_2013",NA
"Almoammer2013","Mandarin","22_BarnerMandarin1","2",27,2.25,"non-titrated","AlmoammerEtAl_2013",NA
"Almoammer2013","Mandarin","6_BarnerMandarin1","0",25,2.08333333333333,"non-titrated","AlmoammerEtAl_2013",NA
"Almoammer2013","Mandarin","9_BarnerMandarin1","3",35,2.91666666666667,"non-titrated","AlmoammerEtAl_2013",NA
"Almoammer2013","Mandarin","14_BarnerMandarin1","4",36,3,"non-titrated","AlmoammerEtAl_2013",NA
"Almoammer2013","Mandarin","18_BarnerMandarin1","0",29,2.41666666666667,"non-titrated","AlmoammerEtAl_2013",NA
"Almoammer2013","Mandarin","23_BarnerMandarin1","2",36,3,"non-titrated","AlmoammerEtAl_2013",NA
"Almoammer2013","Mandarin","3_BarnerMandarin1","1",35,2.91666666666667,"non-titrated","AlmoammerEtAl_2013",NA
"Almoammer2013","Mandarin","7_BarnerMandarin1","1",34,2.83333333333333,"non-titrated","AlmoammerEtAl_2013",NA
"Almoammer2013","Mandarin","12_BarnerMandarin1","2",31,2.58333333333333,"non-titrated","AlmoammerEtAl_2013",NA
"Almoammer2013","Mandarin","15_BarnerMandarin1","0",22,1.83333333333333,"non-titrated","AlmoammerEtAl_2013",NA
"Almoammer2013","Mandarin","19_BarnerMandarin1","0",26,2.16666666666667,"non-titrated","AlmoammerEtAl_2013",NA
"Almoammer2013","Mandarin","20_BarnerMandarin1","0",29,2.41666666666667,"non-titrated","AlmoammerEtAl_2013",NA
"Almoammer2013","Mandarin","24_BarnerMandarin1","4",34,2.83333333333333,"non-titrated","AlmoammerEtAl_2013",NA
"Almoammer2013","Mandarin","4_BarnerMandarin1","1",35,2.91666666666667,"non-titrated","AlmoammerEtAl_2013",NA
"Almoammer2013","Mandarin","8_BarnerMandarin1","0",34,2.83333333333333,"non-titrated","AlmoammerEtAl_2013",NA
"Almoammer2013","Mandarin","11_BarnerMandarin1","0",26,2.16666666666667,"non-titrated","AlmoammerEtAl_2013",NA
"Almoammer2013","Mandarin","16_BarnerMandarin1","0",25,2.08333333333333,"non-titrated","AlmoammerEtAl_2013",NA
"Almoammer2013","Mandarin","21_BarnerMandarin1","0",30,2.5,"non-titrated","AlmoammerEtAl_2013",NA
"Almoammer2013","Mandarin","25_BarnerMandarin1","1",34,2.83333333333333,"non-titrated","AlmoammerEtAl_2013",NA
"Almoammer2013","Mandarin","26_BarnerMandarin1","1",27,2.25,"non-titrated","AlmoammerEtAl_2013",NA
"Almoammer2013","Mandarin","27_BarnerMandarin1","1",24,2,"non-titrated","AlmoammerEtAl_2013",NA
"Almoammer2013","Mandarin","28_BarnerMandarin1","1",32,2.66666666666667,"non-titrated","AlmoammerEtAl_2013",NA
"Almoammer2013","Mandarin","29_BarnerMandarin1","1",29,2.41666666666667,"non-titrated","AlmoammerEtAl_2013",NA
"Almoammer2013","Mandarin","30_BarnerMandarin1","0",29,2.41666666666667,"non-titrated","AlmoammerEtAl_2013",NA
"Almoammer2013","Mandarin","31_BarnerMandarin1","2",25,2.08333333333333,"non-titrated","AlmoammerEtAl_2013",NA
"Almoammer2013","Mandarin","32_BarnerMandarin1","2",25,2.08333333333333,"non-titrated","AlmoammerEtAl_2013",NA
"Almoammer2013","Mandarin","1_BarnerMandarin2","5",47,3.91666666666667,"non-titrated","AlmoammerEtAl_2013",NA
"Almoammer2013","Mandarin","2_BarnerMandarin2","5",47,3.91666666666667,"non-titrated","AlmoammerEtAl_2013",NA
"Almoammer2013","Mandarin","6_BarnerMandarin2","5",43,3.58333333333333,"non-titrated","AlmoammerEtAl_2013",NA
"Almoammer2013","Mandarin","14_BarnerMandarin2","4",37,3.08333333333333,"non-titrated","AlmoammerEtAl_2013",NA
"Almoammer2013","Mandarin","24_BarnerMandarin2","2",40,3.33333333333333,"non-titrated","AlmoammerEtAl_2013",NA
"Almoammer2013","Mandarin","29_BarnerMandarin2","1",36,3,"non-titrated","AlmoammerEtAl_2013",NA
"Almoammer2013","Mandarin","3_BarnerMandarin2","1",44,3.66666666666667,"non-titrated","AlmoammerEtAl_2013",NA
"Almoammer2013","Mandarin","4_BarnerMandarin2","4",37,3.08333333333333,"non-titrated","AlmoammerEtAl_2013",NA
"Almoammer2013","Mandarin","5_BarnerMandarin2","5",43,3.58333333333333,"non-titrated","AlmoammerEtAl_2013",NA
"Almoammer2013","Mandarin","15_BarnerMandarin2","3",42,3.5,"non-titrated","AlmoammerEtAl_2013",NA
"Almoammer2013","Mandarin","28_BarnerMandarin2","4",37,3.08333333333333,"non-titrated","AlmoammerEtAl_2013",NA
"Almoammer2013","Mandarin","30_BarnerMandarin2","4",36,3,"non-titrated","AlmoammerEtAl_2013",NA
"Almoammer2013","Mandarin","7_BarnerMandarin2","5",47,3.91666666666667,"non-titrated","AlmoammerEtAl_2013",NA
"Almoammer2013","Mandarin","9_BarnerMandarin2","4",43,3.58333333333333,"non-titrated","AlmoammerEtAl_2013",NA
"Almoammer2013","Mandarin","11_BarnerMandarin2","5",43,3.58333333333333,"non-titrated","AlmoammerEtAl_2013",NA
"Almoammer2013","Mandarin","13_BarnerMandarin2","5",48,4,"non-titrated","AlmoammerEtAl_2013",NA
"Almoammer2013","Mandarin","22_BarnerMandarin2","4",38,3.16666666666667,"non-titrated","AlmoammerEtAl_2013",NA
"Almoammer2013","Mandarin","25_BarnerMandarin2","1",39,3.25,"non-titrated","AlmoammerEtAl_2013",NA
"Almoammer2013","Mandarin","8_BarnerMandarin2","2",46,3.83333333333333,"non-titrated","AlmoammerEtAl_2013",NA
"Almoammer2013","Mandarin","10_BarnerMandarin2","5",45,3.75,"non-titrated","AlmoammerEtAl_2013",NA
"Almoammer2013","Mandarin","12_BarnerMandarin2","0",47,3.91666666666667,"non-titrated","AlmoammerEtAl_2013",NA
"Almoammer2013","Mandarin","16_BarnerMandarin2","0",46,3.83333333333333,"non-titrated","AlmoammerEtAl_2013",NA
"Almoammer2013","Mandarin","21_BarnerMandarin2","4",38,3.16666666666667,"non-titrated","AlmoammerEtAl_2013",NA
"Almoammer2013","Mandarin","26_BarnerMandarin2","5",40,3.33333333333333,"non-titrated","AlmoammerEtAl_2013",NA
"Almoammer2013","Mandarin","1_BarnerMandarin3","5",61,5.08333333333333,"non-titrated","AlmoammerEtAl_2013",NA
"Almoammer2013","Mandarin","2_BarnerMandarin3","5",60,5,"non-titrated","AlmoammerEtAl_2013",NA
"Almoammer2013","Mandarin","13_BarnerMandarin3","5",57,4.75,"non-titrated","AlmoammerEtAl_2013",NA
"Almoammer2013","Mandarin","16_BarnerMandarin3","5",53,4.41666666666667,"non-titrated","AlmoammerEtAl_2013",NA
"Almoammer2013","Mandarin","17_BarnerMandarin3","2",51,4.25,"non-titrated","AlmoammerEtAl_2013",NA
"Almoammer2013","Mandarin","19_BarnerMandarin3","5",49,4.08333333333333,"non-titrated","AlmoammerEtAl_2013",NA
"Almoammer2013","Mandarin","7_BarnerMandarin3","5",50,4.16666666666667,"non-titrated","AlmoammerEtAl_2013",NA
"Almoammer2013","Mandarin","8_BarnerMandarin3","5",55,4.58333333333333,"non-titrated","AlmoammerEtAl_2013",NA
"Almoammer2013","Mandarin","9_BarnerMandarin3","5",56,4.66666666666667,"non-titrated","AlmoammerEtAl_2013",NA
"Almoammer2013","Mandarin","12_BarnerMandarin3","5",55,4.58333333333333,"non-titrated","AlmoammerEtAl_2013",NA
"Almoammer2013","Mandarin","21_BarnerMandarin3","5",55,4.58333333333333,"non-titrated","AlmoammerEtAl_2013",NA
"Almoammer2013","Mandarin","22_BarnerMandarin3","5",59,4.91666666666667,"non-titrated","AlmoammerEtAl_2013",NA
"Almoammer2013","Mandarin","3_BarnerMandarin3","5",51,4.25,"non-titrated","AlmoammerEtAl_2013",NA
"Almoammer2013","Mandarin","4_BarnerMandarin3","5",58,4.83333333333333,"non-titrated","AlmoammerEtAl_2013",NA
"Almoammer2013","Mandarin","6_BarnerMandarin3","5",58,4.83333333333333,"non-titrated","AlmoammerEtAl_2013",NA
"Almoammer2013","Mandarin","10_BarnerMandarin3","5",49,4.08333333333333,"non-titrated","AlmoammerEtAl_2013",NA
"Almoammer2013","Mandarin","18_BarnerMandarin3","5",52,4.33333333333333,"non-titrated","AlmoammerEtAl_2013",NA
"Almoammer2013","Mandarin","20_BarnerMandarin3","5",57,4.75,"non-titrated","AlmoammerEtAl_2013",NA
"Almoammer2013","Mandarin","5_BarnerMandarin3","5",58,4.83333333333333,"non-titrated","AlmoammerEtAl_2013",NA
"Almoammer2013","Mandarin","11_BarnerMandarin3","5",60,5,"non-titrated","AlmoammerEtAl_2013",NA
"Almoammer2013","Mandarin","14_BarnerMandarin3","5",52,4.33333333333333,"non-titrated","AlmoammerEtAl_2013",NA
"Almoammer2013","Mandarin","15_BarnerMandarin3","5",53,4.41666666666667,"non-titrated","AlmoammerEtAl_2013",NA
"Almoammer2013","Mandarin","23_BarnerMandarin3","5",56,4.66666666666667,"non-titrated","AlmoammerEtAl_2013",NA
"Almoammer2013","Mandarin","24_BarnerMandarin3","5",52,4.33333333333333,"non-titrated","AlmoammerEtAl_2013",NA
"BarnerChowYoungE1","English","4","2",36,3,"titrated","BarnerChowYoung_2009",NA
"BarnerChowYoungE1","English","5","2",35,2.91666666666667,"titrated","BarnerChowYoung_2009",NA
"BarnerChowYoungE1","English","6","2",33,2.75,"titrated","BarnerChowYoung_2009",NA
"BarnerChowYoungE1","English","7","0",35,2.91666666666667,"titrated","BarnerChowYoung_2009",NA
"BarnerChowYoungE1","English","8","0",33,2.75,"titrated","BarnerChowYoung_2009",NA
"BarnerChowYoungE1","English","9","3",33,2.75,"titrated","BarnerChowYoung_2009",NA
"BarnerChowYoungE1","English","10","2",34,2.83333333333333,"titrated","BarnerChowYoung_2009",NA
"BarnerChowYoungE1","English","10","2",30,2.5,"titrated","BarnerChowYoung_2009",NA
"BarnerChowYoungE1","English","11","2",35,2.91666666666667,"titrated","BarnerChowYoung_2009",NA
"BarnerChowYoungE1","English","12","2",40,3.33333333333333,"titrated","BarnerChowYoung_2009",NA
"BarnerChowYoungE1","English","13","2",38,3.16666666666667,"titrated","BarnerChowYoung_2009",NA
"BarnerChowYoungE1","English","14","2",34,2.83333333333333,"titrated","BarnerChowYoung_2009",NA
"BarnerChowYoungE1","English","15*","0",31,2.58333333333333,"titrated","BarnerChowYoung_2009",NA
"BarnerChowYoungE1","English","19","1",34,2.83333333333333,"titrated","BarnerChowYoung_2009",NA
"BarnerChowYoungE1","English","20","3",34,2.83333333333333,"titrated","BarnerChowYoung_2009",NA
"BarnerChowYoungE1","English","21","CP",37,3.08333333333333,"titrated","BarnerChowYoung_2009",NA
"BarnerChowYoungE1","English","22","1",37,3.08333333333333,"titrated","BarnerChowYoung_2009",NA
"BarnerChowYoungE1","English","23","CP",34,2.83333333333333,"titrated","BarnerChowYoung_2009",NA
"BarnerChowYoungE1","English","26","1",28,2.33333333333333,"titrated","BarnerChowYoung_2009",NA
"BarnerChowYoungE1","English","28","1",28,2.33333333333333,"titrated","BarnerChowYoung_2009",NA
"BarnerChowYoungE1","English","29","2",30,2.5,"titrated","BarnerChowYoung_2009",NA
"BarnerChowYoungE1","English","31","0",29,2.41666666666667,"titrated","BarnerChowYoung_2009",NA
"BarnerChowYoungE1","English","1","CP",67,5.58333333333333,"titrated","BarnerChowYoung_2009",NA
"BarnerChowYoungE1","English","3","CP",55,4.58333333333333,"titrated","BarnerChowYoung_2009",NA
"BarnerChowYoungE1","English","4","1",60,5,"titrated","BarnerChowYoung_2009",NA
"BarnerChowYoungE1","English","5","CP",59,4.91666666666667,"titrated","BarnerChowYoung_2009",NA
"BarnerChowYoungE1","English","6","CP",67,5.58333333333333,"titrated","BarnerChowYoung_2009",NA
"BarnerChowYoungE1","English","7","CP",66,5.5,"titrated","BarnerChowYoung_2009",NA
"BarnerChowYoungE1","English","8","0",56,4.66666666666667,"titrated","BarnerChowYoung_2009",NA
"BarnerChowYoungE1","English","9","0",44,3.66666666666667,"titrated","BarnerChowYoung_2009",NA
"BarnerChowYoungE1","English","10","3",41,3.41666666666667,"titrated","BarnerChowYoung_2009",NA
"BarnerChowYoungE1","English","11","2",39,3.25,"titrated","BarnerChowYoung_2009",NA
"BarnerChowYoungE1","English","12","3",41,3.41666666666667,"titrated","BarnerChowYoung_2009",NA
"BarnerChowYoungE1","English","13","2",39,3.25,"titrated","BarnerChowYoung_2009",NA
"BarnerChowYoungE1","English","14","CP",41,3.41666666666667,"titrated","BarnerChowYoung_2009",NA
"BarnerChowYoungE1","English","15","1",52,4.33333333333333,"titrated","BarnerChowYoung_2009",NA
"BarnerChowYoungE1","English","16","2",40,3.33333333333333,"titrated","BarnerChowYoung_2009",NA
"BarnerChowYoungE1","English","18","2",38,3.16666666666667,"titrated","BarnerChowYoung_2009",NA
"BarnerChowYoungE1","English","19","CP",52,4.33333333333333,"titrated","BarnerChowYoung_2009",NA
"BarnerChowYoungE1","English","20","2",41,3.41666666666667,"titrated","BarnerChowYoung_2009",NA
"BarnerChowYoungE1","English","21","1",46,3.83333333333333,"titrated","BarnerChowYoung_2009",NA
"BarnerChowYoungE1","English","22","CP",53,4.41666666666667,"titrated","BarnerChowYoung_2009",NA
"BarnerChowYoungE1","English","23","CP",42,3.5,"titrated","BarnerChowYoung_2009",NA
"BarnerChowYoungE1","English","24","CP",52,4.33333333333333,"titrated","BarnerChowYoung_2009",NA
"BarnerChowYoungE1","English","25","CP",53,4.41666666666667,"titrated","BarnerChowYoung_2009",NA
"BarnerChowYoungE1","English","26","2",45,3.75,"titrated","BarnerChowYoung_2009",NA
"BarnerChowYoungE1","English","27","CP",62,5.16666666666667,"titrated","BarnerChowYoung_2009",NA
"BarnerChowYoungE1","English","28","CP",64,5.33333333333333,"titrated","BarnerChowYoung_2009",NA
"BarnerChowYoungE1","English","29","CP",66,5.5,"titrated","BarnerChowYoung_2009",NA
"BarnerChowYoungE1","English","30","CP",60,5,"titrated","BarnerChowYoung_2009",NA
"BarnerChowYoungE1","English","31","CP",67,5.58333333333333,"titrated","BarnerChowYoung_2009",NA
"BarnerChowYoungE1","English","32","CP",60,5,"titrated","BarnerChowYoung_2009",NA
"BarnerChowYoungE1","English","33","CP",64,5.33333333333333,"titrated","BarnerChowYoung_2009",NA
"BarnerChowYoungE1","English","34","CP",53,4.41666666666667,"titrated","BarnerChowYoung_2009",NA
"BarnerChowYoungE1","English","35","CP",49,4.08333333333333,"titrated","BarnerChowYoung_2009",NA
"BarnerChowYoungE1","English","36","CP",54,4.5,"titrated","BarnerChowYoung_2009",NA
"BarnerChowYoungE1","English","37","CP",52,4.33333333333333,"titrated","BarnerChowYoung_2009",NA
"BarnerChowYoungE1","English","38",NA,48,4,"titrated","BarnerChowYoung_2009",NA
"BarnerChowYoungE2","English","1","1",30,2.5,"titrated","BarnerChowYoung_2009",NA
"BarnerChowYoungE2","English","5","1",31,2.58333333333333,"titrated","BarnerChowYoung_2009",NA
"BarnerChowYoungE2","English","14","1",30,2.5,"titrated","BarnerChowYoung_2009",NA
"BarnerChowYoungE2","English","18","0",30,2.5,"titrated","BarnerChowYoung_2009",NA
"BarnerChowYoungE2","English","22","2",32,2.66666666666667,"titrated","BarnerChowYoung_2009",NA
"BarnerChowYoungE2","English","24","0",35,2.91666666666667,"titrated","BarnerChowYoung_2009",NA
"BarnerChowYoungE2","English","28","3",27,2.25,"titrated","BarnerChowYoung_2009",NA
"BarnerChowYoungE2","English","34","1",27,2.25,"titrated","BarnerChowYoung_2009",NA
"BarnerChowYoungE2","English","3","1",25,2.08333333333333,"titrated","BarnerChowYoung_2009",NA
"BarnerChowYoungE2","English","9","1",30,2.5,"titrated","BarnerChowYoung_2009",NA
"BarnerChowYoungE2","English","12","0",25,2.08333333333333,"titrated","BarnerChowYoung_2009",NA
"BarnerChowYoungE2","English","20","0",33,2.75,"titrated","BarnerChowYoung_2009",NA
"BarnerChowYoungE2","English","21","1",30,2.5,"titrated","BarnerChowYoung_2009",NA
"BarnerChowYoungE2","English","25","2",24,2,"titrated","BarnerChowYoung_2009",NA
"BarnerChowYoungE2","English","29","0",30,2.5,"titrated","BarnerChowYoung_2009",NA
"BarnerChowYoungE2","English","33","2",29,2.41666666666667,"titrated","BarnerChowYoung_2009",NA
"BarnerChowYoungE2","English","2","0",28,2.33333333333333,"titrated","BarnerChowYoung_2009",NA
"BarnerChowYoungE2","English","6","0",27,2.25,"titrated","BarnerChowYoung_2009",NA
"BarnerChowYoungE2","English","10","1",29,2.41666666666667,"titrated","BarnerChowYoung_2009",NA
"BarnerChowYoungE2","English","19","1",34,2.83333333333333,"titrated","BarnerChowYoung_2009",NA
"BarnerChowYoungE2","English","23","2",27,2.25,"titrated","BarnerChowYoung_2009",NA
"BarnerChowYoungE2","English","26","0",33,2.75,"titrated","BarnerChowYoung_2009",NA
"BarnerChowYoungE2","English","30","3",25,2.08333333333333,"titrated","BarnerChowYoung_2009",NA
"BarnerChowYoungE2","English","4","0",27,2.25,"titrated","BarnerChowYoung_2009",NA
"BarnerChowYoungE2","English","11","2",27,2.25,"titrated","BarnerChowYoung_2009",NA
"BarnerChowYoungE2","English","13","1",29,2.41666666666667,"titrated","BarnerChowYoung_2009",NA
"BarnerChowYoungE2","English","17","1",28,2.33333333333333,"titrated","BarnerChowYoung_2009",NA
"BarnerChowYoungE2","English","27","1",32,2.66666666666667,"titrated","BarnerChowYoung_2009",NA
"BarnerChowYoungE2","English","32","1",30,2.5,"titrated","BarnerChowYoung_2009",NA
"BarnerChowYoungE2","English","1","1",28,2.33333333333333,"titrated","BarnerChowYoung_2009",NA
"BarnerChowYoungE2","English","2","1",29,2.41666666666667,"titrated","BarnerChowYoung_2009",NA
"BarnerChowYoungE2","English","3","4",29,2.41666666666667,"titrated","BarnerChowYoung_2009",NA
"BarnerChowYoungE2","English","4","0",29,2.41666666666667,"titrated","BarnerChowYoung_2009",NA
"BarnerChowYoungE2","English","5","1",35,2.91666666666667,"titrated","BarnerChowYoung_2009",NA
"BarnerChowYoungE2","English","6","2",NA,NA,"titrated","BarnerChowYoung_2009",NA
"BarnerChowYoungE2","English","7","2",29,2.41666666666667,"titrated","BarnerChowYoung_2009",NA
"BarnerChowYoungE2","English","8","2",30,2.5,"titrated","BarnerChowYoung_2009",NA
"BarnerChowYoungE2","English","9","1",32,2.66666666666667,"titrated","BarnerChowYoung_2009",NA
"BarnerChowYoungE2","English","10","2",28,2.33333333333333,"titrated","BarnerChowYoung_2009",NA
"BarnerChowYoungE2","English","11","1",35,2.91666666666667,"titrated","BarnerChowYoung_2009",NA
"BarnerChowYoungE2","English","13","0",34,2.83333333333333,"titrated","BarnerChowYoung_2009",NA
"BarnerChowYoungE2","English","14","0",27,2.25,"titrated","BarnerChowYoung_2009",NA
"BarnerChowYoungE2","English","15","2",23,1.91666666666667,"titrated","BarnerChowYoung_2009",NA
"BarnerChowYoungE2","English","16","1",32,2.66666666666667,"titrated","BarnerChowYoung_2009",NA
"BarnerTakasaki2009","Japanese","1_BarnerJapanese1","0",29,2.41666666666667,"titrated","BarnerLibensonCheungTakasaki_2009",NA
"BarnerTakasaki2009","Japanese","2_BarnerJapanese1","0",29,2.41666666666667,"titrated","BarnerLibensonCheungTakasaki_2009",NA
"BarnerTakasaki2009","Japanese","3_BarnerJapanese1","0",24,2,"titrated","BarnerLibensonCheungTakasaki_2009",NA
"BarnerTakasaki2009","Japanese","4_BarnerJapanese1","0",30,2.5,"titrated","BarnerLibensonCheungTakasaki_2009",NA
"BarnerTakasaki2009","Japanese","8_BarnerJapanese2","0",26,2.16666666666667,"titrated","BarnerLibensonCheungTakasaki_2009",NA
"BarnerTakasaki2009","Japanese","9_BarnerJapanese2","0",24,2,"titrated","BarnerLibensonCheungTakasaki_2009",NA
"BarnerTakasaki2009","Japanese","10_BarnerJapanese2","0",28,2.33333333333333,"titrated","BarnerLibensonCheungTakasaki_2009",NA
"BarnerTakasaki2009","Japanese","11_BarnerJapanese2","0",30,2.5,"titrated","BarnerLibensonCheungTakasaki_2009",NA
"BarnerTakasaki2009","Japanese","12_BarnerJapanese2","0",29,2.41666666666667,"titrated","BarnerLibensonCheungTakasaki_2009",NA
"BarnerTakasaki2009","Japanese","13_BarnerJapanese2","0",26,2.16666666666667,"titrated","BarnerLibensonCheungTakasaki_2009",NA
"BarnerTakasaki2009","Japanese","14_BarnerJapanese2","0",25,2.08333333333333,"titrated","BarnerLibensonCheungTakasaki_2009",NA
"BarnerTakasaki2009","Japanese","16_BarnerJapanese2","0",30,2.5,"titrated","BarnerLibensonCheungTakasaki_2009",NA
"BarnerTakasaki2009","Japanese","17_BarnerJapanese2","0",35,2.91666666666667,"titrated","BarnerLibensonCheungTakasaki_2009",NA
"BarnerTakasaki2009","Japanese","18_BarnerJapanese2","0",36,3,"titrated","BarnerLibensonCheungTakasaki_2009",NA
"BarnerTakasaki2009","Japanese","19_BarnerJapanese2","0",29,2.41666666666667,"titrated","BarnerLibensonCheungTakasaki_2009",NA
"BarnerTakasaki2009","Japanese","20_BarnerJapanese2","0",30,2.5,"titrated","BarnerLibensonCheungTakasaki_2009",NA
"BarnerTakasaki2009","Japanese","22_BarnerJapanese2","0",30,2.5,"titrated","BarnerLibensonCheungTakasaki_2009",NA
"BarnerTakasaki2009","Japanese","25_BarnerJapanese2","0",28,2.33333333333333,"titrated","BarnerLibensonCheungTakasaki_2009",NA
"BarnerTakasaki2009","Japanese","26_BarnerJapanese2","0",34,2.83333333333333,"titrated","BarnerLibensonCheungTakasaki_2009",NA
"BarnerTakasaki2009","Japanese","27_BarnerJapanese2","0",27,2.25,"titrated","BarnerLibensonCheungTakasaki_2009",NA
"BarnerTakasaki2009","Japanese","28_BarnerJapanese2","0",33,2.75,"titrated","BarnerLibensonCheungTakasaki_2009",NA
"BarnerTakasaki2009","Japanese","29_BarnerJapanese2","0",24,2,"titrated","BarnerLibensonCheungTakasaki_2009",NA
"BarnerTakasaki2009","Japanese","30_BarnerJapanese2","0",25,2.08333333333333,"titrated","BarnerLibensonCheungTakasaki_2009",NA
"BarnerTakasaki2009","Japanese","32_BarnerJapanese2","0",25,2.08333333333333,"titrated","BarnerLibensonCheungTakasaki_2009",NA
"BarnerTakasaki2009","Japanese","33_BarnerJapanese2","0",30,2.5,"titrated","BarnerLibensonCheungTakasaki_2009",NA
"BarnerTakasaki2009","Japanese","43_BarnerJapanese2","0",42,3.5,"titrated","BarnerLibensonCheungTakasaki_2009",NA
"BarnerTakasaki2009","Japanese","68_BarnerJapanese2","0",39,3.25,"titrated","BarnerLibensonCheungTakasaki_2009",NA
"BarnerTakasaki2009","Japanese","69_BarnerJapanese1","0",39,3.25,"titrated","BarnerLibensonCheungTakasaki_2009",NA
"BarnerTakasaki2009","Japanese","5_BarnerJapanese1","1",34,2.83333333333333,"titrated","BarnerLibensonCheungTakasaki_2009",NA
"BarnerTakasaki2009","Japanese","15_BarnerJapanese2","1",31,2.58333333333333,"titrated","BarnerLibensonCheungTakasaki_2009",NA
"BarnerTakasaki2009","Japanese","47_BarnerJapanese1","1",39,3.25,"titrated","BarnerLibensonCheungTakasaki_2009",NA
"BarnerTakasaki2009","Japanese","58_BarnerJapanese2","1",45,3.75,"titrated","BarnerLibensonCheungTakasaki_2009",NA
"BarnerTakasaki2009","Japanese","61_BarnerJapanese1","1",45,3.75,"titrated","BarnerLibensonCheungTakasaki_2009",NA
"BarnerTakasaki2009","Japanese","63_BarnerJapanese1","1",45,3.75,"titrated","BarnerLibensonCheungTakasaki_2009",NA
"BarnerTakasaki2009","Japanese","67_BarnerJapanese1","1",45,3.75,"titrated","BarnerLibensonCheungTakasaki_2009",NA
"BarnerTakasaki2009","Japanese","75_BarnerJapanese1","1",39,3.25,"titrated","BarnerLibensonCheungTakasaki_2009",NA
"BarnerTakasaki2009","Japanese","76_BarnerJapanese2","1",39,3.25,"titrated","BarnerLibensonCheungTakasaki_2009",NA
"BarnerTakasaki2009","Japanese","6_BarnerJapanese1","2",32,2.66666666666667,"titrated","BarnerLibensonCheungTakasaki_2009",NA
"BarnerTakasaki2009","Japanese","23_BarnerJapanese2","2",36,3,"titrated","BarnerLibensonCheungTakasaki_2009",NA
"BarnerTakasaki2009","Japanese","24_BarnerJapanese2","2",35,2.91666666666667,"titrated","BarnerLibensonCheungTakasaki_2009",NA
"BarnerTakasaki2009","Japanese","24_BarnerJapanese1","2",53,4.41666666666667,"titrated","BarnerLibensonCheungTakasaki_2009",NA
"BarnerTakasaki2009","Japanese","41_BarnerJapanese2","2",40,3.33333333333333,"titrated","BarnerLibensonCheungTakasaki_2009",NA
"BarnerTakasaki2009","Japanese","42_BarnerJapanese1","2",40,3.33333333333333,"titrated","BarnerLibensonCheungTakasaki_2009",NA
"BarnerTakasaki2009","Japanese","52_BarnerJapanese2","2",40,3.33333333333333,"titrated","BarnerLibensonCheungTakasaki_2009",NA
"BarnerTakasaki2009","Japanese","56_BarnerJapanese2","2",44,3.66666666666667,"titrated","BarnerLibensonCheungTakasaki_2009",NA
"BarnerTakasaki2009","Japanese","72_BarnerJapanese2","2",36,3,"titrated","BarnerLibensonCheungTakasaki_2009",NA
"BarnerTakasaki2009","Japanese","7_BarnerJapanese1","3",31,2.58333333333333,"titrated","BarnerLibensonCheungTakasaki_2009",NA
"BarnerTakasaki2009","Japanese","21_BarnerJapanese2","3",32,2.66666666666667,"titrated","BarnerLibensonCheungTakasaki_2009",NA
"BarnerTakasaki2009","Japanese","28_BarnerJapanese1","3",55,4.58333333333333,"titrated","BarnerLibensonCheungTakasaki_2009",NA
"BarnerTakasaki2009","Japanese","35_BarnerJapanese1","3",49,4.08333333333333,"titrated","BarnerLibensonCheungTakasaki_2009",NA
"BarnerTakasaki2009","Japanese","44_BarnerJapanese1","3",39,3.25,"titrated","BarnerLibensonCheungTakasaki_2009",NA
"BarnerTakasaki2009","Japanese","45_BarnerJapanese2","3",38,3.16666666666667,"titrated","BarnerLibensonCheungTakasaki_2009",NA
"BarnerTakasaki2009","Japanese","50_BarnerJapanese2","3",38,3.16666666666667,"titrated","BarnerLibensonCheungTakasaki_2009",NA
"BarnerTakasaki2009","Japanese","51_BarnerJapanese1","3",38,3.16666666666667,"titrated","BarnerLibensonCheungTakasaki_2009",NA
"BarnerTakasaki2009","Japanese","53_BarnerJapanese1","3",44,3.66666666666667,"titrated","BarnerLibensonCheungTakasaki_2009",NA
"BarnerTakasaki2009","Japanese","66_BarnerJapanese2","3",45,3.75,"titrated","BarnerLibensonCheungTakasaki_2009",NA
"BarnerTakasaki2009","Japanese","70_BarnerJapanese2","3",42,3.5,"titrated","BarnerLibensonCheungTakasaki_2009",NA
"BarnerTakasaki2009","Japanese","74_BarnerJapanese2","3",37,3.08333333333333,"titrated","BarnerLibensonCheungTakasaki_2009",NA
"BarnerTakasaki2009","Japanese","1_BarnerJapanese2","CP",54,4.5,"titrated","BarnerLibensonCheungTakasaki_2009",NA
"BarnerTakasaki2009","Japanese","2_BarnerJapanese2","CP",56,4.66666666666667,"titrated","BarnerLibensonCheungTakasaki_2009",NA
"BarnerTakasaki2009","Japanese","3_BarnerJapanese2","CP",58,4.83333333333333,"titrated","BarnerLibensonCheungTakasaki_2009",NA
"BarnerTakasaki2009","Japanese","4_BarnerJapanese2","CP",58,4.83333333333333,"titrated","BarnerLibensonCheungTakasaki_2009",NA
"BarnerTakasaki2009","Japanese","5_BarnerJapanese2","CP",50,4.16666666666667,"titrated","BarnerLibensonCheungTakasaki_2009",NA
"BarnerTakasaki2009","Japanese","6_BarnerJapanese2","CP",54,4.5,"titrated","BarnerLibensonCheungTakasaki_2009",NA
"BarnerTakasaki2009","Japanese","8_BarnerJapanese1","CP",49,4.08333333333333,"titrated","BarnerLibensonCheungTakasaki_2009",NA
"BarnerTakasaki2009","Japanese","9_BarnerJapanese1","CP",55,4.58333333333333,"titrated","BarnerLibensonCheungTakasaki_2009",NA
"BarnerTakasaki2009","Japanese","10_BarnerJapanese1","CP",57,4.75,"titrated","BarnerLibensonCheungTakasaki_2009",NA
"BarnerTakasaki2009","Japanese","11_BarnerJapanese1","CP",54,4.5,"titrated","BarnerLibensonCheungTakasaki_2009",NA
"BarnerTakasaki2009","Japanese","12_BarnerJapanese1","CP",57,4.75,"titrated","BarnerLibensonCheungTakasaki_2009",NA
"BarnerTakasaki2009","Japanese","13_BarnerJapanese1","CP",58,4.83333333333333,"titrated","BarnerLibensonCheungTakasaki_2009",NA
"BarnerTakasaki2009","Japanese","14_BarnerJapanese1","CP",58,4.83333333333333,"titrated","BarnerLibensonCheungTakasaki_2009",NA
"BarnerTakasaki2009","Japanese","15_BarnerJapanese1","CP",58,4.83333333333333,"titrated","BarnerLibensonCheungTakasaki_2009",NA
"BarnerTakasaki2009","Japanese","16_BarnerJapanese1","CP",54,4.5,"titrated","BarnerLibensonCheungTakasaki_2009",NA
"BarnerTakasaki2009","Japanese","17_BarnerJapanese1","CP",52,4.33333333333333,"titrated","BarnerLibensonCheungTakasaki_2009",NA
"BarnerTakasaki2009","Japanese","18_BarnerJapanese1","CP",49,4.08333333333333,"titrated","BarnerLibensonCheungTakasaki_2009",NA
"BarnerTakasaki2009","Japanese","19_BarnerJapanese1","CP",51,4.25,"titrated","BarnerLibensonCheungTakasaki_2009",NA
"BarnerTakasaki2009","Japanese","20_BarnerJapanese1","CP",53,4.41666666666667,"titrated","BarnerLibensonCheungTakasaki_2009",NA
"BarnerTakasaki2009","Japanese","21_BarnerJapanese1","CP",53,4.41666666666667,"titrated","BarnerLibensonCheungTakasaki_2009",NA
"BarnerTakasaki2009","Japanese","22_BarnerJapanese1","CP",55,4.58333333333333,"titrated","BarnerLibensonCheungTakasaki_2009",NA
"BarnerTakasaki2009","Japanese","23_BarnerJapanese1","CP",55,4.58333333333333,"titrated","BarnerLibensonCheungTakasaki_2009",NA
"BarnerTakasaki2009","Japanese","25_BarnerJapanese1","CP",54,4.5,"titrated","BarnerLibensonCheungTakasaki_2009",NA
"BarnerTakasaki2009","Japanese","26_BarnerJapanese1","CP",54,4.5,"titrated","BarnerLibensonCheungTakasaki_2009",NA
"BarnerTakasaki2009","Japanese","27_BarnerJapanese1","CP",54,4.5,"titrated","BarnerLibensonCheungTakasaki_2009",NA
"BarnerTakasaki2009","Japanese","29_BarnerJapanese1","CP",53,4.41666666666667,"titrated","BarnerLibensonCheungTakasaki_2009",NA
"BarnerTakasaki2009","Japanese","31_BarnerJapanese1","CP",59,4.91666666666667,"titrated","BarnerLibensonCheungTakasaki_2009",NA
"BarnerTakasaki2009","Japanese","32_BarnerJapanese1","CP",55,4.58333333333333,"titrated","BarnerLibensonCheungTakasaki_2009",NA
"BarnerTakasaki2009","Japanese","33_BarnerJapanese1","CP",55,4.58333333333333,"titrated","BarnerLibensonCheungTakasaki_2009",NA
"BarnerTakasaki2009","Japanese","34_BarnerJapanese2","CP",49,4.08333333333333,"titrated","BarnerLibensonCheungTakasaki_2009",NA
"BarnerTakasaki2009","Japanese","36_BarnerJapanese2","CP",54,4.5,"titrated","BarnerLibensonCheungTakasaki_2009",NA
"BarnerTakasaki2009","Japanese","37_BarnerJapanese1","CP",58,4.83333333333333,"titrated","BarnerLibensonCheungTakasaki_2009",NA
"BarnerTakasaki2009","Japanese","48_BarnerJapanese2","CP",40,3.33333333333333,"titrated","BarnerLibensonCheungTakasaki_2009",NA
"BarnerTakasaki2009","Japanese","49_BarnerJapanese1","CP",42,3.5,"titrated","BarnerLibensonCheungTakasaki_2009",NA
"BarnerTakasaki2009","Japanese","54_BarnerJapanese2","CP",44,3.66666666666667,"titrated","BarnerLibensonCheungTakasaki_2009",NA
"BarnerTakasaki2009","Japanese","55_BarnerJapanese1","CP",46,3.83333333333333,"titrated","BarnerLibensonCheungTakasaki_2009",NA
"BarnerTakasaki2009","Japanese","57_BarnerJapanese1","CP",46,3.83333333333333,"titrated","BarnerLibensonCheungTakasaki_2009",NA
"BarnerTakasaki2009","Japanese","59_BarnerJapanese1","CP",46,3.83333333333333,"titrated","BarnerLibensonCheungTakasaki_2009",NA
"BarnerTakasaki2009","Japanese","60_BarnerJapanese2","CP",48,4,"titrated","BarnerLibensonCheungTakasaki_2009",NA
"BarnerTakasaki2009","Japanese","62_BarnerJapanese2","CP",44,3.66666666666667,"titrated","BarnerLibensonCheungTakasaki_2009",NA
"BarnerTakasaki2009","Japanese","64_BarnerJapanese2","CP",46,3.83333333333333,"titrated","BarnerLibensonCheungTakasaki_2009",NA
"BarnerTakasaki2009","Japanese","65_BarnerJapanese1","CP",48,4,"titrated","BarnerLibensonCheungTakasaki_2009",NA
"BarnerTakasaki2009","Japanese","71_BarnerJapanese1","CP",41,3.41666666666667,"titrated","BarnerLibensonCheungTakasaki_2009",NA
"BarnerTakasaki2009","Japanese","73_BarnerJapanese1","CP",40,3.33333333333333,"titrated","BarnerLibensonCheungTakasaki_2009",NA
"BarnerTakasaki2009","Japanese","77_BarnerJapanese1","CP",47,3.91666666666667,"titrated","BarnerLibensonCheungTakasaki_2009",NA
"BarnerTakasaki2009","Japanese","78_BarnerJapanese2","CP",48,4,"titrated","BarnerLibensonCheungTakasaki_2009",NA
"Marusic2016","Slovenian_dual","_-T-13032015","2",52,4.33333333333333,"non-titrated","MarusicEtAl_2016",NA
"Marusic2016","Slovenian_dual","02042015-_A-_","2",39,3.25,"non-titrated","MarusicEtAl_2016",NA
"Marusic2016","Slovenian_dual","02042015-A-V","5",46,3.83333333333333,"non-titrated","MarusicEtAl_2016",NA
"Marusic2016","Slovenian_dual","02042015-AL-V","2",43,3.58333333333333,"non-titrated","MarusicEtAl_2016",NA
"Marusic2016","Slovenian_dual","02042015-AN-_","1",37,3.08333333333333,"non-titrated","MarusicEtAl_2016",NA
"Marusic2016","Slovenian_dual","02042015-B-V","5",41,3.41666666666667,"non-titrated","MarusicEtAl_2016",NA
"Marusic2016","Slovenian_dual","02042015-G-V","5",54,4.5,"non-titrated","MarusicEtAl_2016",NA
"Marusic2016","Slovenian_dual","02042015-LIJA-_","1",38,3.16666666666667,"non-titrated","MarusicEtAl_2016",NA
"Marusic2016","Slovenian_dual","02042015-M-V","2",41,3.41666666666667,"non-titrated","MarusicEtAl_2016",NA
"Marusic2016","Slovenian_dual","02042015-MAT-_","1",29,2.41666666666667,"non-titrated","MarusicEtAl_2016",NA
"Marusic2016","Slovenian_dual","02042015-MI-_","1",33,2.75,"non-titrated","MarusicEtAl_2016",NA
"Marusic2016","Slovenian_dual","02042015-N-V","2",36,3,"non-titrated","MarusicEtAl_2016",NA
"Marusic2016","Slovenian_dual","02042015-NEJ-_","2",40,3.33333333333333,"non-titrated","MarusicEtAl_2016",NA
"Marusic2016","Slovenian_dual","02042015-T-V","3",51,4.25,"non-titrated","MarusicEtAl_2016",NA
"Marusic2016","Slovenian_dual","02042015-Tad-_","0",34,2.83333333333333,"non-titrated","MarusicEtAl_2016",NA
"Marusic2016","Slovenian_dual","02042015-TIN-_","2",31,2.58333333333333,"non-titrated","MarusicEtAl_2016",NA
"Marusic2016","Slovenian_dual","02042015-TJ-V","2",51,4.25,"non-titrated","MarusicEtAl_2016",NA
"Marusic2016","Slovenian_dual","02042015-ULA-_","2",38,3.16666666666667,"non-titrated","MarusicEtAl_2016",NA
"Marusic2016","Slovenian_dual","02042015-Val-_","1",32,2.66666666666667,"non-titrated","MarusicEtAl_2016",NA
"Marusic2016","Slovenian_dual","05032015-_-T","5",55,4.58333333333333,"non-titrated","MarusicEtAl_2016",NA
"Marusic2016","Slovenian_dual","05032015-_-T","2",58,4.83333333333333,"non-titrated","MarusicEtAl_2016",NA
"Marusic2016","Slovenian_dual","05032015-A-T","5",60,5,"non-titrated","MarusicEtAl_2016",NA
"Marusic2016","Slovenian_dual","05032015-A-V","3",59,4.91666666666667,"non-titrated","MarusicEtAl_2016",NA
"Marusic2016","Slovenian_dual","05032015-AK-T","5",57,4.75,"non-titrated","MarusicEtAl_2016",NA
"Marusic2016","Slovenian_dual","05032015-AM-V","2",45,3.75,"non-titrated","MarusicEtAl_2016",NA
"Marusic2016","Slovenian_dual","05032015-Do-T","5",44,3.66666666666667,"non-titrated","MarusicEtAl_2016",NA
"Marusic2016","Slovenian_dual","05032015-E-T","2",41,3.41666666666667,"non-titrated","MarusicEtAl_2016",NA
"Marusic2016","Slovenian_dual","05032015-E-V",NA,26,2.16666666666667,"non-titrated","MarusicEtAl_2016",NA
"Marusic2016","Slovenian_dual","05032015-F-V","2",40,3.33333333333333,"non-titrated","MarusicEtAl_2016",NA
"Marusic2016","Slovenian_dual","05032015-J-V","0",26,2.16666666666667,"non-titrated","MarusicEtAl_2016",NA
"Marusic2016","Slovenian_dual","05032015-JJ-V","0",25,2.08333333333333,"non-titrated","MarusicEtAl_2016",NA
"Marusic2016","Slovenian_dual","05032015-K-T","5",59,4.91666666666667,"non-titrated","MarusicEtAl_2016",NA
"Marusic2016","Slovenian_dual","05032015-Ka-T","0",41,3.41666666666667,"non-titrated","MarusicEtAl_2016",NA
"Marusic2016","Slovenian_dual","05032015-L-T","5",42,3.5,"non-titrated","MarusicEtAl_2016",NA
"Marusic2016","Slovenian_dual","05032015-L-V","1",28,2.33333333333333,"non-titrated","MarusicEtAl_2016",NA
"Marusic2016","Slovenian_dual","05032015-La-T","5",52,4.33333333333333,"non-titrated","MarusicEtAl_2016",NA
"Marusic2016","Slovenian_dual","05032015-LA-V","2",40,3.33333333333333,"non-titrated","MarusicEtAl_2016",NA
"Marusic2016","Slovenian_dual","05032015-M-T","5",54,4.5,"non-titrated","MarusicEtAl_2016",NA
"Marusic2016","Slovenian_dual","05032015-Ma-T","2",59,4.91666666666667,"non-titrated","MarusicEtAl_2016",NA
"Marusic2016","Slovenian_dual","05032015-MaP-T","5",54,4.5,"non-titrated","MarusicEtAl_2016",NA
"Marusic2016","Slovenian_dual","05032015-N-T","5",57,4.75,"non-titrated","MarusicEtAl_2016",NA
"Marusic2016","Slovenian_dual","05032015-N-V",NA,27,2.25,"non-titrated","MarusicEtAl_2016",NA
"Marusic2016","Slovenian_dual","05032015-Ne-T","5",54,4.5,"non-titrated","MarusicEtAl_2016",NA
"Marusic2016","Slovenian_dual","05032015-NE-V","0",32,2.66666666666667,"non-titrated","MarusicEtAl_2016",NA
"Marusic2016","Slovenian_dual","05032015-NL-V","5",50,4.16666666666667,"non-titrated","MarusicEtAl_2016",NA
"Marusic2016","Slovenian_dual","05032015-R-V","2",50,4.16666666666667,"non-titrated","MarusicEtAl_2016",NA
"Marusic2016","Slovenian_dual","05032015-RO-V","5",56,4.66666666666667,"non-titrated","MarusicEtAl_2016",NA
"Marusic2016","Slovenian_dual","05032015-T-T","5",60,5,"non-titrated","MarusicEtAl_2016",NA
"Marusic2016","Slovenian_dual","05032015-T-V","5",53,4.41666666666667,"non-titrated","MarusicEtAl_2016",NA
"Marusic2016","Slovenian_dual","05032015-Ti-T","2",46,3.83333333333333,"non-titrated","MarusicEtAl_2016",NA
"Marusic2016","Slovenian_dual","05032015-U-T","5",54,4.5,"non-titrated","MarusicEtAl_2016",NA
"Marusic2016","Slovenian_dual","05032015-V-V","5",58,4.83333333333333,"non-titrated","MarusicEtAl_2016",NA
"Marusic2016","Slovenian_dual","05032015-VI-V","1",28,2.33333333333333,"non-titrated","MarusicEtAl_2016",NA
"Marusic2016","Slovenian_dual","13022015-Ti-V","2",52,4.33333333333333,"non-titrated","MarusicEtAl_2016",NA
"Marusic2016","Slovenian_dual","13032015-K-_","1",37,3.08333333333333,"non-titrated","MarusicEtAl_2016",NA
"Marusic2016","Slovenian_dual","16042015-_-_","1",30,2.5,"non-titrated","MarusicEtAl_2016",NA
"Marusic2016","Slovenian_dual","16042015-G-V","2",32,2.66666666666667,"non-titrated","MarusicEtAl_2016",NA
"Marusic2016","Slovenian_dual","16042015-J-V","1",30,2.5,"non-titrated","MarusicEtAl_2016",NA
"Marusic2016","Slovenian_dual","16042015-KA-V","1",34,2.83333333333333,"non-titrated","MarusicEtAl_2016",NA
"Marusic2016","Slovenian_dual","16042015-M-V","0",27,2.25,"non-titrated","MarusicEtAl_2016",NA
"Marusic2016","Slovenian_dual","16042015-T-_","1",35,2.91666666666667,"non-titrated","MarusicEtAl_2016",NA
"Marusic2016","Slovenian_dual","A-_-13032015","2",37,3.08333333333333,"non-titrated","MarusicEtAl_2016",NA
"Marusic2016","Slovenian_dual","A-V-13022015","5",44,3.66666666666667,"non-titrated","MarusicEtAl_2016",NA
"Marusic2016","Slovenian_dual","B-V-13022015","2",38,3.16666666666667,"non-titrated","MarusicEtAl_2016",NA
"Marusic2016","Slovenian_dual","E-_-13032015","0",36,3,"non-titrated","MarusicEtAl_2016",NA
"Marusic2016","Slovenian_dual","EL-T-13032015","5",51,4.25,"non-titrated","MarusicEtAl_2016",NA
"Marusic2016","Slovenian_dual","EM-T-13032015","0",32,2.66666666666667,"non-titrated","MarusicEtAl_2016",NA
"Marusic2016","Slovenian_dual","ER-T-13032015","5",51,4.25,"non-titrated","MarusicEtAl_2016",NA
"Marusic2016","Slovenian_dual","G-_-13032015","2",45,3.75,"non-titrated","MarusicEtAl_2016",NA
"Marusic2016","Slovenian_dual","J-T-13032015","2",37,3.08333333333333,"non-titrated","MarusicEtAl_2016",NA
"Marusic2016","Slovenian_dual","L-T-13032015","5",58,4.83333333333333,"non-titrated","MarusicEtAl_2016",NA
"Marusic2016","Slovenian_dual","L-V-13022015","2",44,3.66666666666667,"non-titrated","MarusicEtAl_2016",NA
"Marusic2016","Slovenian_dual","M-_-13032015","1",33,2.75,"non-titrated","MarusicEtAl_2016",NA
"Marusic2016","Slovenian_dual","M-V-13022015","5",50,4.16666666666667,"non-titrated","MarusicEtAl_2016",NA
"Marusic2016","Slovenian_dual","MA-_-13032015","0",28,2.33333333333333,"non-titrated","MarusicEtAl_2016",NA
"Marusic2016","Slovenian_dual","MO-_-13032015","0",28,2.33333333333333,"non-titrated","MarusicEtAl_2016",NA
"Marusic2016","Slovenian_dual","NE-_-13032015","2",37,3.08333333333333,"non-titrated","MarusicEtAl_2016",NA
"Marusic2016","Slovenian_dual","NI-_-13032015","1",34,2.83333333333333,"non-titrated","MarusicEtAl_2016",NA
"Marusic2016","Slovenian_dual","P-T-13032015","2",35,2.91666666666667,"non-titrated","MarusicEtAl_2016",NA
"Marusic2016","Slovenian_dual","S-V-13022015","2",39,3.25,"non-titrated","MarusicEtAl_2016",NA
"Marusic2016","Slovenian_dual","T-V-13022015","2",41,3.41666666666667,"non-titrated","MarusicEtAl_2016",NA
"Marusic2016","Slovenian_dual","TA-V-13022015","3",59,4.91666666666667,"non-titrated","MarusicEtAl_2016",NA
"Marusic2016","Slovenian_dual","TB-V-13022015","2",44,3.66666666666667,"non-titrated","MarusicEtAl_2016",NA
"Marusic2016","Slovenian_dual","060412-A-V","1",26,2.16666666666667,"non-titrated","MarusicEtAl_2016",NA
"Marusic2016","Slovenian_dual","060412-B-V","1",36,3,"non-titrated","MarusicEtAl_2016",NA
"Marusic2016","Slovenian_dual","060412-N-V","2",30,2.5,"non-titrated","MarusicEtAl_2016",NA
"Marusic2016","Slovenian_dual","070612-C-V","2",35,2.91666666666667,"non-titrated","MarusicEtAl_2016",NA
"Marusic2016","Slovenian_dual","070612-E-V","2",35,2.91666666666667,"non-titrated","MarusicEtAl_2016",NA
"Marusic2016","Slovenian_dual","070612-J-V","3",36,3,"non-titrated","MarusicEtAl_2016",NA
"Marusic2016","Slovenian_dual","080712-IA-V","5",49,4.08333333333333,"non-titrated","MarusicEtAl_2016",NA
"Marusic2016","Slovenian_dual","080712-J-V","2",41,3.41666666666667,"non-titrated","MarusicEtAl_2016",NA
"Marusic2016","Slovenian_dual","090112-J-V",NA,38,3.16666666666667,"non-titrated","MarusicEtAl_2016",NA
"Marusic2016","Slovenian_dual","090112-M-V",NA,37,3.08333333333333,"non-titrated","MarusicEtAl_2016",NA
"Marusic2016","Slovenian_dual","090112-N-V","2",38,3.16666666666667,"non-titrated","MarusicEtAl_2016",NA
"Marusic2016","Slovenian_dual","090112-U-V","2",36,3,"non-titrated","MarusicEtAl_2016",NA
"Marusic2016","Slovenian_dual","090112-Z-V","2",38,3.16666666666667,"non-titrated","MarusicEtAl_2016",NA
"Marusic2016","Slovenian_dual","110612-D-V","2",53,4.41666666666667,"non-titrated","MarusicEtAl_2016",NA
"Marusic2016","Slovenian_dual","110612-L-V","2",48,4,"non-titrated","MarusicEtAl_2016",NA
"Marusic2016","Slovenian_dual","110612-M-V","3",48,4,"non-titrated","MarusicEtAl_2016",NA
"Marusic2016","Slovenian_dual","110612-MP-V","3",54,4.5,"non-titrated","MarusicEtAl_2016",NA
"Marusic2016","Slovenian_dual","110612-N-V","5",48,4,"non-titrated","MarusicEtAl_2016",NA
"Marusic2016","Slovenian_dual","110612-P-V","5",52,4.33333333333333,"non-titrated","MarusicEtAl_2016",NA
"Marusic2016","Slovenian_dual","110612-V-V","2",47,3.91666666666667,"non-titrated","MarusicEtAl_2016",NA
"Marusic2016","Slovenian_dual","120612-?-V","2",48,4,"non-titrated","MarusicEtAl_2016",NA
"Marusic2016","Slovenian_dual","120612-Z-V","4",39,3.25,"non-titrated","MarusicEtAl_2016",NA
"Marusic2016","Slovenian_dual","140212-M-V",NA,31,2.58333333333333,"non-titrated","MarusicEtAl_2016",NA
"Marusic2016","Slovenian_dual","140212-M1-V","5",40,3.33333333333333,"non-titrated","MarusicEtAl_2016",NA
"Marusic2016","Slovenian_dual","140212-V-V","1",33,2.75,"non-titrated","MarusicEtAl_2016",NA
"Marusic2016","Slovenian_dual","140612-M-V","2",36,3,"non-titrated","MarusicEtAl_2016",NA
"Marusic2016","Slovenian_dual","140612-V-V","0",30,2.5,"non-titrated","MarusicEtAl_2016",NA
"Marusic2016","Slovenian_dual","140612-Z-V","2",35,2.91666666666667,"non-titrated","MarusicEtAl_2016",NA
"Marusic2016","Slovenian_dual","160112-J-V","0",29,2.41666666666667,"non-titrated","MarusicEtAl_2016",NA
"Marusic2016","Slovenian_dual","160112-K-V","2",51,4.25,"non-titrated","MarusicEtAl_2016",NA
"Marusic2016","Slovenian_dual","160112-M-V","2",50,4.16666666666667,"non-titrated","MarusicEtAl_2016",NA
"Marusic2016","Slovenian_dual","160112-M1-V","5",50,4.16666666666667,"non-titrated","MarusicEtAl_2016",NA
"Marusic2016","Slovenian_dual","160112-S-V","0",30,2.5,"non-titrated","MarusicEtAl_2016",NA
"Marusic2016","Slovenian_dual","160112-S1-V","5",49,4.08333333333333,"non-titrated","MarusicEtAl_2016",NA
"Marusic2016","Slovenian_dual","160112-T-V","2",52,4.33333333333333,"non-titrated","MarusicEtAl_2016",NA
"Marusic2016","Slovenian_dual","160112-Z-V","1",33,2.75,"non-titrated","MarusicEtAl_2016",NA
"Marusic2016","Slovenian_dual","170112-B-V","2",28,2.33333333333333,"non-titrated","MarusicEtAl_2016",NA
"Marusic2016","Slovenian_dual","170112-B1-V","5",58,4.83333333333333,"non-titrated","MarusicEtAl_2016",NA
"Marusic2016","Slovenian_dual","170112-K1-V","2",39,3.25,"non-titrated","MarusicEtAl_2016",NA
"Marusic2016","Slovenian_dual","170112-L-V","2",52,4.33333333333333,"non-titrated","MarusicEtAl_2016",NA
"Marusic2016","Slovenian_dual","170112-M2-V","2",41,3.41666666666667,"non-titrated","MarusicEtAl_2016",NA
"Marusic2016","Slovenian_dual","170112-N-V","2",30,2.5,"non-titrated","MarusicEtAl_2016",NA
"Marusic2016","Slovenian_dual","170112-N1-V","4",36,3,"non-titrated","MarusicEtAl_2016",NA
"Marusic2016","Slovenian_dual","180112-Ii-V","2",48,4,"non-titrated","MarusicEtAl_2016",NA
"Marusic2016","Slovenian_dual","180112-J-V","5",45,3.75,"non-titrated","MarusicEtAl_2016",NA
"Marusic2016","Slovenian_dual","180112-L-V","4",45,3.75,"non-titrated","MarusicEtAl_2016",NA
"Marusic2016","Slovenian_dual","180112-T-V","2",41,3.41666666666667,"non-titrated","MarusicEtAl_2016",NA
"Marusic2016","Slovenian_dual","200112-A-V","0",40,3.33333333333333,"non-titrated","MarusicEtAl_2016",NA
"Marusic2016","Slovenian_dual","200112-E-V","5",42,3.5,"non-titrated","MarusicEtAl_2016",NA
"Marusic2016","Slovenian_dual","200112-L-V","2",41,3.41666666666667,"non-titrated","MarusicEtAl_2016",NA
"Marusic2016","Slovenian_dual","200112-L1-V","2",45,3.75,"non-titrated","MarusicEtAl_2016",NA
"Marusic2016","Slovenian_dual","200112-M-V","2",44,3.66666666666667,"non-titrated","MarusicEtAl_2016",NA
"Marusic2016","Slovenian_dual","200112-N-V","2",37,3.08333333333333,"non-titrated","MarusicEtAl_2016",NA
"Marusic2016","Slovenian_dual","200112-P-V","5",48,4,"non-titrated","MarusicEtAl_2016",NA
"Marusic2016","Slovenian_dual","200112-V-V","3",37,3.08333333333333,"non-titrated","MarusicEtAl_2016",NA
"Marusic2016","Slovenian_dual","220312-B-V","2",30,2.5,"non-titrated","MarusicEtAl_2016",NA
"Marusic2016","Slovenian_dual","220312-M-V","0",33,2.75,"non-titrated","MarusicEtAl_2016",NA
"Marusic2016","Slovenian_dual","220312-T-V","1",32,2.66666666666667,"non-titrated","MarusicEtAl_2016",NA
"Marusic2016","Slovenian_dual","220512-I-V","2",29,2.41666666666667,"non-titrated","MarusicEtAl_2016",NA
"Marusic2016","Slovenian_dual","220512-K-V","2",32,2.66666666666667,"non-titrated","MarusicEtAl_2016",NA
"Marusic2016","Slovenian_dual","220512-M-V","2",32,2.66666666666667,"non-titrated","MarusicEtAl_2016",NA
"Marusic2016","Slovenian_dual","220512-P-V","1",31,2.58333333333333,"non-titrated","MarusicEtAl_2016",NA
"Marusic2016","Slovenian_dual","220512-T-V","1",28,2.33333333333333,"non-titrated","MarusicEtAl_2016",NA
"Marusic2016","Slovenian_dual","220512-V-V","0",26,2.16666666666667,"non-titrated","MarusicEtAl_2016",NA
"Marusic2016","Slovenian_dual","260612-AV","5",44,3.66666666666667,"non-titrated","MarusicEtAl_2016",NA
"Marusic2016","Slovenian_dual","260612-J-V","1",29,2.41666666666667,"non-titrated","MarusicEtAl_2016",NA
"Marusic2016","Slovenian_dual","260612-N-V","0",26,2.16666666666667,"non-titrated","MarusicEtAl_2016",NA
"Marusic2016","Slovenian_dual","260612-T-V","5",44,3.66666666666667,"non-titrated","MarusicEtAl_2016",NA
"Marusic2016","Slovenian_dual","280212-G-V","1",29,2.41666666666667,"non-titrated","MarusicEtAl_2016",NA
"Marusic2016","Slovenian_dual","280612-J-V","2",27,2.25,"non-titrated","MarusicEtAl_2016",NA
"Marusic2016","Slovenian_dual","280612-S-V","2",36,3,"non-titrated","MarusicEtAl_2016",NA
"Marusic2016","Slovenian_nonDual","03042014-_-T","2",40,3.33333333333333,"non-titrated","MarusicEtAl_2016",NA
"Marusic2016","Slovenian_nonDual","03042014-_A-T","1",40,3.33333333333333,"non-titrated","MarusicEtAl_2016",NA
"Marusic2016","Slovenian_nonDual","03042014-A-L","1",33,2.75,"non-titrated","MarusicEtAl_2016",NA
"Marusic2016","Slovenian_nonDual","03042014-A-T","2",40,3.33333333333333,"non-titrated","MarusicEtAl_2016",NA
"Marusic2016","Slovenian_nonDual","03042014-AN-L","0",28,2.33333333333333,"non-titrated","MarusicEtAl_2016",NA
"Marusic2016","Slovenian_nonDual","03042014-E-L","1",28,2.33333333333333,"non-titrated","MarusicEtAl_2016",NA
"Marusic2016","Slovenian_nonDual","03042014-I-L","2",34,2.83333333333333,"non-titrated","MarusicEtAl_2016",NA
"Marusic2016","Slovenian_nonDual","03042014-J-T","2",43,3.58333333333333,"non-titrated","MarusicEtAl_2016",NA
"Marusic2016","Slovenian_nonDual","03042014-K-T","2",48,4,"non-titrated","MarusicEtAl_2016",NA
"Marusic2016","Slovenian_nonDual","03042014-N-L","0",28,2.33333333333333,"non-titrated","MarusicEtAl_2016",NA
"Marusic2016","Slovenian_nonDual","03042014-NI-L","0",34,2.83333333333333,"non-titrated","MarusicEtAl_2016",NA
"Marusic2016","Slovenian_nonDual","03042014-NIVES-L","1",36,3,"non-titrated","MarusicEtAl_2016",NA
"Marusic2016","Slovenian_nonDual","03042014-T-L","1",37,3.08333333333333,"non-titrated","MarusicEtAl_2016",NA
"Marusic2016","Slovenian_nonDual","03042014-T-T","1",43,3.58333333333333,"non-titrated","MarusicEtAl_2016",NA
"Marusic2016","Slovenian_nonDual","03042014-TA-L","1",30,2.5,"non-titrated","MarusicEtAl_2016",NA
"Marusic2016","Slovenian_nonDual","03042014-TI-L","1",34,2.83333333333333,"non-titrated","MarusicEtAl_2016",NA
"Marusic2016","Slovenian_nonDual","03042014-Z-L","2",33,2.75,"non-titrated","MarusicEtAl_2016",NA
"Marusic2016","Slovenian_nonDual","03042014-Z-T","0",46,3.83333333333333,"non-titrated","MarusicEtAl_2016",NA
"Marusic2016","Slovenian_nonDual","11042014-_-S","1",47,3.91666666666667,"non-titrated","MarusicEtAl_2016",NA
"Marusic2016","Slovenian_nonDual","11042014-_-T","0",26,2.16666666666667,"non-titrated","MarusicEtAl_2016",NA
"Marusic2016","Slovenian_nonDual","11042014-_-T","1",31,2.58333333333333,"non-titrated","MarusicEtAl_2016",NA
"Marusic2016","Slovenian_nonDual","11042014-B-S","5",51,4.25,"non-titrated","MarusicEtAl_2016",NA
"Marusic2016","Slovenian_nonDual","11042014-D-S","5",58,4.83333333333333,"non-titrated","MarusicEtAl_2016",NA
"Marusic2016","Slovenian_nonDual","11042014-D-T","1",27,2.25,"non-titrated","MarusicEtAl_2016",NA
"Marusic2016","Slovenian_nonDual","11042014-IV-S","2",54,4.5,"non-titrated","MarusicEtAl_2016",NA
"Marusic2016","Slovenian_nonDual","11042014-JA-S","5",58,4.83333333333333,"non-titrated","MarusicEtAl_2016",NA
"Marusic2016","Slovenian_nonDual","11042014-M-S","5",59,4.91666666666667,"non-titrated","MarusicEtAl_2016",NA
"Marusic2016","Slovenian_nonDual","11042014-M-T","1",35,2.91666666666667,"non-titrated","MarusicEtAl_2016",NA
"Marusic2016","Slovenian_nonDual","11042014-MA-T","2",34,2.83333333333333,"non-titrated","MarusicEtAl_2016",NA
"Marusic2016","Slovenian_nonDual","11042014-P-S","5",56,4.66666666666667,"non-titrated","MarusicEtAl_2016",NA
"Marusic2016","Slovenian_nonDual","11042014-T-S","5",59,4.91666666666667,"non-titrated","MarusicEtAl_2016",NA
"Marusic2016","Slovenian_nonDual","11042014-T-T","1",30,2.5,"non-titrated","MarusicEtAl_2016",NA
"Marusic2016","Slovenian_nonDual","11042014-TI-S","5",51,4.25,"non-titrated","MarusicEtAl_2016",NA
"Marusic2016","Slovenian_nonDual","11042014-V-S","3",50,4.16666666666667,"non-titrated","MarusicEtAl_2016",NA
"Marusic2016","Slovenian_nonDual","16052014-_-R","0",29,2.41666666666667,"non-titrated","MarusicEtAl_2016",NA
"Marusic2016","Slovenian_nonDual","16052014-E-R","5",48,4,"non-titrated","MarusicEtAl_2016",NA
"Marusic2016","Slovenian_nonDual","16052014-F-S","5",58,4.83333333333333,"non-titrated","MarusicEtAl_2016",NA
"Marusic2016","Slovenian_nonDual","16052014-K-S","3",58,4.83333333333333,"non-titrated","MarusicEtAl_2016",NA
"Marusic2016","Slovenian_nonDual","16052014-L-S","5",59,4.91666666666667,"non-titrated","MarusicEtAl_2016",NA
"Marusic2016","Slovenian_nonDual","16052014-M-S","1",37,3.08333333333333,"non-titrated","MarusicEtAl_2016",NA
"Marusic2016","Slovenian_nonDual","16052014-MS-R","2",35,2.91666666666667,"non-titrated","MarusicEtAl_2016",NA
"Marusic2016","Slovenian_nonDual","16052014-N-R","1",37,3.08333333333333,"non-titrated","MarusicEtAl_2016",NA
"Marusic2016","Slovenian_nonDual","16052014-N-S","1",29,2.41666666666667,"non-titrated","MarusicEtAl_2016",NA
"Marusic2016","Slovenian_nonDual","16052014-SB-R","0",25,2.08333333333333,"non-titrated","MarusicEtAl_2016",NA
"Marusic2016","Slovenian_nonDual","16052014-T-R","0",27,2.25,"non-titrated","MarusicEtAl_2016",NA
"Marusic2016","Slovenian_nonDual","16052014-T-S","2",38,3.16666666666667,"non-titrated","MarusicEtAl_2016",NA
"Marusic2016","Slovenian_nonDual","16052014-V-R","5",46,3.83333333333333,"non-titrated","MarusicEtAl_2016",NA
"Marusic2016","Slovenian_nonDual","18042014-_-S","1",49,4.08333333333333,"non-titrated","MarusicEtAl_2016",NA
"Marusic2016","Slovenian_nonDual","18042014-A-S","4",46,3.83333333333333,"non-titrated","MarusicEtAl_2016",NA
"Marusic2016","Slovenian_nonDual","18042014-AN-L","5",54,4.5,"non-titrated","MarusicEtAl_2016",NA
"Marusic2016","Slovenian_nonDual","18042014-AZ-L","5",47,3.91666666666667,"non-titrated","MarusicEtAl_2016",NA
"Marusic2016","Slovenian_nonDual","18042014-B-L","5",51,4.25,"non-titrated","MarusicEtAl_2016",NA
"Marusic2016","Slovenian_nonDual","18042014-F-S","2",46,3.83333333333333,"non-titrated","MarusicEtAl_2016",NA
"Marusic2016","Slovenian_nonDual","18042014-I-S","5",49,4.08333333333333,"non-titrated","MarusicEtAl_2016",NA
"Marusic2016","Slovenian_nonDual","18042014-L-S","2",37,3.08333333333333,"non-titrated","MarusicEtAl_2016",NA
"Marusic2016","Slovenian_nonDual","18042014-LA-S","1",42,3.5,"non-titrated","MarusicEtAl_2016",NA
"Marusic2016","Slovenian_nonDual","18042014-M-L","2",50,4.16666666666667,"non-titrated","MarusicEtAl_2016",NA
"Marusic2016","Slovenian_nonDual","18042014-N-L","5",49,4.08333333333333,"non-titrated","MarusicEtAl_2016",NA
"Marusic2016","Slovenian_nonDual","18042014-N-S","2",42,3.5,"non-titrated","MarusicEtAl_2016",NA
"Marusic2016","Slovenian_nonDual","18042014-P-L","2",52,4.33333333333333,"non-titrated","MarusicEtAl_2016",NA
"Marusic2016","Slovenian_nonDual","18042014-P-S","2",44,3.66666666666667,"non-titrated","MarusicEtAl_2016",NA
"Marusic2016","Slovenian_nonDual","18042014-PI-S","5",46,3.83333333333333,"non-titrated","MarusicEtAl_2016",NA
"Marusic2016","Slovenian_nonDual","18042014-R-S",NA,45,3.75,"non-titrated","MarusicEtAl_2016",NA
"Marusic2016","Slovenian_nonDual","18042014-ROK-L","5",50,4.16666666666667,"non-titrated","MarusicEtAl_2016",NA
"Marusic2016","Slovenian_nonDual","18042014-T-L","5",60,5,"non-titrated","MarusicEtAl_2016",NA
"Marusic2016","Slovenian_nonDual","18042014-TE-L","5",53,4.41666666666667,"non-titrated","MarusicEtAl_2016",NA
"Marusic2016","Slovenian_nonDual","18042014-V-S","2",37,3.08333333333333,"non-titrated","MarusicEtAl_2016",NA
"Marusic2016","Slovenian_nonDual","25042014-A-S","5",48,4,"non-titrated","MarusicEtAl_2016",NA
"Marusic2016","Slovenian_nonDual","25042014-AJ-S","4",39,3.25,"non-titrated","MarusicEtAl_2016",NA
"Marusic2016","Slovenian_nonDual","25042014-H-L","2",40,3.33333333333333,"non-titrated","MarusicEtAl_2016",NA
"Marusic2016","Slovenian_nonDual","25042014-J-S","2",42,3.5,"non-titrated","MarusicEtAl_2016",NA
"Marusic2016","Slovenian_nonDual","25042014-K-L","2",41,3.41666666666667,"non-titrated","MarusicEtAl_2016",NA
"Marusic2016","Slovenian_nonDual","25042014-M-S","0",26,2.16666666666667,"non-titrated","MarusicEtAl_2016",NA
"Marusic2016","Slovenian_nonDual","25042014-P-L","1",38,3.16666666666667,"non-titrated","MarusicEtAl_2016",NA
"Marusic2016","Slovenian_nonDual","25042014-P-S","2",39,3.25,"non-titrated","MarusicEtAl_2016",NA
"Marusic2016","Slovenian_nonDual","25042014-T-S","2",39,3.25,"non-titrated","MarusicEtAl_2016",NA
"Marusic2016","Slovenian_nonDual","25042014-TJ-S","5",49,4.08333333333333,"non-titrated","MarusicEtAl_2016",NA
"Marusic2016","Slovenian_nonDual","03062015-A-V","2",32,2.66666666666667,"non-titrated","MarusicEtAl_2016",NA
"Marusic2016","Slovenian_nonDual","03062015-D-V","0",25,2.08333333333333,"non-titrated","MarusicEtAl_2016",NA
"Marusic2016","Slovenian_nonDual","03062015-I-V","0",25,2.08333333333333,"non-titrated","MarusicEtAl_2016",NA
"Marusic2016","Slovenian_nonDual","03062015-T-V","0",34,2.83333333333333,"non-titrated","MarusicEtAl_2016",NA
"Marusic2016","Slovenian_nonDual","03062015-TI-V","0",33,2.75,"non-titrated","MarusicEtAl_2016",NA
"Marusic2016","Slovenian_nonDual","05062015-E-V","1",27,2.25,"non-titrated","MarusicEtAl_2016",NA
"Marusic2016","Slovenian_nonDual","05062015-G-V","1",28,2.33333333333333,"non-titrated","MarusicEtAl_2016",NA
"Marusic2016","Slovenian_nonDual","05062015-S-V","2",25,2.08333333333333,"non-titrated","MarusicEtAl_2016",NA
"Marusic2016","Slovenian_nonDual","05062015-_-V","1",31,2.58333333333333,"non-titrated","MarusicEtAl_2016",NA
"Marusic2016","Slovenian_nonDual","06052015-A-V","1",34,2.83333333333333,"non-titrated","MarusicEtAl_2016",NA
"Marusic2016","Slovenian_nonDual","06052015-D-V","1",35,2.91666666666667,"non-titrated","MarusicEtAl_2016",NA
"Marusic2016","Slovenian_nonDual","06052015-M-V","3",35,2.91666666666667,"non-titrated","MarusicEtAl_2016",NA
"Marusic2016","Slovenian_nonDual","06052015-P-V","0",30,2.5,"non-titrated","MarusicEtAl_2016",NA
"Marusic2016","Slovenian_nonDual","06052015-_-V","0",30,2.5,"non-titrated","MarusicEtAl_2016",NA
"Marusic2016","Slovenian_nonDual","06052015-Z-V","0",34,2.83333333333333,"non-titrated","MarusicEtAl_2016",NA
"Marusic2016","Slovenian_nonDual","07012013-V-V",NA,31,2.58333333333333,"non-titrated","MarusicEtAl_2016",NA
"Marusic2016","Slovenian_nonDual","10122013-_-V","1",30,2.5,"non-titrated","MarusicEtAl_2016",NA
"Marusic2016","Slovenian_nonDual","11062015-K-V","1",28,2.33333333333333,"non-titrated","MarusicEtAl_2016",NA
"Marusic2016","Slovenian_nonDual","11062015-M-V","1",31,2.58333333333333,"non-titrated","MarusicEtAl_2016",NA
"Marusic2016","Slovenian_nonDual","11062015-V-V","0",29,2.41666666666667,"non-titrated","MarusicEtAl_2016",NA
"Marusic2016","Slovenian_nonDual","12032013-MA-V","1",31,2.58333333333333,"non-titrated","MarusicEtAl_2016",NA
"Marusic2016","Slovenian_nonDual","13052015-A-V","2",31,2.58333333333333,"non-titrated","MarusicEtAl_2016",NA
"Marusic2016","Slovenian_nonDual","13052015-AD-V","1",33,2.75,"non-titrated","MarusicEtAl_2016",NA
"Marusic2016","Slovenian_nonDual","13052015-D-V","0",31,2.58333333333333,"non-titrated","MarusicEtAl_2016",NA
"Marusic2016","Slovenian_nonDual","13052015-E-V","0",30,2.5,"non-titrated","MarusicEtAl_2016",NA
"Marusic2016","Slovenian_nonDual","13052015-M-V","1",36,3,"non-titrated","MarusicEtAl_2016",NA
"Marusic2016","Slovenian_nonDual","19052015-AJ-V","0",30,2.5,"non-titrated","MarusicEtAl_2016",NA
"Marusic2016","Slovenian_nonDual","19052015-R-V","0",28,2.33333333333333,"non-titrated","MarusicEtAl_2016",NA
"Marusic2016","Slovenian_nonDual","19052015-VI-V","0",33,2.75,"non-titrated","MarusicEtAl_2016",NA
"Marusic2016","Slovenian_nonDual","19052015-Z-V","2",35,2.91666666666667,"non-titrated","MarusicEtAl_2016",NA
"Marusic2016","Slovenian_nonDual","20052015-A-V","1",31,2.58333333333333,"non-titrated","MarusicEtAl_2016",NA
"Marusic2016","Slovenian_nonDual","20052015-E-V","0",25,2.08333333333333,"non-titrated","MarusicEtAl_2016",NA
"Marusic2016","Slovenian_nonDual","20052015-F-V","0",35,2.91666666666667,"non-titrated","MarusicEtAl_2016",NA
"Marusic2016","Slovenian_nonDual","20052015-L-V","0",33,2.75,"non-titrated","MarusicEtAl_2016",NA
"Marusic2016","Slovenian_nonDual","20052015-S-V","0",36,3,"non-titrated","MarusicEtAl_2016",NA
"Marusic2016","Slovenian_nonDual","27052015-N-V","2",32,2.66666666666667,"non-titrated","MarusicEtAl_2016",NA
"Marusic2016","Slovenian_nonDual","27052015-NE-V","1",32,2.66666666666667,"non-titrated","MarusicEtAl_2016",NA
"Marusic2016","Slovenian_nonDual","27052015-_-V","0",32,2.66666666666667,"non-titrated","MarusicEtAl_2016",NA
"Marusic2016","Slovenian_nonDual","01072013-_-V","5",41,3.41666666666667,"non-titrated","MarusicEtAl_2016",NA
"Marusic2016","Slovenian_nonDual","01072013-L-V","0",30,2.5,"non-titrated","MarusicEtAl_2016",NA
"Marusic2016","Slovenian_nonDual","02072013-A-V","2",50,4.16666666666667,"non-titrated","MarusicEtAl_2016",NA
"Marusic2016","Slovenian_nonDual","02072013-AJ-V","0",33,2.75,"non-titrated","MarusicEtAl_2016",NA
"Marusic2016","Slovenian_nonDual","02072013-B-V","2",54,4.5,"non-titrated","MarusicEtAl_2016",NA
"Marusic2016","Slovenian_nonDual","02072013-G-V","3",45,3.75,"non-titrated","MarusicEtAl_2016",NA
"Marusic2016","Slovenian_nonDual","02072013-I-V","5",50,4.16666666666667,"non-titrated","MarusicEtAl_2016",NA
"Marusic2016","Slovenian_nonDual","02072013-J-V","5",48,4,"non-titrated","MarusicEtAl_2016",NA
"Marusic2016","Slovenian_nonDual","02072013-L-V","4",39,3.25,"non-titrated","MarusicEtAl_2016",NA
"Marusic2016","Slovenian_nonDual","02072013-M-V","2",52,4.33333333333333,"non-titrated","MarusicEtAl_2016",NA
"Marusic2016","Slovenian_nonDual","02072013-ME-V","5",52,4.33333333333333,"non-titrated","MarusicEtAl_2016",NA
"Marusic2016","Slovenian_nonDual","02072013-OL-V","5",41,3.41666666666667,"non-titrated","MarusicEtAl_2016",NA
"Marusic2016","Slovenian_nonDual","02072013-U-V","1",36,3,"non-titrated","MarusicEtAl_2016",NA
"Marusic2016","Slovenian_nonDual","02072013-VI-V","1",38,3.16666666666667,"non-titrated","MarusicEtAl_2016",NA
"Marusic2016","Slovenian_nonDual","02072013-Z-V","5",50,4.16666666666667,"non-titrated","MarusicEtAl_2016",NA
"Marusic2016","Slovenian_nonDual","03012013-E-V","5",44,3.66666666666667,"non-titrated","MarusicEtAl_2016",NA
"Marusic2016","Slovenian_nonDual","03012013-J-V","2",44,3.66666666666667,"non-titrated","MarusicEtAl_2016",NA
"Marusic2016","Slovenian_nonDual","03012013-M-V","5",44,3.66666666666667,"non-titrated","MarusicEtAl_2016",NA
"Marusic2016","Slovenian_nonDual","03012013-N-V","3",45,3.75,"non-titrated","MarusicEtAl_2016",NA
"Marusic2016","Slovenian_nonDual","03012013-NI-V","4",42,3.5,"non-titrated","MarusicEtAl_2016",NA
"Marusic2016","Slovenian_nonDual","03072013-A-V","5",50,4.16666666666667,"non-titrated","MarusicEtAl_2016",NA
"Marusic2016","Slovenian_nonDual","03072013-AM-V","0",31,2.58333333333333,"non-titrated","MarusicEtAl_2016",NA
"Marusic2016","Slovenian_nonDual","03072013-K-V","0",33,2.75,"non-titrated","MarusicEtAl_2016",NA
"Marusic2016","Slovenian_nonDual","03072013-M-V","3",52,4.33333333333333,"non-titrated","MarusicEtAl_2016",NA
"Marusic2016","Slovenian_nonDual","03072013-MA-V","0",28,2.33333333333333,"non-titrated","MarusicEtAl_2016",NA
"Marusic2016","Slovenian_nonDual","03072013-N-V","5",53,4.41666666666667,"non-titrated","MarusicEtAl_2016",NA
"Marusic2016","Slovenian_nonDual","03072013-P-V","5",48,4,"non-titrated","MarusicEtAl_2016",NA
"Marusic2016","Slovenian_nonDual","03072013-PA-V","5",53,4.41666666666667,"non-titrated","MarusicEtAl_2016",NA
"Marusic2016","Slovenian_nonDual","03122012-I-V","5",59,4.91666666666667,"non-titrated","MarusicEtAl_2016",NA
"Marusic2016","Slovenian_nonDual","03122012-L-V","5",55,4.58333333333333,"non-titrated","MarusicEtAl_2016",NA
"Marusic2016","Slovenian_nonDual","03122013-F-V","4",41,3.41666666666667,"non-titrated","MarusicEtAl_2016",NA
"Marusic2016","Slovenian_nonDual","05072013-J-V","1",30,2.5,"non-titrated","MarusicEtAl_2016",NA
"Marusic2016","Slovenian_nonDual","05072013-K-V","1",35,2.91666666666667,"non-titrated","MarusicEtAl_2016",NA
"Marusic2016","Slovenian_nonDual","05072013-M-V","2",32,2.66666666666667,"non-titrated","MarusicEtAl_2016",NA
"Marusic2016","Slovenian_nonDual","05072013-P-V","0",24,2,"non-titrated","MarusicEtAl_2016",NA
"Marusic2016","Slovenian_nonDual","05072013-T-V","1",26,2.16666666666667,"non-titrated","MarusicEtAl_2016",NA
"Marusic2016","Slovenian_nonDual","07012013-J-V","2",41,3.41666666666667,"non-titrated","MarusicEtAl_2016",NA
"Marusic2016","Slovenian_nonDual","07012013-M-V","2",43,3.58333333333333,"non-titrated","MarusicEtAl_2016",NA
"Marusic2016","Slovenian_nonDual","07012013-T-V","1",36,3,"non-titrated","MarusicEtAl_2016",NA
"Marusic2016","Slovenian_nonDual","07012013-V-V","1",30,2.5,"non-titrated","MarusicEtAl_2016",NA
"Marusic2016","Slovenian_nonDual","07052013-F-V","2",53,4.41666666666667,"non-titrated","MarusicEtAl_2016",NA
"Marusic2016","Slovenian_nonDual","07052013-G-V","2",38,3.16666666666667,"non-titrated","MarusicEtAl_2016",NA
"Marusic2016","Slovenian_nonDual","07052013-M-V","3",52,4.33333333333333,"non-titrated","MarusicEtAl_2016",NA
"Marusic2016","Slovenian_nonDual","07052013-N-V","0",32,2.66666666666667,"non-titrated","MarusicEtAl_2016",NA
"Marusic2016","Slovenian_nonDual","07052013-V-V","5",59,4.91666666666667,"non-titrated","MarusicEtAl_2016",NA
"Marusic2016","Slovenian_nonDual","10012013-J-V","5",60,5,"non-titrated","MarusicEtAl_2016",NA
"Marusic2016","Slovenian_nonDual","10122012-L-V","5",51,4.25,"non-titrated","MarusicEtAl_2016",NA
"Marusic2016","Slovenian_nonDual","10122012-T-V","5",48,4,"non-titrated","MarusicEtAl_2016",NA
"Marusic2016","Slovenian_nonDual","10122012-V-V","5",55,4.58333333333333,"non-titrated","MarusicEtAl_2016",NA
"Marusic2016","Slovenian_nonDual","10122013-_-V","1",30,2.5,"non-titrated","MarusicEtAl_2016",NA
"Marusic2016","Slovenian_nonDual","12032013-M-V","5",56,4.66666666666667,"non-titrated","MarusicEtAl_2016",NA
"Marusic2016","Slovenian_nonDual","12032013-MA-V","1",31,2.58333333333333,"non-titrated","MarusicEtAl_2016",NA
"Marusic2016","Slovenian_nonDual","16042013-B-V","5",55,4.58333333333333,"non-titrated","MarusicEtAl_2016",NA
"Marusic2016","Slovenian_nonDual","16042013-G-V","4",44,3.66666666666667,"non-titrated","MarusicEtAl_2016",NA
"Marusic2016","Slovenian_nonDual","16042013-J-V","1",38,3.16666666666667,"non-titrated","MarusicEtAl_2016",NA
"Marusic2016","Slovenian_nonDual","16042013-JA-V","5",44,3.66666666666667,"non-titrated","MarusicEtAl_2016",NA
"Marusic2016","Slovenian_nonDual","16042013-JU-V","3",42,3.5,"non-titrated","MarusicEtAl_2016",NA
"Marusic2016","Slovenian_nonDual","16042013-K-V","2",40,3.33333333333333,"non-titrated","MarusicEtAl_2016",NA
"Marusic2016","Slovenian_nonDual","16042013-KE-V","5",60,5,"non-titrated","MarusicEtAl_2016",NA
"Marusic2016","Slovenian_nonDual","16042013-L-V","1",42,3.5,"non-titrated","MarusicEtAl_2016",NA
"Marusic2016","Slovenian_nonDual","16042013-M-V","5",59,4.91666666666667,"non-titrated","MarusicEtAl_2016",NA
"Marusic2016","Slovenian_nonDual","16042013-O-V","3",59,4.91666666666667,"non-titrated","MarusicEtAl_2016",NA
"Marusic2016","Slovenian_nonDual","16042013-T-V","5",54,4.5,"non-titrated","MarusicEtAl_2016",NA
"Marusic2016","Slovenian_nonDual","16042013-TI-V","0",31,2.58333333333333,"non-titrated","MarusicEtAl_2016",NA
"Marusic2016","Slovenian_nonDual","18062013-E-V","1",30,2.5,"non-titrated","MarusicEtAl_2016",NA
"Marusic2016","Slovenian_nonDual","18062013-L-V","0",30,2.5,"non-titrated","MarusicEtAl_2016",NA
"Marusic2016","Slovenian_nonDual","19062013-B-V","2",36,3,"non-titrated","MarusicEtAl_2016",NA
"Marusic2016","Slovenian_nonDual","19062013-D-V","2",33,2.75,"non-titrated","MarusicEtAl_2016",NA
"Marusic2016","Slovenian_nonDual","19062013-E-V","1",37,3.08333333333333,"non-titrated","MarusicEtAl_2016",NA
"Marusic2016","Slovenian_nonDual","19062013-M-V","2",37,3.08333333333333,"non-titrated","MarusicEtAl_2016",NA
"Marusic2016","Slovenian_nonDual","19062013-N-V","3",37,3.08333333333333,"non-titrated","MarusicEtAl_2016",NA
"Marusic2016","Slovenian_nonDual","19062013-V-V","3",37,3.08333333333333,"non-titrated","MarusicEtAl_2016",NA
"Marusic2016","Slovenian_nonDual","19122012-M-V","3",46,3.83333333333333,"non-titrated","MarusicEtAl_2016",NA
"Marusic2016","Slovenian_nonDual","22042013-E-V","0",26,2.16666666666667,"non-titrated","MarusicEtAl_2016",NA
"Marusic2016","Slovenian_nonDual","22042013-EV-V","1",30,2.5,"non-titrated","MarusicEtAl_2016",NA
"Marusic2016","Slovenian_nonDual","22042013-L-V","2",34,2.83333333333333,"non-titrated","MarusicEtAl_2016",NA
"Marusic2016","Slovenian_nonDual","22042013-N-V","0",25,2.08333333333333,"non-titrated","MarusicEtAl_2016",NA
"Marusic2016","Slovenian_nonDual","22042013-O-V","1",28,2.33333333333333,"non-titrated","MarusicEtAl_2016",NA
"Marusic2016","Slovenian_nonDual","22042013-OS-V","1",34,2.83333333333333,"non-titrated","MarusicEtAl_2016",NA
"Marusic2016","Slovenian_nonDual","22042013-T-V","1",28,2.33333333333333,"non-titrated","MarusicEtAl_2016",NA
"Marusic2016","Slovenian_nonDual","22042013-TI-V","0",29,2.41666666666667,"non-titrated","MarusicEtAl_2016",NA
