SubjID,Age.Mo,Age.Yr,Gender,Give.N.Method,1.GNntitrated_request,1.GNntitrated_answer,1.GNntitrated_KL,2.GNntitrated_request,2.GNntitrated_answer,2.GNntitrated_KL
060618-AM,39.9,3.328767123,F,n-titrated,1,1,4k,6,5,4k
060618-AM,39.9,3.328767123,F,n-titrated,6,5,4k,3,3,4k
060618-AM,39.9,3.328767123,F,n-titrated,4,3,4k,2,2,4k
060618-AM,39.9,3.328767123,F,n-titrated,2,2,4k,4,4,4k
060618-AM,39.9,3.328767123,F,n-titrated,3,3,4k,1,1,4k
060618-AM,39.9,3.328767123,F,n-titrated,1,1,4k,1,1,4k
060618-AM,39.9,3.328767123,F,n-titrated,3,3,4k,6,5,4k
060618-AM,39.9,3.328767123,F,n-titrated,4,4,4k,4,4,4k
060618-AM,39.9,3.328767123,F,n-titrated,6,5,4k,2,2,4k
060618-AM,39.9,3.328767123,F,n-titrated,2,2,4k,3,3,4k
060618-AM,39.9,3.328767123,F,n-titrated,6,4,4k,1,1,4k
060618-AM,39.9,3.328767123,F,n-titrated,3,3,4k,3,3,4k
060618-AM,39.9,3.328767123,F,n-titrated,2,2,4k,4,4,4k
060618-AM,39.9,3.328767123,F,n-titrated,4,4,4k,6,6,4k
060618-AM,39.9,3.328767123,F,n-titrated,1,1,4k,2,2,4k
060618-NB,48.6,4.046575342,M,n-titrated,6,6,CP,1,1,CP
060618-NB,48.6,4.046575342,M,n-titrated,3,3,CP,6,6,CP
060618-NB,48.6,4.046575342,M,n-titrated,2,2,CP,4,4,CP
060618-NB,48.6,4.046575342,M,n-titrated,4,4,CP,2,2,CP
060618-NB,48.6,4.046575342,M,n-titrated,1,1,CP,3,3,CP
060618-NB,48.6,4.046575342,M,n-titrated,1,1,CP,1,1,CP
060618-NB,48.6,4.046575342,M,n-titrated,6,6,CP,3,3,CP
060618-NB,48.6,4.046575342,M,n-titrated,4,4,CP,4,4,CP
060618-NB,48.6,4.046575342,M,n-titrated,2,2,CP,6,6,CP
060618-NB,48.6,4.046575342,M,n-titrated,3,3,CP,2,2,CP
060618-NB,48.6,4.046575342,M,n-titrated,1,1,CP,6,6,CP
060618-NB,48.6,4.046575342,M,n-titrated,3,3,CP,3,3,CP
060618-NB,48.6,4.046575342,M,n-titrated,4,4,CP,2,2,CP
060618-NB,48.6,4.046575342,M,n-titrated,6,6,CP,4,5,CP
060618-NB,48.6,4.046575342,M,n-titrated,2,2,CP,1,1,CP
071018-SW,39.1,3.254794521,F,n-titrated,6,8,1k,1,1,1k
071018-SW,39.1,3.254794521,F,n-titrated,3,8,1k,6,3,1k
071018-SW,39.1,3.254794521,F,n-titrated,2,8,1k,4,6,1k
071018-SW,39.1,3.254794521,F,n-titrated,4,8,1k,2,6,1k
071018-SW,39.1,3.254794521,F,n-titrated,1,1,1k,3,8,1k
071018-SW,39.1,3.254794521,F,n-titrated,1,1,1k,1,3,1k
071018-SW,39.1,3.254794521,F,n-titrated,6,4,1k,3,8,1k
071018-SW,39.1,3.254794521,F,n-titrated,4,6,1k,4,8,1k
071018-SW,39.1,3.254794521,F,n-titrated,2,8,1k,6,8,1k
071018-SW,39.1,3.254794521,F,n-titrated,3,8,1k,2,7,1k
071018-SW,39.1,3.254794521,F,n-titrated,1,1,1k,6,8,1k
071018-SW,39.1,3.254794521,F,n-titrated,3,4,1k,3,3,1k
071018-SW,39.1,3.254794521,F,n-titrated,4,2,1k,2,8,1k
071018-SW,39.1,3.254794521,F,n-titrated,6,2,1k,4,8,1k
071018-SW,39.1,3.254794521,F,n-titrated,2,2,1k,1,1,1k
071118-HR,37.7,3.145205479,M,n-titrated,1,1,1k,6,8,1k
071118-HR,37.7,3.145205479,M,n-titrated,6,6,1k,3,8,1k
071118-HR,37.7,3.145205479,M,n-titrated,4,8,1k,2,8,1k
071118-HR,37.7,3.145205479,M,n-titrated,2,1,1k,4,8,1k
071118-HR,37.7,3.145205479,M,n-titrated,3,8,1k,1,1,1k
071118-HR,37.7,3.145205479,M,n-titrated,1,1,1k,1,1,1k
071118-HR,37.7,3.145205479,M,n-titrated,3,4,1k,6,8,1k
071118-HR,37.7,3.145205479,M,n-titrated,4,8,1k,4,8,1k
071118-HR,37.7,3.145205479,M,n-titrated,6,8,1k,2,8,1k
071118-HR,37.7,3.145205479,M,n-titrated,2,8,1k,3,8,1k
071118-HR,37.7,3.145205479,M,n-titrated,6,8,1k,1,1,1k
071118-HR,37.7,3.145205479,M,n-titrated,3,8,1k,3,8,1k
071118-HR,37.7,3.145205479,M,n-titrated,2,8,1k,4,8,1k
071118-HR,37.7,3.145205479,M,n-titrated,4,8,1k,6,8,1k
071118-HR,37.7,3.145205479,M,n-titrated,1,1,1k,2,8,1k
071118-CC,32.9,2.739726027,M,n-titrated,6,8,0k,1,1,0k
071118-CC,32.9,2.739726027,M,n-titrated,3,8,0k,6,8,0k
071118-CC,32.9,2.739726027,M,n-titrated,2,4,0k,4,8,0k
071118-CC,32.9,2.739726027,M,n-titrated,4,8,0k,2,8,0k
071118-CC,32.9,2.739726027,M,n-titrated,1,8,0k,3,8,0k
071118-CC,32.9,2.739726027,M,n-titrated,1,8,0k,1,8,0k
071118-CC,32.9,2.739726027,M,n-titrated,6,8,0k,3,8,0k
071118-CC,32.9,2.739726027,M,n-titrated,4,8,0k,4,8,0k
071118-CC,32.9,2.739726027,M,n-titrated,2,8,0k,6,8,0k
071118-CC,32.9,2.739726027,M,n-titrated,3,8,0k,2,8,0k
071118-CC,32.9,2.739726027,M,n-titrated,1,8,0k,6,8,0k
071118-CC,32.9,2.739726027,M,n-titrated,3,8,0k,3,8,0k
071118-CC,32.9,2.739726027,M,n-titrated,4,8,0k,2,8,0k
071118-CC,32.9,2.739726027,M,n-titrated,6,8,0k,4,8,0k
071118-CC,32.9,2.739726027,M,n-titrated,2,8,0k,1,8,0k
071118-LV,36.3,3.02739726,M,n-titrated,1,1,3k,6,4,3k
071118-LV,36.3,3.02739726,M,n-titrated,6,8,3k,3,3,3k
071118-LV,36.3,3.02739726,M,n-titrated,4,4,3k,2,2,3k
071118-LV,36.3,3.02739726,M,n-titrated,2,2,3k,4,8,3k
071118-LV,36.3,3.02739726,M,n-titrated,3,3,3k,1,1,3k
071118-LV,36.3,3.02739726,M,n-titrated,1,1,3k,1,1,3k
071118-LV,36.3,3.02739726,M,n-titrated,3,4,3k,6,8,3k
071118-LV,36.3,3.02739726,M,n-titrated,4,5,3k,4,8,3k
071118-LV,36.3,3.02739726,M,n-titrated,6,5,3k,2,2,3k
071118-LV,36.3,3.02739726,M,n-titrated,2,2,3k,3,8,3k
071118-LV,36.3,3.02739726,M,n-titrated,6,8,3k,1,1,3k
071118-LV,36.3,3.02739726,M,n-titrated,3,3,3k,3,3,3k
071118-LV,36.3,3.02739726,M,n-titrated,2,2,3k,4,8,3k
071118-LV,36.3,3.02739726,M,n-titrated,4,8,3k,6,8,3k
071118-LV,36.3,3.02739726,M,n-titrated,1,1,3k,2,8,3k
071318-CB,35.9,2.994520548,M,n-titrated,6,5,2k,1,1,1k
071318-CB,35.9,2.994520548,M,n-titrated,3,4,2k,6,8,1k
071318-CB,35.9,2.994520548,M,n-titrated,2,2,2k,4,5,1k
071318-CB,35.9,2.994520548,M,n-titrated,4,4,2k,2,2,1k
071318-CB,35.9,2.994520548,M,n-titrated,1,1,2k,3,3,1k
071318-CB,35.9,2.994520548,M,n-titrated,1,1,2k,1,1,1k
071318-CB,35.9,2.994520548,M,n-titrated,6,3,2k,3,2,1k
071318-CB,35.9,2.994520548,M,n-titrated,4,6,2k,4,2,1k
071318-CB,35.9,2.994520548,M,n-titrated,2,3,2k,6,4,1k
071318-CB,35.9,2.994520548,M,n-titrated,3,2,2k,2,3,1k
071318-CB,35.9,2.994520548,M,n-titrated,1,1,2k,6,8,1k
071318-CB,35.9,2.994520548,M,n-titrated,3,6,2k,3,2,1k
071318-CB,35.9,2.994520548,M,n-titrated,4,3,2k,2,1,1k
071318-CB,35.9,2.994520548,M,n-titrated,6,3,2k,4,4,1k
071318-CB,35.9,2.994520548,M,n-titrated,2,2,2k,1,1,1k
071318-RO,41.9,3.487671233,M,n-titrated,1,1,1k,6,2,1k
071318-RO,41.9,3.487671233,M,n-titrated,6,2,1k,3,3,1k
071318-RO,41.9,3.487671233,M,n-titrated,4,3,1k,2,4,1k
071318-RO,41.9,3.487671233,M,n-titrated,2,2,1k,4,8,1k
071318-RO,41.9,3.487671233,M,n-titrated,3,2,1k,1,1,1k
071318-RO,41.9,3.487671233,M,n-titrated,1,2,1k,1,1,1k
071318-RO,41.9,3.487671233,M,n-titrated,3,5,1k,6,8,1k
071318-RO,41.9,3.487671233,M,n-titrated,4,8,1k,4,3,1k
071318-RO,41.9,3.487671233,M,n-titrated,6,8,1k,2,8,1k
071318-RO,41.9,3.487671233,M,n-titrated,2,8,1k,3,8,1k
071318-RO,41.9,3.487671233,M,n-titrated,6,8,1k,1,8,1k
071318-RO,41.9,3.487671233,M,n-titrated,3,8,1k,3,8,1k
071318-RO,41.9,3.487671233,M,n-titrated,2,8,1k,4,1,1k
071318-RO,41.9,3.487671233,M,n-titrated,4,8,1k,6,3,1k
071318-RO,41.9,3.487671233,M,n-titrated,1,1,1k,2,2,1k
071818-AS,38.6,3.219178082,F,n-titrated,6,8,2k,1,1,2k
071818-AS,38.6,3.219178082,F,n-titrated,3,8,2k,6,8,2k
071818-AS,38.6,3.219178082,F,n-titrated,2,2,2k,4,8,2k
071818-AS,38.6,3.219178082,F,n-titrated,4,8,2k,2,2,2k
071818-AS,38.6,3.219178082,F,n-titrated,1,1,2k,3,8,2k
071818-AS,38.6,3.219178082,F,n-titrated,1,1,2k,1,1,2k
071818-AS,38.6,3.219178082,F,n-titrated,6,8,2k,3,8,2k
071818-AS,38.6,3.219178082,F,n-titrated,4,8,2k,4,8,2k
071818-AS,38.6,3.219178082,F,n-titrated,2,2,2k,6,8,2k
071818-AS,38.6,3.219178082,F,n-titrated,3,8,2k,2,2,2k
071818-AS,38.6,3.219178082,F,n-titrated,1,1,2k,6,8,2k
071818-AS,38.6,3.219178082,F,n-titrated,3,8,2k,3,8,2k
071818-AS,38.6,3.219178082,F,n-titrated,4,4,2k,2,2,2k
071818-AS,38.6,3.219178082,F,n-titrated,6,8,2k,4,8,2k
071818-AS,38.6,3.219178082,F,n-titrated,2,2,2k,1,2,2k
071918-KT,35.9,2.991780822,F,n-titrated,1,1,1k,6,2,1k
071918-KT,35.9,2.991780822,F,n-titrated,6,2,1k,3,2,1k
071918-KT,35.9,2.991780822,F,n-titrated,4,2,1k,2,2,1k
071918-KT,35.9,2.991780822,F,n-titrated,2,2,1k,4,2,1k
071918-KT,35.9,2.991780822,F,n-titrated,3,2,1k,1,1,1k
071918-KT,35.9,2.991780822,F,n-titrated,1,1,1k,1,1,1k
071918-KT,35.9,2.991780822,F,n-titrated,3,2,1k,6,5,1k
071918-KT,35.9,2.991780822,F,n-titrated,4,4,1k,4,3,1k
071918-KT,35.9,2.991780822,F,n-titrated,6,5,1k,2,3,1k
071918-KT,35.9,2.991780822,F,n-titrated,2,8,1k,3,2,1k
071918-KT,35.9,2.991780822,F,n-titrated,6,2,1k,1,1,1k
071918-KT,35.9,2.991780822,F,n-titrated,3,8,1k,3,2,1k
071918-KT,35.9,2.991780822,F,n-titrated,2,2,1k,4,8,1k
071918-KT,35.9,2.991780822,F,n-titrated,4,2,1k,6,8,1k
071918-KT,35.9,2.991780822,F,n-titrated,1,1,1k,2,2,1k
071918-MS,36,3,F,n-titrated,1,1,0k,6,2,1k
071918-MS,36,3,F,n-titrated,6,1,0k,3,2,1k
071918-MS,36,3,F,n-titrated,4,2,0k,2,2,1k
071918-MS,36,3,F,n-titrated,2,1,0k,4,2,1k
071918-MS,36,3,F,n-titrated,3,1,0k,1,1,1k
071918-MS,36,3,F,n-titrated,1,1,0k,1,1,1k
071918-MS,36,3,F,n-titrated,3,2,0k,6,2,1k
071918-MS,36,3,F,n-titrated,4,2,0k,4,3,1k
071918-MS,36,3,F,n-titrated,6,2,0k,2,2,1k
071918-MS,36,3,F,n-titrated,2,2,0k,3,2,1k
071918-MS,36,3,F,n-titrated,6,2,0k,1,1,1k
071918-MS,36,3,F,n-titrated,3,2,0k,3,2,1k
071918-MS,36,3,F,n-titrated,2,3,0k,4,2,1k
071918-MS,36,3,F,n-titrated,4,2,0k,6,2,1k
071918-MS,36,3,F,n-titrated,1,1,0k,2,2,1k
072018-AH,41.3,3.44109589,M,n-titrated,6,6,CP,1,1,4k
072018-AH,41.3,3.44109589,M,n-titrated,3,3,CP,6,8,4k
072018-AH,41.3,3.44109589,M,n-titrated,2,2,CP,4,4,4k
072018-AH,41.3,3.44109589,M,n-titrated,4,4,CP,2,2,4k
072018-AH,41.3,3.44109589,M,n-titrated,1,1,CP,3,3,4k
072018-AH,41.3,3.44109589,M,n-titrated,1,1,CP,1,1,4k
072018-AH,41.3,3.44109589,M,n-titrated,6,6,CP,3,3,4k
072018-AH,41.3,3.44109589,M,n-titrated,4,4,CP,4,8,4k
072018-AH,41.3,3.44109589,M,n-titrated,2,2,CP,6,8,4k
072018-AH,41.3,3.44109589,M,n-titrated,3,3,CP,2,2,4k
072018-AH,41.3,3.44109589,M,n-titrated,1,1,CP,6,6,4k
072018-AH,41.3,3.44109589,M,n-titrated,3,3,CP,3,3,4k
072018-AH,41.3,3.44109589,M,n-titrated,4,6,CP,2,2,4k
072018-AH,41.3,3.44109589,M,n-titrated,6,6,CP,4,4,4k
072018-AH,41.3,3.44109589,M,n-titrated,2,2,CP,1,1,4k
072318-MK,38.9,3.24109589,F,n-titrated,6,6,CP,1,1,CP
072318-MK,38.9,3.24109589,F,n-titrated,3,3,CP,6,6,CP
072318-MK,38.9,3.24109589,F,n-titrated,2,2,CP,4,4,CP
072318-MK,38.9,3.24109589,F,n-titrated,4,4,CP,2,2,CP
072318-MK,38.9,3.24109589,F,n-titrated,1,1,CP,3,3,CP
072318-MK,38.9,3.24109589,F,n-titrated,1,1,CP,1,1,CP
072318-MK,38.9,3.24109589,F,n-titrated,6,6,CP,3,3,CP
072318-MK,38.9,3.24109589,F,n-titrated,4,4,CP,4,4,CP
072318-MK,38.9,3.24109589,F,n-titrated,2,2,CP,6,6,CP
072318-MK,38.9,3.24109589,F,n-titrated,3,3,CP,2,2,CP
072318-MK,38.9,3.24109589,F,n-titrated,1,1,CP,6,6,CP
072318-MK,38.9,3.24109589,F,n-titrated,3,3,CP,3,3,CP
072318-MK,38.9,3.24109589,F,n-titrated,4,4,CP,2,2,CP
072318-MK,38.9,3.24109589,F,n-titrated,6,6,CP,4,4,CP
072318-MK,38.9,3.24109589,F,n-titrated,2,2,CP,1,1,CP
072418-M,33.9,2.821917808,F,n-titrated,6,2,1k,1,1,1k
072418-M,33.9,2.821917808,F,n-titrated,3,2,1k,6,8,1k
072418-M,33.9,2.821917808,F,n-titrated,2,2,1k,4,2,1k
072418-M,33.9,2.821917808,F,n-titrated,4,2,1k,2,2,1k
072418-M,33.9,2.821917808,F,n-titrated,1,1,1k,3,2,1k
072418-M,33.9,2.821917808,F,n-titrated,1,1,1k,1,1,1k
072418-M,33.9,2.821917808,F,n-titrated,6,2,1k,3,2,1k
072418-M,33.9,2.821917808,F,n-titrated,4,2,1k,4,2,1k
072418-M,33.9,2.821917808,F,n-titrated,2,2,1k,6,4,1k
072418-M,33.9,2.821917808,F,n-titrated,3,2,1k,2,2,1k
072418-M,33.9,2.821917808,F,n-titrated,1,1,1k,6,1,1k
072418-M,33.9,2.821917808,F,n-titrated,3,2,1k,3,4,1k
072418-M,33.9,2.821917808,F,n-titrated,4,2,1k,2,2,1k
072418-M,33.9,2.821917808,F,n-titrated,6,2,1k,4,2,1k
072418-M,33.9,2.821917808,F,n-titrated,2,2,1k,1,1,1k
072518-WV,35.3,2.942465753,F,n-titrated,1,1,4k,6,7,2k
072518-WV,35.3,2.942465753,F,n-titrated,6,8,4k,3,8,2k
072518-WV,35.3,2.942465753,F,n-titrated,4,3,4k,2,2,2k
072518-WV,35.3,2.942465753,F,n-titrated,2,2,4k,4,4,2k
072518-WV,35.3,2.942465753,F,n-titrated,3,3,4k,1,1,2k
072518-WV,35.3,2.942465753,F,n-titrated,1,1,4k,1,1,2k
072518-WV,35.3,2.942465753,F,n-titrated,3,3,4k,6,7,2k
072518-WV,35.3,2.942465753,F,n-titrated,4,4,4k,4,3,2k
072518-WV,35.3,2.942465753,F,n-titrated,6,6,4k,2,2,2k
072518-WV,35.3,2.942465753,F,n-titrated,2,2,4k,3,3,2k
072518-WV,35.3,2.942465753,F,n-titrated,6,5,4k,1,1,2k
072518-WV,35.3,2.942465753,F,n-titrated,3,6,4k,3,4,2k
072518-WV,35.3,2.942465753,F,n-titrated,2,2,4k,4,4,2k
072518-WV,35.3,2.942465753,F,n-titrated,4,4,4k,6,6,2k
072518-WV,35.3,2.942465753,F,n-titrated,1,1,4k,2,2,2k
072618-BS,38.9,3.238356164,M,n-titrated,1,1,3k,6,6,3k
072618-BS,38.9,3.238356164,M,n-titrated,6,6,3k,3,3,3k
072618-BS,38.9,3.238356164,M,n-titrated,4,6,3k,2,2,3k
072618-BS,38.9,3.238356164,M,n-titrated,2,2,3k,4,5,3k
072618-BS,38.9,3.238356164,M,n-titrated,3,3,3k,1,1,3k
072618-BS,38.9,3.238356164,M,n-titrated,1,1,3k,1,1,3k
072618-BS,38.9,3.238356164,M,n-titrated,3,3,3k,6,7,3k
072618-BS,38.9,3.238356164,M,n-titrated,4,5,3k,4,5,3k
072618-BS,38.9,3.238356164,M,n-titrated,6,5,3k,2,2,3k
072618-BS,38.9,3.238356164,M,n-titrated,2,2,3k,3,3,3k
072618-BS,38.9,3.238356164,M,n-titrated,6,6,3k,1,1,3k
072618-BS,38.9,3.238356164,M,n-titrated,3,3,3k,3,3,3k
072618-BS,38.9,3.238356164,M,n-titrated,2,2,3k,4,7,3k
072618-BS,38.9,3.238356164,M,n-titrated,4,5,3k,6,8,3k
072618-BS,38.9,3.238356164,M,n-titrated,1,1,3k,2,2,3k
073018-XT,44,3.665753425,M,n-titrated,1,1,CP,6,6,CP
073018-XT,44,3.665753425,M,n-titrated,6,6,CP,3,3,CP
073018-XT,44,3.665753425,M,n-titrated,4,4,CP,2,2,CP
073018-XT,44,3.665753425,M,n-titrated,2,2,CP,4,4,CP
073018-XT,44,3.665753425,M,n-titrated,3,3,CP,1,1,CP
073018-XT,44,3.665753425,M,n-titrated,1,1,CP,1,1,CP
073018-XT,44,3.665753425,M,n-titrated,3,3,CP,6,6,CP
073018-XT,44,3.665753425,M,n-titrated,4,4,CP,4,4,CP
073018-XT,44,3.665753425,M,n-titrated,6,6,CP,2,2,CP
073018-XT,44,3.665753425,M,n-titrated,2,2,CP,3,3,CP
073018-XT,44,3.665753425,M,n-titrated,6,6,CP,1,1,CP
073018-XT,44,3.665753425,M,n-titrated,3,3,CP,3,3,CP
073018-XT,44,3.665753425,M,n-titrated,2,2,CP,4,4,CP
073018-XT,44,3.665753425,M,n-titrated,4,4,CP,6,6,CP
073018-XT,44,3.665753425,M,n-titrated,1,1,CP,2,2,CP
073018-FRC,36.2,3.016438356,F,n-titrated,6,3,2k,1,1,2k
073018-FRC,36.2,3.016438356,F,n-titrated,3,8,2k,6,4,2k
073018-FRC,36.2,3.016438356,F,n-titrated,2,2,2k,4,8,2k
073018-FRC,36.2,3.016438356,F,n-titrated,4,3,2k,2,2,2k
073018-FRC,36.2,3.016438356,F,n-titrated,1,1,2k,3,8,2k
073018-FRC,36.2,3.016438356,F,n-titrated,1,1,2k,1,1,2k
073018-FRC,36.2,3.016438356,F,n-titrated,6,3,2k,3,8,2k
073018-FRC,36.2,3.016438356,F,n-titrated,4,8,2k,4,4,2k
073018-FRC,36.2,3.016438356,F,n-titrated,2,2,2k,6,7,2k
073018-FRC,36.2,3.016438356,F,n-titrated,3,7,2k,2,2,2k
073018-FRC,36.2,3.016438356,F,n-titrated,1,1,2k,6,4,2k
073018-FRC,36.2,3.016438356,F,n-titrated,3,8,2k,3,7,2k
073018-FRC,36.2,3.016438356,F,n-titrated,4,4,2k,2,2,2k
073018-FRC,36.2,3.016438356,F,n-titrated,6,5,2k,4,3,2k
073018-FRC,36.2,3.016438356,F,n-titrated,2,2,2k,1,1,2k
073118-EC2,45.2,3.764383562,F,n-titrated,6,6,CP,1,1,CP
073118-EC2,45.2,3.764383562,F,n-titrated,3,3,CP,6,6,CP
073118-EC2,45.2,3.764383562,F,n-titrated,2,2,CP,4,4,CP
073118-EC2,45.2,3.764383562,F,n-titrated,4,4,CP,2,2,CP
073118-EC2,45.2,3.764383562,F,n-titrated,1,1,CP,3,3,CP
073118-EC2,45.2,3.764383562,F,n-titrated,1,1,CP,1,1,CP
073118-EC2,45.2,3.764383562,F,n-titrated,6,6,CP,3,3,CP
073118-EC2,45.2,3.764383562,F,n-titrated,4,4,CP,4,4,CP
073118-EC2,45.2,3.764383562,F,n-titrated,2,2,CP,6,6,CP
073118-EC2,45.2,3.764383562,F,n-titrated,3,3,CP,2,2,CP
073118-EC2,45.2,3.764383562,F,n-titrated,1,1,CP,6,6,CP
073118-EC2,45.2,3.764383562,F,n-titrated,3,3,CP,3,3,CP
073118-EC2,45.2,3.764383562,F,n-titrated,4,4,CP,2,2,CP
073118-EC2,45.2,3.764383562,F,n-titrated,6,6,CP,4,4,CP
073118-EC2,45.2,3.764383562,F,n-titrated,2,2,CP,1,1,CP
073118-TC,42.8,3.567123288,M,n-titrated,1,1,1k,6,4,1k
073118-TC,42.8,3.567123288,M,n-titrated,6,8,1k,3,3,1k
073118-TC,42.8,3.567123288,M,n-titrated,4,2,1k,2,3,1k
073118-TC,42.8,3.567123288,M,n-titrated,2,2,1k,4,5,1k
073118-TC,42.8,3.567123288,M,n-titrated,3,2,1k,1,1,1k
073118-TC,42.8,3.567123288,M,n-titrated,1,1,1k,1,1,1k
073118-TC,42.8,3.567123288,M,n-titrated,3,2,1k,6,2,1k
073118-TC,42.8,3.567123288,M,n-titrated,4,2,1k,4,5,1k
073118-TC,42.8,3.567123288,M,n-titrated,6,2,1k,2,4,1k
073118-TC,42.8,3.567123288,M,n-titrated,2,2,1k,3,3,1k
073118-TC,42.8,3.567123288,M,n-titrated,6,2,1k,1,1,1k
073118-TC,42.8,3.567123288,M,n-titrated,3,2,1k,3,4,1k
073118-TC,42.8,3.567123288,M,n-titrated,2,2,1k,4,4,1k
073118-TC,42.8,3.567123288,M,n-titrated,4,2,1k,6,2,1k
073118-TC,42.8,3.567123288,M,n-titrated,1,1,1k,2,2,1k
080118-SG,41.5,3.454794521,M,n-titrated,1,1,CP,6,6,CP
080118-SG,41.5,3.454794521,M,n-titrated,6,6,CP,3,3,CP
080118-SG,41.5,3.454794521,M,n-titrated,4,4,CP,2,2,CP
080118-SG,41.5,3.454794521,M,n-titrated,2,2,CP,4,4,CP
080118-SG,41.5,3.454794521,M,n-titrated,3,3,CP,1,1,CP
080118-SG,41.5,3.454794521,M,n-titrated,1,1,CP,1,1,CP
080118-SG,41.5,3.454794521,M,n-titrated,3,3,CP,6,6,CP
080118-SG,41.5,3.454794521,M,n-titrated,4,4,CP,4,4,CP
080118-SG,41.5,3.454794521,M,n-titrated,6,5,CP,2,2,CP
080118-SG,41.5,3.454794521,M,n-titrated,2,2,CP,3,3,CP
080118-SG,41.5,3.454794521,M,n-titrated,6,6,CP,1,1,CP
080118-SG,41.5,3.454794521,M,n-titrated,3,3,CP,3,3,CP
080118-SG,41.5,3.454794521,M,n-titrated,2,2,CP,4,4,CP
080118-SG,41.5,3.454794521,M,n-titrated,4,4,CP,6,6,CP
080118-SG,41.5,3.454794521,M,n-titrated,1,1,CP,2,2,CP
080318-AR,34.9,2.912328767,F,n-titrated,6,8,1k,1,1,2k
080318-AR,34.9,2.912328767,F,n-titrated,3,8,1k,6,8,2k
080318-AR,34.9,2.912328767,F,n-titrated,2,8,1k,4,2,2k
080318-AR,34.9,2.912328767,F,n-titrated,4,8,1k,2,2,2k
080318-AR,34.9,2.912328767,F,n-titrated,1,1,1k,3,3,2k
080318-AR,34.9,2.912328767,F,n-titrated,1,1,1k,1,1,2k
080318-AR,34.9,2.912328767,F,n-titrated,6,8,1k,3,5,2k
080318-AR,34.9,2.912328767,F,n-titrated,4,2,1k,4,8,2k
080318-AR,34.9,2.912328767,F,n-titrated,2,3,1k,6,8,2k
080318-AR,34.9,2.912328767,F,n-titrated,3,8,1k,2,5,2k
080318-AR,34.9,2.912328767,F,n-titrated,1,1,1k,6,7,2k
080318-AR,34.9,2.912328767,F,n-titrated,3,5,1k,3,8,2k
080318-AR,34.9,2.912328767,F,n-titrated,4,8,1k,2,2,2k
080318-AR,34.9,2.912328767,F,n-titrated,6,8,1k,4,1,2k
080318-AR,34.9,2.912328767,F,n-titrated,2,6,1k,1,3,2k
080818-JC,30.8,2.569863014,F,n-titrated,1,1,1k,6,2,0k
080818-JC,30.8,2.569863014,F,n-titrated,6,2,1k,3,3,0k
080818-JC,30.8,2.569863014,F,n-titrated,4,2,1k,2,2,0k
080818-JC,30.8,2.569863014,F,n-titrated,2,2,1k,4,2,0k
080818-JC,30.8,2.569863014,F,n-titrated,3,2,1k,1,1,0k
080818-JC,30.8,2.569863014,F,n-titrated,1,1,1k,1,1,0k
080818-JC,30.8,2.569863014,F,n-titrated,3,2,1k,6,1,0k
080818-JC,30.8,2.569863014,F,n-titrated,4,2,1k,4,2,0k
080818-JC,30.8,2.569863014,F,n-titrated,6,2,1k,2,6,0k
080818-JC,30.8,2.569863014,F,n-titrated,2,2,1k,3,3,0k
080818-JC,30.8,2.569863014,F,n-titrated,6,2,1k,1,2,0k
080818-JC,30.8,2.569863014,F,n-titrated,3,3,1k,3,2,0k
080818-JC,30.8,2.569863014,F,n-titrated,2,8,1k,4,1,0k
080818-JC,30.8,2.569863014,F,n-titrated,4,8,1k,6,4,0k
080818-JC,30.8,2.569863014,F,n-titrated,1,1,1k,2,8,0k
081018-SJ,43,3.58630137,F,n-titrated,1,1,CP,6,6,CP
081018-SJ,43,3.58630137,F,n-titrated,6,5,CP,3,3,CP
081018-SJ,43,3.58630137,F,n-titrated,4,4,CP,2,2,CP
081018-SJ,43,3.58630137,F,n-titrated,2,2,CP,4,4,CP
081018-SJ,43,3.58630137,F,n-titrated,3,3,CP,1,1,CP
081018-SJ,43,3.58630137,F,n-titrated,1,1,CP,1,1,CP
081018-SJ,43,3.58630137,F,n-titrated,3,3,CP,6,6,CP
081018-SJ,43,3.58630137,F,n-titrated,4,4,CP,4,6,CP
081018-SJ,43,3.58630137,F,n-titrated,6,6,CP,2,2,CP
081018-SJ,43,3.58630137,F,n-titrated,2,2,CP,3,3,CP
081018-SJ,43,3.58630137,F,n-titrated,6,6,CP,1,1,CP
081018-SJ,43,3.58630137,F,n-titrated,3,3,CP,3,3,CP
081018-SJ,43,3.58630137,F,n-titrated,2,2,CP,4,4,CP
081018-SJ,43,3.58630137,F,n-titrated,4,5,CP,6,6,CP
081018-SJ,43,3.58630137,F,n-titrated,1,1,CP,2,2,CP
081018-EF,42.6,3.547945205,F,n-titrated,6,6,3k,1,1,3k
081018-EF,42.6,3.547945205,F,n-titrated,3,3,3k,6,4,3k
081018-EF,42.6,3.547945205,F,n-titrated,2,2,3k,4,4,3k
081018-EF,42.6,3.547945205,F,n-titrated,4,6,3k,2,2,3k
081018-EF,42.6,3.547945205,F,n-titrated,1,1,3k,3,3,3k
081018-EF,42.6,3.547945205,F,n-titrated,1,1,3k,1,1,3k
081018-EF,42.6,3.547945205,F,n-titrated,6,8,3k,3,3,3k
081018-EF,42.6,3.547945205,F,n-titrated,4,7,3k,4,4,3k
081018-EF,42.6,3.547945205,F,n-titrated,2,2,3k,6,6,3k
081018-EF,42.6,3.547945205,F,n-titrated,3,3,3k,2,2,3k
081018-EF,42.6,3.547945205,F,n-titrated,1,1,3k,6,4,3k
081018-EF,42.6,3.547945205,F,n-titrated,3,3,3k,3,3,3k
081018-EF,42.6,3.547945205,F,n-titrated,4,8,3k,2,2,3k
081018-EF,42.6,3.547945205,F,n-titrated,6,8,3k,4,6,3k
081018-EF,42.6,3.547945205,F,n-titrated,2,2,3k,1,1,3k
081318-KC,40.2,3.350684932,F,n-titrated,1,1,4k,6,8,CP
081318-KC,40.2,3.350684932,F,n-titrated,6,4,4k,3,3,CP
081318-KC,40.2,3.350684932,F,n-titrated,4,4,4k,2,2,CP
081318-KC,40.2,3.350684932,F,n-titrated,2,2,4k,4,4,CP
081318-KC,40.2,3.350684932,F,n-titrated,3,3,4k,1,1,CP
081318-KC,40.2,3.350684932,F,n-titrated,1,1,4k,1,1,CP
081318-KC,40.2,3.350684932,F,n-titrated,3,3,4k,6,6,CP
081318-KC,40.2,3.350684932,F,n-titrated,4,4,4k,4,4,CP
081318-KC,40.2,3.350684932,F,n-titrated,6,5,4k,2,2,CP
081318-KC,40.2,3.350684932,F,n-titrated,2,2,4k,3,3,CP
081318-KC,40.2,3.350684932,F,n-titrated,6,6,4k,1,1,CP
081318-KC,40.2,3.350684932,F,n-titrated,3,3,4k,3,4,CP
081318-KC,40.2,3.350684932,F,n-titrated,2,2,4k,4,4,CP
081318-KC,40.2,3.350684932,F,n-titrated,4,4,4k,6,6,CP
081318-KC,40.2,3.350684932,F,n-titrated,1,1,4k,2,2,CP
081618-EM,35.7,2.97260274,F,n-titrated,6,8,CP,1,1,CP
081618-EM,35.7,2.97260274,F,n-titrated,3,3,CP,6,6,CP
081618-EM,35.7,2.97260274,F,n-titrated,2,2,CP,4,4,CP
081618-EM,35.7,2.97260274,F,n-titrated,4,4,CP,2,2,CP
081618-EM,35.7,2.97260274,F,n-titrated,1,1,CP,3,3,CP
081618-EM,35.7,2.97260274,F,n-titrated,1,1,CP,1,1,CP
081618-EM,35.7,2.97260274,F,n-titrated,6,6,CP,3,3,CP
081618-EM,35.7,2.97260274,F,n-titrated,4,4,CP,4,4,CP
081618-EM,35.7,2.97260274,F,n-titrated,2,2,CP,6,7,CP
081618-EM,35.7,2.97260274,F,n-titrated,3,3,CP,2,2,CP
081618-EM,35.7,2.97260274,F,n-titrated,1,1,CP,6,6,CP
081618-EM,35.7,2.97260274,F,n-titrated,3,3,CP,3,3,CP
081618-EM,35.7,2.97260274,F,n-titrated,4,4,CP,2,2,CP
081618-EM,35.7,2.97260274,F,n-titrated,6,6,CP,4,4,CP
081618-EM,35.7,2.97260274,F,n-titrated,2,2,CP,1,1,CP
082918-IH,37.8,3.147945205,F,n-titrated,6,6,CP,1,1,CP
082918-IH,37.8,3.147945205,F,n-titrated,3,3,CP,6,6,CP
082918-IH,37.8,3.147945205,F,n-titrated,2,2,CP,4,4,CP
082918-IH,37.8,3.147945205,F,n-titrated,4,4,CP,2,2,CP
082918-IH,37.8,3.147945205,F,n-titrated,1,1,CP,3,3,CP
082918-IH,37.8,3.147945205,F,n-titrated,1,1,CP,1,1,CP
082918-IH,37.8,3.147945205,F,n-titrated,6,6,CP,3,3,CP
082918-IH,37.8,3.147945205,F,n-titrated,4,4,CP,4,4,CP
082918-IH,37.8,3.147945205,F,n-titrated,2,2,CP,6,6,CP
082918-IH,37.8,3.147945205,F,n-titrated,3,3,CP,2,2,CP
082918-IH,37.8,3.147945205,F,n-titrated,1,1,CP,6,6,CP
082918-IH,37.8,3.147945205,F,n-titrated,3,3,CP,3,3,CP
082918-IH,37.8,3.147945205,F,n-titrated,4,4,CP,2,2,CP
082918-IH,37.8,3.147945205,F,n-titrated,6,6,CP,4,4,CP
082918-IH,37.8,3.147945205,F,n-titrated,2,2,CP,1,1,CP
082918-ET,31.1,2.589041096,F,n-titrated,1,1,2k,6,8,2k
082918-ET,31.1,2.589041096,F,n-titrated,6,8,2k,3,8,2k
082918-ET,31.1,2.589041096,F,n-titrated,4,2,2k,2,2,2k
082918-ET,31.1,2.589041096,F,n-titrated,2,2,2k,4,8,2k
082918-ET,31.1,2.589041096,F,n-titrated,3,4,2k,1,1,2k
082918-ET,31.1,2.589041096,F,n-titrated,1,1,2k,1,1,2k
082918-ET,31.1,2.589041096,F,n-titrated,3,3,2k,6,8,2k
082918-ET,31.1,2.589041096,F,n-titrated,4,8,2k,4,8,2k
082918-ET,31.1,2.589041096,F,n-titrated,6,4,2k,2,2,2k
082918-ET,31.1,2.589041096,F,n-titrated,2,2,2k,3,8,2k
082918-ET,31.1,2.589041096,F,n-titrated,6,8,2k,1,1,2k
082918-ET,31.1,2.589041096,F,n-titrated,3,8,2k,3,8,2k
082918-ET,31.1,2.589041096,F,n-titrated,2,2,2k,4,8,2k
082918-ET,31.1,2.589041096,F,n-titrated,4,8,2k,6,8,2k
082918-ET,31.1,2.589041096,F,n-titrated,1,1,2k,2,2,2k
082918-TF,37.3,3.109589041,F,n-titrated,6,8,2k,1,1,1k
082918-TF,37.3,3.109589041,F,n-titrated,3,8,2k,6,8,1k
082918-TF,37.3,3.109589041,F,n-titrated,2,8,2k,4,8,1k
082918-TF,37.3,3.109589041,F,n-titrated,4,8,2k,2,2,1k
082918-TF,37.3,3.109589041,F,n-titrated,1,1,2k,3,2,1k
082918-TF,37.3,3.109589041,F,n-titrated,1,1,2k,1,1,1k
082918-TF,37.3,3.109589041,F,n-titrated,6,8,2k,3,2,1k
082918-TF,37.3,3.109589041,F,n-titrated,4,5,2k,4,2,1k
082918-TF,37.3,3.109589041,F,n-titrated,2,2,2k,6,6,1k
082918-TF,37.3,3.109589041,F,n-titrated,3,8,2k,2,2,1k
082918-TF,37.3,3.109589041,F,n-titrated,1,1,2k,6,8,1k
082918-TF,37.3,3.109589041,F,n-titrated,3,8,2k,3,5,1k
082918-TF,37.3,3.109589041,F,n-titrated,4,8,2k,2,2,1k
082918-TF,37.3,3.109589041,F,n-titrated,6,8,2k,4,2,1k
082918-TF,37.3,3.109589041,F,n-titrated,2,2,2k,1,1,1k
082918-CT,31.6,2.632876712,F,n-titrated,1,1,1k,6,3,1k
082918-CT,31.6,2.632876712,F,n-titrated,6,4,1k,3,2,1k
082918-CT,31.6,2.632876712,F,n-titrated,4,2,1k,2,2,1k
082918-CT,31.6,2.632876712,F,n-titrated,2,3,1k,4,6,1k
082918-CT,31.6,2.632876712,F,n-titrated,3,2,1k,1,1,1k
082918-CT,31.6,2.632876712,F,n-titrated,1,1,1k,1,1,1k
082918-CT,31.6,2.632876712,F,n-titrated,3,2,1k,6,8,1k
082918-CT,31.6,2.632876712,F,n-titrated,4,2,1k,4,4,1k
082918-CT,31.6,2.632876712,F,n-titrated,6,2,1k,2,5,1k
082918-CT,31.6,2.632876712,F,n-titrated,2,2,1k,3,4,1k
082918-CT,31.6,2.632876712,F,n-titrated,6,2,1k,1,1,1k
082918-CT,31.6,2.632876712,F,n-titrated,3,2,1k,3,2,1k
082918-CT,31.6,2.632876712,F,n-titrated,2,2,1k,4,4,1k
082918-CT,31.6,2.632876712,F,n-titrated,4,2,1k,6,2,1k
082918-CT,31.6,2.632876712,F,n-titrated,1,1,1k,2,2,1k
092618-BS,47.6,3.967123288,M,n-titrated,6,6,CP,6,1,CP
092618-BS,47.6,3.967123288,M,n-titrated,3,3,CP,3,6,CP
092618-BS,47.6,3.967123288,M,n-titrated,2,2,CP,2,4,CP
092618-BS,47.6,3.967123288,M,n-titrated,4,4,CP,4,2,CP
092618-BS,47.6,3.967123288,M,n-titrated,1,1,CP,1,3,CP
092618-BS,47.6,3.967123288,M,n-titrated,1,1,CP,1,1,CP
092618-BS,47.6,3.967123288,M,n-titrated,6,6,CP,6,3,CP
092618-BS,47.6,3.967123288,M,n-titrated,4,4,CP,4,4,CP
092618-BS,47.6,3.967123288,M,n-titrated,2,2,CP,2,6,CP
092618-BS,47.6,3.967123288,M,n-titrated,3,3,CP,3,2,CP
092618-BS,47.6,3.967123288,M,n-titrated,1,1,CP,1,6,CP
092618-BS,47.6,3.967123288,M,n-titrated,3,3,CP,3,3,CP
092618-BS,47.6,3.967123288,M,n-titrated,4,4,CP,4,2,CP
092618-BS,47.6,3.967123288,M,n-titrated,6,6,CP,6,4,CP
092618-BS,47.6,3.967123288,M,n-titrated,2,2,CP,2,1,CP
100118-AA,38.3,3.189041096,M,n-titrated,1,1,CP,6,6,CP
100118-AA,38.3,3.189041096,M,n-titrated,6,7,CP,3,3,CP
100118-AA,38.3,3.189041096,M,n-titrated,4,4,CP,2,2,CP
100118-AA,38.3,3.189041096,M,n-titrated,2,2,CP,4,4,CP
100118-AA,38.3,3.189041096,M,n-titrated,3,3,CP,1,1,CP
100118-AA,38.3,3.189041096,M,n-titrated,1,1,CP,1,1,CP
100118-AA,38.3,3.189041096,M,n-titrated,3,3,CP,6,6,CP
100118-AA,38.3,3.189041096,M,n-titrated,4,4,CP,4,4,CP
100118-AA,38.3,3.189041096,M,n-titrated,6,6,CP,2,2,CP
100118-AA,38.3,3.189041096,M,n-titrated,2,2,CP,3,3,CP
100118-AA,38.3,3.189041096,M,n-titrated,6,6,CP,1,1,CP
100118-AA,38.3,3.189041096,M,n-titrated,3,3,CP,3,3,CP
100118-AA,38.3,3.189041096,M,n-titrated,2,2,CP,4,4,CP
100118-AA,38.3,3.189041096,M,n-titrated,4,4,CP,6,6,CP
100118-AA,38.3,3.189041096,M,n-titrated,1,1,CP,2,2,CP
101918-TM,32.3,2.693150685,M,n-titrated,6,8,4k,1,1,4k
101918-TM,32.3,2.693150685,M,n-titrated,3,3,4k,6,8,4k
101918-TM,32.3,2.693150685,M,n-titrated,2,2,4k,4,4,4k
101918-TM,32.3,2.693150685,M,n-titrated,4,4,4k,2,2,4k
101918-TM,32.3,2.693150685,M,n-titrated,1,1,4k,3,3,4k
101918-TM,32.3,2.693150685,M,n-titrated,1,1,4k,1,1,4k
101918-TM,32.3,2.693150685,M,n-titrated,6,6,4k,3,3,4k
101918-TM,32.3,2.693150685,M,n-titrated,4,4,4k,4,4,4k
101918-TM,32.3,2.693150685,M,n-titrated,2,2,4k,6,6,4k
101918-TM,32.3,2.693150685,M,n-titrated,3,3,4k,2,2,4k
101918-TM,32.3,2.693150685,M,n-titrated,1,1,4k,6,7,4k
101918-TM,32.3,2.693150685,M,n-titrated,3,3,4k,3,3,4k
101918-TM,32.3,2.693150685,M,n-titrated,4,4,4k,2,2,4k
101918-TM,32.3,2.693150685,M,n-titrated,6,5,4k,4,4,4k
101918-TM,32.3,2.693150685,M,n-titrated,2,2,4k,1,1,4k
102218-PM,31.7,2.643835616,F,n-titrated,1,1,3k,6,3,2k
102218-PM,31.7,2.643835616,F,n-titrated,6,8,3k,3,2,2k
102218-PM,31.7,2.643835616,F,n-titrated,4,5,3k,2,2,2k
102218-PM,31.7,2.643835616,F,n-titrated,2,2,3k,4,3,2k
102218-PM,31.7,2.643835616,F,n-titrated,3,3,3k,1,1,2k
102218-PM,31.7,2.643835616,F,n-titrated,1,1,3k,1,1,2k
102218-PM,31.7,2.643835616,F,n-titrated,3,3,3k,6,4,2k
102218-PM,31.7,2.643835616,F,n-titrated,4,5,3k,4,3,2k
102218-PM,31.7,2.643835616,F,n-titrated,6,8,3k,2,2,2k
102218-PM,31.7,2.643835616,F,n-titrated,2,2,3k,3,3,2k
102218-PM,31.7,2.643835616,F,n-titrated,6,4,3k,1,1,2k
102218-PM,31.7,2.643835616,F,n-titrated,3,3,3k,3,6,2k
102218-PM,31.7,2.643835616,F,n-titrated,2,2,3k,4,4,2k
102218-PM,31.7,2.643835616,F,n-titrated,4,5,3k,6,8,2k
102218-PM,31.7,2.643835616,F,n-titrated,1,1,3k,2,2,2k
102518-EP,43.3,3.610958904,M,n-titrated,1,1,CP,6,6,CP
102518-EP,43.3,3.610958904,M,n-titrated,6,5,CP,3,3,CP
102518-EP,43.3,3.610958904,M,n-titrated,4,4,CP,2,2,CP
102518-EP,43.3,3.610958904,M,n-titrated,2,2,CP,4,4,CP
102518-EP,43.3,3.610958904,M,n-titrated,3,3,CP,1,1,CP
102518-EP,43.3,3.610958904,M,n-titrated,1,1,CP,1,1,CP
102518-EP,43.3,3.610958904,M,n-titrated,3,3,CP,6,3,CP
102518-EP,43.3,3.610958904,M,n-titrated,4,4,CP,4,4,CP
102518-EP,43.3,3.610958904,M,n-titrated,6,6,CP,2,2,CP
102518-EP,43.3,3.610958904,M,n-titrated,2,2,CP,3,3,CP
102518-EP,43.3,3.610958904,M,n-titrated,6,6,CP,1,1,CP
102518-EP,43.3,3.610958904,M,n-titrated,3,3,CP,3,3,CP
102518-EP,43.3,3.610958904,M,n-titrated,2,2,CP,4,4,CP
102518-EP,43.3,3.610958904,M,n-titrated,4,4,CP,6,6,CP
102518-EP,43.3,3.610958904,M,n-titrated,1,1,CP,2,2,CP
102918-MS,43.1,3.589041096,M,n-titrated,1,1,CP,6,6,CP
102918-MS,43.1,3.589041096,M,n-titrated,6,6,CP,3,3,CP
102918-MS,43.1,3.589041096,M,n-titrated,4,4,CP,2,2,CP
102918-MS,43.1,3.589041096,M,n-titrated,2,2,CP,4,4,CP
102918-MS,43.1,3.589041096,M,n-titrated,3,3,CP,1,1,CP
102918-MS,43.1,3.589041096,M,n-titrated,1,1,CP,1,1,CP
102918-MS,43.1,3.589041096,M,n-titrated,3,3,CP,6,6,CP
102918-MS,43.1,3.589041096,M,n-titrated,4,4,CP,4,4,CP
102918-MS,43.1,3.589041096,M,n-titrated,6,6,CP,2,2,CP
102918-MS,43.1,3.589041096,M,n-titrated,2,2,CP,3,3,CP
102918-MS,43.1,3.589041096,M,n-titrated,6,6,CP,1,1,CP
102918-MS,43.1,3.589041096,M,n-titrated,3,3,CP,3,3,CP
102918-MS,43.1,3.589041096,M,n-titrated,2,2,CP,4,4,CP
102918-MS,43.1,3.589041096,M,n-titrated,4,4,CP,6,6,CP
102918-MS,43.1,3.589041096,M,n-titrated,1,1,CP,2,2,CP
102918-PM,33.9,2.824657534,M,n-titrated,6,8,CP,1,1,CP
102918-PM,33.9,2.824657534,M,n-titrated,3,3,CP,6,6,CP
102918-PM,33.9,2.824657534,M,n-titrated,2,2,CP,4,4,CP
102918-PM,33.9,2.824657534,M,n-titrated,4,4,CP,2,2,CP
102918-PM,33.9,2.824657534,M,n-titrated,1,1,CP,3,3,CP
102918-PM,33.9,2.824657534,M,n-titrated,1,1,CP,1,1,CP
102918-PM,33.9,2.824657534,M,n-titrated,6,6,CP,3,3,CP
102918-PM,33.9,2.824657534,M,n-titrated,4,5,CP,4,4,CP
102918-PM,33.9,2.824657534,M,n-titrated,2,2,CP,6,6,CP
102918-PM,33.9,2.824657534,M,n-titrated,3,3,CP,2,2,CP
102918-PM,33.9,2.824657534,M,n-titrated,1,1,CP,6,7,CP
102918-PM,33.9,2.824657534,M,n-titrated,3,3,CP,3,3,CP
102918-PM,33.9,2.824657534,M,n-titrated,4,4,CP,2,2,CP
102918-PM,33.9,2.824657534,M,n-titrated,6,6,CP,4,4,CP
102918-PM,33.9,2.824657534,M,n-titrated,2,2,CP,1,1,CP
103118-EC,46.7,3.893150685,F,n-titrated,6,6,CP,1,1,CP
103118-EC,46.7,3.893150685,F,n-titrated,3,3,CP,6,6,CP
103118-EC,46.7,3.893150685,F,n-titrated,2,2,CP,4,4,CP
103118-EC,46.7,3.893150685,F,n-titrated,4,4,CP,2,2,CP
103118-EC,46.7,3.893150685,F,n-titrated,1,1,CP,3,3,CP
103118-EC,46.7,3.893150685,F,n-titrated,1,1,CP,1,1,CP
103118-EC,46.7,3.893150685,F,n-titrated,6,6,CP,3,3,CP
103118-EC,46.7,3.893150685,F,n-titrated,4,4,CP,4,4,CP
103118-EC,46.7,3.893150685,F,n-titrated,2,2,CP,6,6,CP
103118-EC,46.7,3.893150685,F,n-titrated,3,3,CP,2,2,CP
103118-EC,46.7,3.893150685,F,n-titrated,1,1,CP,6,6,CP
103118-EC,46.7,3.893150685,F,n-titrated,3,3,CP,3,3,CP
103118-EC,46.7,3.893150685,F,n-titrated,4,4,CP,2,2,CP
103118-EC,46.7,3.893150685,F,n-titrated,6,6,CP,4,4,CP
103118-EC,46.7,3.893150685,F,n-titrated,2,2,CP,1,1,CP
110118-FF,37,3.082191781,M,n-titrated,6,3,2k,1,1,2k
110118-FF,37,3.082191781,M,n-titrated,3,3,2k,6,3,2k
110118-FF,37,3.082191781,M,n-titrated,2,2,2k,4,1,2k
110118-FF,37,3.082191781,M,n-titrated,4,4,2k,2,2,2k
110118-FF,37,3.082191781,M,n-titrated,1,1,2k,3,3,2k
110118-FF,37,3.082191781,M,n-titrated,1,1,2k,1,1,2k
110118-FF,37,3.082191781,M,n-titrated,6,4,2k,3,3,2k
110118-FF,37,3.082191781,M,n-titrated,4,8,2k,4,7,2k
110118-FF,37,3.082191781,M,n-titrated,2,2,2k,6,8,2k
110118-FF,37,3.082191781,M,n-titrated,3,3,2k,2,2,2k
110118-FF,37,3.082191781,M,n-titrated,1,1,2k,6,5,2k
110118-FF,37,3.082191781,M,n-titrated,3,4,2k,3,4,2k
110118-FF,37,3.082191781,M,n-titrated,4,7,2k,2,2,2k
110118-FF,37,3.082191781,M,n-titrated,6,3,2k,4,4,2k
110118-FF,37,3.082191781,M,n-titrated,2,2,2k,1,1,2k
110718-KK,37.5,3.126027397,M,n-titrated,6,8,0k,1,8,0k
110718-KK,37.5,3.126027397,M,n-titrated,3,8,0k,6,8,0k
110718-KK,37.5,3.126027397,M,n-titrated,2,8,0k,4,8,0k
110718-KK,37.5,3.126027397,M,n-titrated,4,8,0k,2,2,0k
110718-KK,37.5,3.126027397,M,n-titrated,1,2,0k,3,8,0k
110718-KK,37.5,3.126027397,M,n-titrated,1,8,0k,1,8,0k
110718-KK,37.5,3.126027397,M,n-titrated,6,8,0k,3,6,0k
110718-KK,37.5,3.126027397,M,n-titrated,4,2,0k,4,5,0k
110718-KK,37.5,3.126027397,M,n-titrated,2,4,0k,6,4,0k
110718-KK,37.5,3.126027397,M,n-titrated,3,8,0k,2,2,0k
110718-KK,37.5,3.126027397,M,n-titrated,1,8,0k,6,8,0k
110718-KK,37.5,3.126027397,M,n-titrated,3,8,0k,3,8,0k
110718-KK,37.5,3.126027397,M,n-titrated,4,8,0k,2,4,0k
110718-KK,37.5,3.126027397,M,n-titrated,6,2,0k,4,2,0k
110718-KK,37.5,3.126027397,M,n-titrated,2,4,0k,1,1,0k
110718-SM,46.5,3.871232877,F,n-titrated,1,1,4k,6,6,CP
110718-SM,46.5,3.871232877,F,n-titrated,6,8,4k,3,3,CP
110718-SM,46.5,3.871232877,F,n-titrated,4,4,4k,2,2,CP
110718-SM,46.5,3.871232877,F,n-titrated,2,2,4k,4,4,CP
110718-SM,46.5,3.871232877,F,n-titrated,3,3,4k,1,1,CP
110718-SM,46.5,3.871232877,F,n-titrated,1,1,4k,1,1,CP
110718-SM,46.5,3.871232877,F,n-titrated,3,3,4k,6,6,CP
110718-SM,46.5,3.871232877,F,n-titrated,4,4,4k,4,4,CP
110718-SM,46.5,3.871232877,F,n-titrated,6,7,4k,2,2,CP
110718-SM,46.5,3.871232877,F,n-titrated,2,2,4k,3,3,CP
110718-SM,46.5,3.871232877,F,n-titrated,6,6,4k,1,1,CP
110718-SM,46.5,3.871232877,F,n-titrated,3,3,4k,3,3,CP
110718-SM,46.5,3.871232877,F,n-titrated,2,2,4k,4,4,CP
110718-SM,46.5,3.871232877,F,n-titrated,4,4,4k,6,6,CP
110718-SM,46.5,3.871232877,F,n-titrated,1,1,4k,2,2,CP
110718-JA,42.7,3.55890411,F,n-titrated,6,8,2k,1,1,2k
110718-JA,42.7,3.55890411,F,n-titrated,3,6,2k,6,4,2k
110718-JA,42.7,3.55890411,F,n-titrated,2,2,2k,4,5,2k
110718-JA,42.7,3.55890411,F,n-titrated,4,5,2k,2,2,2k
110718-JA,42.7,3.55890411,F,n-titrated,1,1,2k,3,3,2k
110718-JA,42.7,3.55890411,F,n-titrated,1,1,2k,1,1,2k
110718-JA,42.7,3.55890411,F,n-titrated,6,4,2k,3,3,2k
110718-JA,42.7,3.55890411,F,n-titrated,4,4,2k,4,4,2k
110718-JA,42.7,3.55890411,F,n-titrated,2,2,2k,6,4,2k
110718-JA,42.7,3.55890411,F,n-titrated,3,4,2k,2,2,2k
110718-JA,42.7,3.55890411,F,n-titrated,1,1,2k,6,5,2k
110718-JA,42.7,3.55890411,F,n-titrated,3,4,2k,3,8,2k
110718-JA,42.7,3.55890411,F,n-titrated,4,5,2k,2,2,2k
110718-JA,42.7,3.55890411,F,n-titrated,6,5,2k,4,3,2k
110718-JA,42.7,3.55890411,F,n-titrated,2,2,2k,1,1,2k
110718-RO,37.1,3.087671233,M,n-titrated,1,1,2k,6,6,2k
110718-RO,37.1,3.087671233,M,n-titrated,6,3,2k,3,3,2k
110718-RO,37.1,3.087671233,M,n-titrated,4,3,2k,2,2,2k
110718-RO,37.1,3.087671233,M,n-titrated,2,2,2k,4,4,2k
110718-RO,37.1,3.087671233,M,n-titrated,3,3,2k,1,1,2k
110718-RO,37.1,3.087671233,M,n-titrated,1,1,2k,1,1,2k
110718-RO,37.1,3.087671233,M,n-titrated,3,3,2k,6,4,2k
110718-RO,37.1,3.087671233,M,n-titrated,4,3,2k,4,8,2k
110718-RO,37.1,3.087671233,M,n-titrated,6,3,2k,2,2,2k
110718-RO,37.1,3.087671233,M,n-titrated,2,2,2k,3,4,2k
110718-RO,37.1,3.087671233,M,n-titrated,6,3,2k,1,1,2k
110718-RO,37.1,3.087671233,M,n-titrated,3,3,2k,3,8,2k
110718-RO,37.1,3.087671233,M,n-titrated,2,2,2k,4,4,2k
110718-RO,37.1,3.087671233,M,n-titrated,4,4,2k,6,4,2k
110718-RO,37.1,3.087671233,M,n-titrated,1,1,2k,2,2,2k
110818-DK,34.5,2.873972603,F,n-titrated,1,1,1k,6,2,1k
110818-DK,34.5,2.873972603,F,n-titrated,6,8,1k,3,2,1k
110818-DK,34.5,2.873972603,F,n-titrated,4,2,1k,2,2,1k
110818-DK,34.5,2.873972603,F,n-titrated,2,2,1k,4,2,1k
110818-DK,34.5,2.873972603,F,n-titrated,3,2,1k,1,1,1k
110818-DK,34.5,2.873972603,F,n-titrated,1,1,1k,1,1,1k
110818-DK,34.5,2.873972603,F,n-titrated,3,2,1k,6,2,1k
110818-DK,34.5,2.873972603,F,n-titrated,4,2,1k,4,2,1k
110818-DK,34.5,2.873972603,F,n-titrated,6,3,1k,2,2,1k
110818-DK,34.5,2.873972603,F,n-titrated,2,5,1k,3,2,1k
110818-DK,34.5,2.873972603,F,n-titrated,6,2,1k,1,1,1k
110818-DK,34.5,2.873972603,F,n-titrated,3,4,1k,3,2,1k
110818-DK,34.5,2.873972603,F,n-titrated,2,4,1k,4,4,1k
110818-DK,34.5,2.873972603,F,n-titrated,4,2,1k,6,2,1k
110818-DK,34.5,2.873972603,F,n-titrated,1,1,1k,2,2,1k
110818-NG,43.9,3.654794521,M,n-titrated,1,1,1k,6,8,1k
110818-NG,43.9,3.654794521,M,n-titrated,6,3,1k,3,8,1k
110818-NG,43.9,3.654794521,M,n-titrated,4,3,1k,2,8,1k
110818-NG,43.9,3.654794521,M,n-titrated,2,8,1k,4,8,1k
110818-NG,43.9,3.654794521,M,n-titrated,3,4,1k,1,1,1k
110818-NG,43.9,3.654794521,M,n-titrated,1,1,1k,1,8,1k
110818-NG,43.9,3.654794521,M,n-titrated,3,8,1k,6,2,1k
110818-NG,43.9,3.654794521,M,n-titrated,4,3,1k,4,8,1k
110818-NG,43.9,3.654794521,M,n-titrated,6,4,1k,2,8,1k
110818-NG,43.9,3.654794521,M,n-titrated,2,8,1k,3,8,1k
110818-NG,43.9,3.654794521,M,n-titrated,6,8,1k,1,1,1k
110818-NG,43.9,3.654794521,M,n-titrated,3,3,1k,3,8,1k
110818-NG,43.9,3.654794521,M,n-titrated,2,3,1k,4,8,1k
110818-NG,43.9,3.654794521,M,n-titrated,4,2,1k,6,8,1k
110818-NG,43.9,3.654794521,M,n-titrated,1,1,1k,2,8,1k
111418-ES,41,3.419178082,F,n-titrated,6,6,CP,1,1,CP
111418-ES,41,3.419178082,F,n-titrated,3,8,CP,6,6,CP
111418-ES,41,3.419178082,F,n-titrated,2,2,CP,4,4,CP
111418-ES,41,3.419178082,F,n-titrated,4,4,CP,2,2,CP
111418-ES,41,3.419178082,F,n-titrated,1,1,CP,3,3,CP
111418-ES,41,3.419178082,F,n-titrated,1,1,CP,1,1,CP
111418-ES,41,3.419178082,F,n-titrated,6,6,CP,3,3,CP
111418-ES,41,3.419178082,F,n-titrated,4,5,CP,4,4,CP
111418-ES,41,3.419178082,F,n-titrated,2,2,CP,6,6,CP
111418-ES,41,3.419178082,F,n-titrated,3,3,CP,2,2,CP
111418-ES,41,3.419178082,F,n-titrated,1,1,CP,6,5,CP
111418-ES,41,3.419178082,F,n-titrated,3,3,CP,3,3,CP
111418-ES,41,3.419178082,F,n-titrated,4,4,CP,2,2,CP
111418-ES,41,3.419178082,F,n-titrated,6,6,CP,4,4,CP
111418-ES,41,3.419178082,F,n-titrated,2,2,CP,1,1,CP
111418-KJ,45.9,3.824657534,M,n-titrated,1,1,3k,6,6,CP
111418-KJ,45.9,3.824657534,M,n-titrated,6,6,3k,3,3,CP
111418-KJ,45.9,3.824657534,M,n-titrated,4,4,3k,2,2,CP
111418-KJ,45.9,3.824657534,M,n-titrated,2,2,3k,4,4,CP
111418-KJ,45.9,3.824657534,M,n-titrated,3,3,3k,1,1,CP
111418-KJ,45.9,3.824657534,M,n-titrated,1,1,3k,1,1,CP
111418-KJ,45.9,3.824657534,M,n-titrated,3,3,3k,6,6,CP
111418-KJ,45.9,3.824657534,M,n-titrated,4,4,3k,4,4,CP
111418-KJ,45.9,3.824657534,M,n-titrated,6,6,3k,2,2,CP
111418-KJ,45.9,3.824657534,M,n-titrated,2,2,3k,3,3,CP
111418-KJ,45.9,3.824657534,M,n-titrated,6,4,3k,1,1,CP
111418-KJ,45.9,3.824657534,M,n-titrated,3,4,3k,3,3,CP
111418-KJ,45.9,3.824657534,M,n-titrated,2,2,3k,4,4,CP
111418-KJ,45.9,3.824657534,M,n-titrated,4,4,3k,6,6,CP
111418-KJ,45.9,3.824657534,M,n-titrated,1,1,3k,2,2,CP
111418-TC,44.4,3.704109589,M,n-titrated,6,8,4k,1,1,CP
111418-TC,44.4,3.704109589,M,n-titrated,3,3,4k,6,6,CP
111418-TC,44.4,3.704109589,M,n-titrated,2,2,4k,4,4,CP
111418-TC,44.4,3.704109589,M,n-titrated,4,4,4k,2,2,CP
111418-TC,44.4,3.704109589,M,n-titrated,1,1,4k,3,3,CP
111418-TC,44.4,3.704109589,M,n-titrated,1,1,4k,1,1,CP
111418-TC,44.4,3.704109589,M,n-titrated,6,8,4k,3,3,CP
111418-TC,44.4,3.704109589,M,n-titrated,4,8,4k,4,4,CP
111418-TC,44.4,3.704109589,M,n-titrated,2,2,4k,6,6,CP
111418-TC,44.4,3.704109589,M,n-titrated,3,3,4k,2,2,CP
111418-TC,44.4,3.704109589,M,n-titrated,1,1,4k,6,6,CP
111418-TC,44.4,3.704109589,M,n-titrated,3,3,4k,3,3,CP
111418-TC,44.4,3.704109589,M,n-titrated,4,4,4k,2,2,CP
111418-TC,44.4,3.704109589,M,n-titrated,6,7,4k,4,4,CP
111418-TC,44.4,3.704109589,M,n-titrated,2,2,4k,1,1,CP
111418-MW,37,3.084931507,M,n-titrated,1,8,0k,6,8,0k
111418-MW,37,3.084931507,M,n-titrated,6,8,0k,3,8,0k
111418-MW,37,3.084931507,M,n-titrated,4,8,0k,2,8,0k
111418-MW,37,3.084931507,M,n-titrated,2,8,0k,4,8,0k
111418-MW,37,3.084931507,M,n-titrated,3,8,0k,1,8,0k
111418-MW,37,3.084931507,M,n-titrated,1,8,0k,1,8,0k
111418-MW,37,3.084931507,M,n-titrated,3,8,0k,6,8,0k
111418-MW,37,3.084931507,M,n-titrated,4,8,0k,4,8,0k
111418-MW,37,3.084931507,M,n-titrated,6,8,0k,2,8,0k
111418-MW,37,3.084931507,M,n-titrated,2,8,0k,3,8,0k
111418-MW,37,3.084931507,M,n-titrated,6,8,0k,1,8,0k
111418-MW,37,3.084931507,M,n-titrated,3,8,0k,3,8,0k
111418-MW,37,3.084931507,M,n-titrated,2,8,0k,4,8,0k
111418-MW,37,3.084931507,M,n-titrated,4,8,0k,6,8,0k
111418-MW,37,3.084931507,M,n-titrated,1,8,0k,2,8,0k
111418-SM,40.7,3.394520548,F,n-titrated,6,2,0k,1,1,1k
111418-SM,40.7,3.394520548,F,n-titrated,3,2,0k,6,1,1k
111418-SM,40.7,3.394520548,F,n-titrated,2,2,0k,4,2,1k
111418-SM,40.7,3.394520548,F,n-titrated,4,2,0k,2,2,1k
111418-SM,40.7,3.394520548,F,n-titrated,1,1,0k,3,3,1k
111418-SM,40.7,3.394520548,F,n-titrated,1,2,0k,1,1,1k
111418-SM,40.7,3.394520548,F,n-titrated,6,2,0k,3,2,1k
111418-SM,40.7,3.394520548,F,n-titrated,4,2,0k,4,2,1k
111418-SM,40.7,3.394520548,F,n-titrated,2,2,0k,6,2,1k
111418-SM,40.7,3.394520548,F,n-titrated,3,8,0k,2,2,1k
111418-SM,40.7,3.394520548,F,n-titrated,1,8,0k,6,2,1k
111418-SM,40.7,3.394520548,F,n-titrated,3,8,0k,3,8,1k
111418-SM,40.7,3.394520548,F,n-titrated,4,8,0k,2,2,1k
111418-SM,40.7,3.394520548,F,n-titrated,6,8,0k,4,2,1k
111418-SM,40.7,3.394520548,F,n-titrated,2,5,0k,1,2,1k
111418-QH,44.3,3.693150685,F,n-titrated,6,7,3k,1,1,3k
111418-QH,44.3,3.693150685,F,n-titrated,3,3,3k,6,8,3k
111418-QH,44.3,3.693150685,F,n-titrated,2,2,3k,4,8,3k
111418-QH,44.3,3.693150685,F,n-titrated,4,6,3k,2,2,3k
111418-QH,44.3,3.693150685,F,n-titrated,1,1,3k,3,3,3k
111418-QH,44.3,3.693150685,F,n-titrated,1,1,3k,1,1,3k
111418-QH,44.3,3.693150685,F,n-titrated,6,8,3k,3,3,3k
111418-QH,44.3,3.693150685,F,n-titrated,4,8,3k,4,8,3k
111418-QH,44.3,3.693150685,F,n-titrated,2,2,3k,6,7,3k
111418-QH,44.3,3.693150685,F,n-titrated,3,3,3k,2,2,3k
111418-QH,44.3,3.693150685,F,n-titrated,1,1,3k,6,8,3k
111418-QH,44.3,3.693150685,F,n-titrated,3,4,3k,3,3,3k
111418-QH,44.3,3.693150685,F,n-titrated,4,8,3k,2,2,3k
111418-QH,44.3,3.693150685,F,n-titrated,6,8,3k,4,8,3k
111418-QH,44.3,3.693150685,F,n-titrated,2,2,3k,1,1,3k
111618-JF,46.1,3.843835616,M,n-titrated,1,1,CP,6,8,4k
111618-JF,46.1,3.843835616,M,n-titrated,6,6,CP,3,3,4k
111618-JF,46.1,3.843835616,M,n-titrated,4,8,CP,2,2,4k
111618-JF,46.1,3.843835616,M,n-titrated,2,2,CP,4,3,4k
111618-JF,46.1,3.843835616,M,n-titrated,3,3,CP,1,1,4k
111618-JF,46.1,3.843835616,M,n-titrated,1,1,CP,1,1,4k
111618-JF,46.1,3.843835616,M,n-titrated,3,3,CP,6,8,4k
111618-JF,46.1,3.843835616,M,n-titrated,4,4,CP,4,4,4k
111618-JF,46.1,3.843835616,M,n-titrated,6,6,CP,2,2,4k
111618-JF,46.1,3.843835616,M,n-titrated,2,2,CP,3,8,4k
111618-JF,46.1,3.843835616,M,n-titrated,6,8,CP,1,1,4k
111618-JF,46.1,3.843835616,M,n-titrated,3,7,CP,3,3,4k
111618-JF,46.1,3.843835616,M,n-titrated,2,2,CP,4,4,4k
111618-JF,46.1,3.843835616,M,n-titrated,4,4,CP,6,7,4k
111618-JF,46.1,3.843835616,M,n-titrated,1,1,CP,2,2,4k
111618-KG,48.8,4.068493151,F,n-titrated,6,3,1k,1,1,1k
111618-KG,48.8,4.068493151,F,n-titrated,3,5,1k,6,3,1k
111618-KG,48.8,4.068493151,F,n-titrated,2,2,1k,4,6,1k
111618-KG,48.8,4.068493151,F,n-titrated,4,3,1k,2,2,1k
111618-KG,48.8,4.068493151,F,n-titrated,1,1,1k,3,2,1k
111618-KG,48.8,4.068493151,F,n-titrated,1,1,1k,1,1,1k
111618-KG,48.8,4.068493151,F,n-titrated,6,3,1k,3,2,1k
111618-KG,48.8,4.068493151,F,n-titrated,4,4,1k,4,2,1k
111618-KG,48.8,4.068493151,F,n-titrated,2,2,1k,6,3,1k
111618-KG,48.8,4.068493151,F,n-titrated,3,3,1k,2,1,1k
111618-KG,48.8,4.068493151,F,n-titrated,1,1,1k,6,3,1k
111618-KG,48.8,4.068493151,F,n-titrated,3,2,1k,3,2,1k
111618-KG,48.8,4.068493151,F,n-titrated,4,6,1k,2,1,1k
111618-KG,48.8,4.068493151,F,n-titrated,6,2,1k,4,6,1k
111618-KG,48.8,4.068493151,F,n-titrated,2,2,1k,1,1,1k
111618-KM,42.2,3.520547945,F,n-titrated,6,6,2k,1,1,2k
111618-KM,42.2,3.520547945,F,n-titrated,3,7,2k,6,4,2k
111618-KM,42.2,3.520547945,F,n-titrated,2,2,2k,4,3,2k
111618-KM,42.2,3.520547945,F,n-titrated,4,4,2k,2,2,2k
111618-KM,42.2,3.520547945,F,n-titrated,1,1,2k,3,4,2k
111618-KM,42.2,3.520547945,F,n-titrated,1,1,2k,1,1,2k
111618-KM,42.2,3.520547945,F,n-titrated,6,6,2k,3,3,2k
111618-KM,42.2,3.520547945,F,n-titrated,4,5,2k,4,4,2k
111618-KM,42.2,3.520547945,F,n-titrated,2,2,2k,6,6,2k
111618-KM,42.2,3.520547945,F,n-titrated,3,3,2k,2,2,2k
111618-KM,42.2,3.520547945,F,n-titrated,1,1,2k,6,4,2k
111618-KM,42.2,3.520547945,F,n-titrated,3,5,2k,3,4,2k
111618-KM,42.2,3.520547945,F,n-titrated,4,5,2k,2,2,2k
111618-KM,42.2,3.520547945,F,n-titrated,6,3,2k,4,3,2k
111618-KM,42.2,3.520547945,F,n-titrated,2,2,2k,1,1,2k
111918-EM,36.8,3.068493151,F,n-titrated,6,3,4k,1,1,1k
111918-EM,36.8,3.068493151,F,n-titrated,3,3,4k,6,7,1k
111918-EM,36.8,3.068493151,F,n-titrated,2,2,4k,4,8,1k
111918-EM,36.8,3.068493151,F,n-titrated,4,4,4k,2,2,1k
111918-EM,36.8,3.068493151,F,n-titrated,1,1,4k,3,3,1k
111918-EM,36.8,3.068493151,F,n-titrated,1,1,4k,1,1,1k
111918-EM,36.8,3.068493151,F,n-titrated,6,5,4k,3,4,1k
111918-EM,36.8,3.068493151,F,n-titrated,4,4,4k,4,8,1k
111918-EM,36.8,3.068493151,F,n-titrated,2,2,4k,6,8,1k
111918-EM,36.8,3.068493151,F,n-titrated,3,3,4k,2,8,1k
111918-EM,36.8,3.068493151,F,n-titrated,1,1,4k,6,8,1k
111918-EM,36.8,3.068493151,F,n-titrated,3,3,4k,3,8,1k
111918-EM,36.8,3.068493151,F,n-titrated,4,4,4k,2,8,1k
111918-EM,36.8,3.068493151,F,n-titrated,6,5,4k,4,8,1k
111918-EM,36.8,3.068493151,F,n-titrated,2,2,4k,1,1,1k
113018-E,41.6,3.465753425,F,n-titrated,1,1,CP,6,6,CP
113018-E,41.6,3.465753425,F,n-titrated,6,6,CP,3,3,CP
113018-E,41.6,3.465753425,F,n-titrated,4,3,CP,2,2,CP
113018-E,41.6,3.465753425,F,n-titrated,2,2,CP,4,4,CP
113018-E,41.6,3.465753425,F,n-titrated,3,3,CP,1,6,CP
113018-E,41.6,3.465753425,F,n-titrated,1,1,CP,1,1,CP
113018-E,41.6,3.465753425,F,n-titrated,3,3,CP,6,6,CP
113018-E,41.6,3.465753425,F,n-titrated,4,4,CP,4,4,CP
113018-E,41.6,3.465753425,F,n-titrated,6,5,CP,2,3,CP
113018-E,41.6,3.465753425,F,n-titrated,2,2,CP,3,3,CP
113018-E,41.6,3.465753425,F,n-titrated,6,6,CP,1,1,CP
113018-E,41.6,3.465753425,F,n-titrated,3,3,CP,3,3,CP
113018-E,41.6,3.465753425,F,n-titrated,2,2,CP,4,4,CP
113018-E,41.6,3.465753425,F,n-titrated,4,4,CP,6,5,CP
113018-E,41.6,3.465753425,F,n-titrated,1,1,CP,2,2,CP
120318-DS,44.2,3.682191781,M,n-titrated,1,1,CP,6,6,CP
120318-DS,44.2,3.682191781,M,n-titrated,6,6,CP,3,3,CP
120318-DS,44.2,3.682191781,M,n-titrated,4,4,CP,2,2,CP
120318-DS,44.2,3.682191781,M,n-titrated,2,2,CP,4,4,CP
120318-DS,44.2,3.682191781,M,n-titrated,3,3,CP,1,1,CP
120318-DS,44.2,3.682191781,M,n-titrated,1,1,CP,1,1,CP
120318-DS,44.2,3.682191781,M,n-titrated,3,3,CP,6,5,CP
120318-DS,44.2,3.682191781,M,n-titrated,4,4,CP,4,4,CP
120318-DS,44.2,3.682191781,M,n-titrated,6,6,CP,2,2,CP
120318-DS,44.2,3.682191781,M,n-titrated,2,2,CP,3,3,CP
120318-DS,44.2,3.682191781,M,n-titrated,6,6,CP,1,1,CP
120318-DS,44.2,3.682191781,M,n-titrated,3,3,CP,3,3,CP
120318-DS,44.2,3.682191781,M,n-titrated,2,2,CP,4,4,CP
120318-DS,44.2,3.682191781,M,n-titrated,4,4,CP,6,6,CP
120318-DS,44.2,3.682191781,M,n-titrated,1,1,CP,2,2,CP
120318-DA,42.6,3.553424658,F,n-titrated,1,1,CP,6,6,CP
120318-DA,42.6,3.553424658,F,n-titrated,6,6,CP,3,3,CP
120318-DA,42.6,3.553424658,F,n-titrated,4,4,CP,2,2,CP
120318-DA,42.6,3.553424658,F,n-titrated,2,2,CP,4,4,CP
120318-DA,42.6,3.553424658,F,n-titrated,3,3,CP,1,1,CP
120318-DA,42.6,3.553424658,F,n-titrated,1,1,CP,1,1,CP
120318-DA,42.6,3.553424658,F,n-titrated,3,3,CP,6,6,CP
120318-DA,42.6,3.553424658,F,n-titrated,4,4,CP,4,3,CP
120318-DA,42.6,3.553424658,F,n-titrated,6,6,CP,2,2,CP
120318-DA,42.6,3.553424658,F,n-titrated,2,2,CP,3,3,CP
120318-DA,42.6,3.553424658,F,n-titrated,6,6,CP,1,1,CP
120318-DA,42.6,3.553424658,F,n-titrated,3,3,CP,3,3,CP
120318-DA,42.6,3.553424658,F,n-titrated,2,2,CP,4,4,CP
120318-DA,42.6,3.553424658,F,n-titrated,4,4,CP,6,6,CP
120318-DA,42.6,3.553424658,F,n-titrated,1,1,CP,2,2,CP
120418-ML,41.9,3.487671233,M,n-titrated,6,8,1k,1,1,1k
120418-ML,41.9,3.487671233,M,n-titrated,3,8,1k,6,8,1k
120418-ML,41.9,3.487671233,M,n-titrated,2,8,1k,4,8,1k
120418-ML,41.9,3.487671233,M,n-titrated,4,8,1k,2,8,1k
120418-ML,41.9,3.487671233,M,n-titrated,1,1,1k,3,8,1k
120418-ML,41.9,3.487671233,M,n-titrated,1,1,1k,1,1,1k
120418-ML,41.9,3.487671233,M,n-titrated,6,8,1k,3,8,1k
120418-ML,41.9,3.487671233,M,n-titrated,4,8,1k,4,8,1k
120418-ML,41.9,3.487671233,M,n-titrated,2,8,1k,6,8,1k
120418-ML,41.9,3.487671233,M,n-titrated,3,8,1k,2,8,1k
120418-ML,41.9,3.487671233,M,n-titrated,1,1,1k,6,8,1k
120418-ML,41.9,3.487671233,M,n-titrated,3,4,1k,3,8,1k
120418-ML,41.9,3.487671233,M,n-titrated,4,8,1k,2,8,1k
120418-ML,41.9,3.487671233,M,n-titrated,6,8,1k,4,8,1k
120418-ML,41.9,3.487671233,M,n-titrated,2,2,1k,1,1,1k
120418-AY,41.4,3.452054795,F,n-titrated,6,6,CP,1,1,3k
120418-AY,41.4,3.452054795,F,n-titrated,3,3,CP,6,6,3k
120418-AY,41.4,3.452054795,F,n-titrated,2,2,CP,4,7,3k
120418-AY,41.4,3.452054795,F,n-titrated,4,6,CP,2,2,3k
120418-AY,41.4,3.452054795,F,n-titrated,1,1,CP,3,3,3k
120418-AY,41.4,3.452054795,F,n-titrated,1,1,CP,1,1,3k
120418-AY,41.4,3.452054795,F,n-titrated,6,6,CP,3,3,3k
120418-AY,41.4,3.452054795,F,n-titrated,4,4,CP,4,8,3k
120418-AY,41.4,3.452054795,F,n-titrated,2,2,CP,6,6,3k
120418-AY,41.4,3.452054795,F,n-titrated,3,3,CP,2,2,3k
120418-AY,41.4,3.452054795,F,n-titrated,1,1,CP,6,6,3k
120418-AY,41.4,3.452054795,F,n-titrated,3,3,CP,3,3,3k
120418-AY,41.4,3.452054795,F,n-titrated,4,4,CP,2,2,3k
120418-AY,41.4,3.452054795,F,n-titrated,6,6,CP,4,8,3k
120418-AY,41.4,3.452054795,F,n-titrated,2,2,CP,1,1,3k
120418-BW,44.7,3.723287671,M,n-titrated,6,3,1k,1,1,3k
120418-BW,44.7,3.723287671,M,n-titrated,3,3,1k,6,2,3k
120418-BW,44.7,3.723287671,M,n-titrated,2,2,1k,4,8,3k
120418-BW,44.7,3.723287671,M,n-titrated,4,8,1k,2,2,3k
120418-BW,44.7,3.723287671,M,n-titrated,1,1,1k,3,3,3k
120418-BW,44.7,3.723287671,M,n-titrated,1,1,1k,1,1,3k
120418-BW,44.7,3.723287671,M,n-titrated,6,8,1k,3,3,3k
120418-BW,44.7,3.723287671,M,n-titrated,4,8,1k,4,8,3k
120418-BW,44.7,3.723287671,M,n-titrated,2,8,1k,6,8,3k
120418-BW,44.7,3.723287671,M,n-titrated,3,8,1k,2,2,3k
120418-BW,44.7,3.723287671,M,n-titrated,1,1,1k,6,8,3k
120418-BW,44.7,3.723287671,M,n-titrated,3,3,1k,3,3,3k
120418-BW,44.7,3.723287671,M,n-titrated,4,8,1k,2,2,3k
120418-BW,44.7,3.723287671,M,n-titrated,6,8,1k,4,8,3k
120418-BW,44.7,3.723287671,M,n-titrated,2,8,1k,1,1,3k
120418-M ,41.6,3.465753425,M,n-titrated,1,1,1k,6,8,1k
120418-M ,41.6,3.465753425,M,n-titrated,6,2,1k,3,2,1k
120418-M ,41.6,3.465753425,M,n-titrated,4,3,1k,2,2,1k
120418-M ,41.6,3.465753425,M,n-titrated,2,2,1k,4,3,1k
120418-M ,41.6,3.465753425,M,n-titrated,3,2,1k,1,1,1k
120418-M ,41.6,3.465753425,M,n-titrated,1,1,1k,1,1,1k
120418-M ,41.6,3.465753425,M,n-titrated,3,2,1k,6,2,1k
120418-M ,41.6,3.465753425,M,n-titrated,4,3,1k,4,2,1k
120418-M ,41.6,3.465753425,M,n-titrated,6,2,1k,2,2,1k
120418-M ,41.6,3.465753425,M,n-titrated,2,1,1k,3,2,1k
120418-M ,41.6,3.465753425,M,n-titrated,6,2,1k,1,1,1k
120418-M ,41.6,3.465753425,M,n-titrated,3,2,1k,3,2,1k
120418-M ,41.6,3.465753425,M,n-titrated,2,2,1k,4,2,1k
120418-M ,41.6,3.465753425,M,n-titrated,4,5,1k,6,2,1k
120418-M ,41.6,3.465753425,M,n-titrated,1,1,1k,2,5,1k
120518-NT,45.6,3.8,F,n-titrated,1,1,CP,6,6,CP
120518-NT,45.6,3.8,F,n-titrated,6,2,CP,3,3,CP
120518-NT,45.6,3.8,F,n-titrated,4,4,CP,2,2,CP
120518-NT,45.6,3.8,F,n-titrated,2,2,CP,4,4,CP
120518-NT,45.6,3.8,F,n-titrated,3,3,CP,1,1,CP
120518-NT,45.6,3.8,F,n-titrated,1,1,CP,1,1,CP
120518-NT,45.6,3.8,F,n-titrated,3,3,CP,6,6,CP
120518-NT,45.6,3.8,F,n-titrated,4,5,CP,4,4,CP
120518-NT,45.6,3.8,F,n-titrated,6,6,CP,2,2,CP
120518-NT,45.6,3.8,F,n-titrated,2,3,CP,3,3,CP
120518-NT,45.6,3.8,F,n-titrated,6,6,CP,1,1,CP
120518-NT,45.6,3.8,F,n-titrated,3,3,CP,3,3,CP
120518-NT,45.6,3.8,F,n-titrated,2,2,CP,4,4,CP
120518-NT,45.6,3.8,F,n-titrated,4,4,CP,6,6,CP
120518-NT,45.6,3.8,F,n-titrated,1,1,CP,2,2,CP
011619-AC,43,3.58630137,F,n-titrated,1,1,4k,6,6,3k
011619-AC,43,3.58630137,F,n-titrated,6,4,4k,3,3,3k
011619-AC,43,3.58630137,F,n-titrated,4,4,4k,2,2,3k
011619-AC,43,3.58630137,F,n-titrated,2,2,4k,4,6,3k
011619-AC,43,3.58630137,F,n-titrated,3,3,4k,1,1,3k
011619-AC,43,3.58630137,F,n-titrated,1,1,4k,1,1,3k
011619-AC,43,3.58630137,F,n-titrated,3,3,4k,6,5,3k
011619-AC,43,3.58630137,F,n-titrated,4,4,4k,4,6,3k
011619-AC,43,3.58630137,F,n-titrated,6,5,4k,2,2,3k
011619-AC,43,3.58630137,F,n-titrated,2,2,4k,3,3,3k
011619-AC,43,3.58630137,F,n-titrated,6,5,4k,1,1,3k
011619-AC,43,3.58630137,F,n-titrated,3,3,4k,3,3,3k
011619-AC,43,3.58630137,F,n-titrated,2,2,4k,4,5,3k
011619-AC,43,3.58630137,F,n-titrated,4,4,4k,6,6,3k
011619-AC,43,3.58630137,F,n-titrated,1,1,4k,2,2,3k
011619-MS,35.2,2.931506849,M,n-titrated,6,4,1k,1,1,1k
011619-MS,35.2,2.931506849,M,n-titrated,3,4,1k,6,2,1k
011619-MS,35.2,2.931506849,M,n-titrated,2,4,1k,4,2,1k
011619-MS,35.2,2.931506849,M,n-titrated,4,4,1k,2,2,1k
011619-MS,35.2,2.931506849,M,n-titrated,1,1,1k,3,2,1k
011619-MS,35.2,2.931506849,M,n-titrated,1,1,1k,1,1,1k
011619-MS,35.2,2.931506849,M,n-titrated,6,3,1k,3,2,1k
011619-MS,35.2,2.931506849,M,n-titrated,4,2,1k,4,2,1k
011619-MS,35.2,2.931506849,M,n-titrated,2,2,1k,6,2,1k
011619-MS,35.2,2.931506849,M,n-titrated,3,2,1k,2,2,1k
011619-MS,35.2,2.931506849,M,n-titrated,1,1,1k,6,2,1k
011619-MS,35.2,2.931506849,M,n-titrated,3,2,1k,3,2,1k
011619-MS,35.2,2.931506849,M,n-titrated,4,2,1k,2,2,1k
011619-MS,35.2,2.931506849,M,n-titrated,6,2,1k,4,2,1k
011619-MS,35.2,2.931506849,M,n-titrated,2,2,1k,1,1,1k
011819-L1,48.4,4.032876712,M,n-titrated,1,1,CP,6,6,CP
011819-L1,48.4,4.032876712,M,n-titrated,6,6,CP,3,3,CP
011819-L1,48.4,4.032876712,M,n-titrated,4,4,CP,2,2,CP
011819-L1,48.4,4.032876712,M,n-titrated,2,2,CP,4,4,CP
011819-L1,48.4,4.032876712,M,n-titrated,3,3,CP,1,1,CP
011819-L1,48.4,4.032876712,M,n-titrated,1,1,CP,1,1,CP
011819-L1,48.4,4.032876712,M,n-titrated,3,3,CP,6,6,CP
011819-L1,48.4,4.032876712,M,n-titrated,4,4,CP,4,4,CP
011819-L1,48.4,4.032876712,M,n-titrated,6,6,CP,2,2,CP
011819-L1,48.4,4.032876712,M,n-titrated,2,2,CP,3,3,CP
011819-L1,48.4,4.032876712,M,n-titrated,6,6,CP,1,1,CP
011819-L1,48.4,4.032876712,M,n-titrated,3,3,CP,3,3,CP
011819-L1,48.4,4.032876712,M,n-titrated,2,2,CP,4,4,CP
011819-L1,48.4,4.032876712,M,n-titrated,4,4,CP,6,6,CP
011819-L1,48.4,4.032876712,M,n-titrated,1,1,CP,2,2,CP
012419-EK,47.9,3.989041096,F,n-titrated,1,1,4k,6,6,CP
012419-EK,47.9,3.989041096,F,n-titrated,6,8,4k,3,3,CP
012419-EK,47.9,3.989041096,F,n-titrated,4,4,4k,2,2,CP
012419-EK,47.9,3.989041096,F,n-titrated,2,2,4k,4,4,CP
012419-EK,47.9,3.989041096,F,n-titrated,3,3,4k,1,1,CP
012419-EK,47.9,3.989041096,F,n-titrated,1,1,4k,1,1,CP
012419-EK,47.9,3.989041096,F,n-titrated,3,3,4k,6,6,CP
012419-EK,47.9,3.989041096,F,n-titrated,4,4,4k,4,4,CP
012419-EK,47.9,3.989041096,F,n-titrated,6,6,4k,2,2,CP
012419-EK,47.9,3.989041096,F,n-titrated,2,2,4k,3,3,CP
012419-EK,47.9,3.989041096,F,n-titrated,6,8,4k,1,1,CP
012419-EK,47.9,3.989041096,F,n-titrated,3,3,4k,3,3,CP
012419-EK,47.9,3.989041096,F,n-titrated,2,2,4k,4,4,CP
012419-EK,47.9,3.989041096,F,n-titrated,4,4,4k,6,5,CP
012419-EK,47.9,3.989041096,F,n-titrated,1,1,4k,2,2,CP
012419-RS,39.9,3.323287671,M,n-titrated,6,8,4k,1,1,3k
012419-RS,39.9,3.323287671,M,n-titrated,3,3,4k,6,6,3k
012419-RS,39.9,3.323287671,M,n-titrated,2,2,4k,4,5,3k
012419-RS,39.9,3.323287671,M,n-titrated,4,4,4k,2,2,3k
012419-RS,39.9,3.323287671,M,n-titrated,1,1,4k,3,4,3k
012419-RS,39.9,3.323287671,M,n-titrated,1,1,4k,1,1,3k
012419-RS,39.9,3.323287671,M,n-titrated,6,3,4k,3,3,3k
012419-RS,39.9,3.323287671,M,n-titrated,4,4,4k,4,5,3k
012419-RS,39.9,3.323287671,M,n-titrated,2,2,4k,6,5,3k
012419-RS,39.9,3.323287671,M,n-titrated,3,4,4k,2,2,3k
012419-RS,39.9,3.323287671,M,n-titrated,1,1,4k,6,5,3k
012419-RS,39.9,3.323287671,M,n-titrated,3,3,4k,3,3,3k
012419-RS,39.9,3.323287671,M,n-titrated,4,5,4k,2,2,3k
012419-RS,39.9,3.323287671,M,n-titrated,6,5,4k,4,4,3k
012419-RS,39.9,3.323287671,M,n-titrated,2,2,4k,1,1,3k
012419-CC,43.7,3.64109589,F,n-titrated,1,1,1k,6,3,1k
012419-CC,43.7,3.64109589,F,n-titrated,6,4,1k,3,4,1k
012419-CC,43.7,3.64109589,F,n-titrated,4,8,1k,2,4,1k
012419-CC,43.7,3.64109589,F,n-titrated,2,4,1k,4,3,1k
012419-CC,43.7,3.64109589,F,n-titrated,3,3,1k,1,1,1k
012419-CC,43.7,3.64109589,F,n-titrated,1,1,1k,1,1,1k
012419-CC,43.7,3.64109589,F,n-titrated,3,3,1k,6,4,1k
012419-CC,43.7,3.64109589,F,n-titrated,4,4,1k,4,8,1k
012419-CC,43.7,3.64109589,F,n-titrated,6,8,1k,2,5,1k
012419-CC,43.7,3.64109589,F,n-titrated,2,2,1k,3,3,1k
012419-CC,43.7,3.64109589,F,n-titrated,6,3,1k,1,1,1k
012419-CC,43.7,3.64109589,F,n-titrated,3,3,1k,3,3,1k
012419-CC,43.7,3.64109589,F,n-titrated,2,8,1k,4,8,1k
012419-CC,43.7,3.64109589,F,n-titrated,4,3,1k,6,3,1k
012419-CC,43.7,3.64109589,F,n-titrated,1,1,1k,2,1,1k
012519-LG,38.8,3.235616438,M,n-titrated,1,1,CP,6,6,CP
012519-LG,38.8,3.235616438,M,n-titrated,6,6,CP,3,3,CP
012519-LG,38.8,3.235616438,M,n-titrated,4,4,CP,2,2,CP
012519-LG,38.8,3.235616438,M,n-titrated,2,2,CP,4,4,CP
012519-LG,38.8,3.235616438,M,n-titrated,3,3,CP,1,1,CP
012519-LG,38.8,3.235616438,M,n-titrated,1,1,CP,1,1,CP
012519-LG,38.8,3.235616438,M,n-titrated,3,3,CP,6,6,CP
012519-LG,38.8,3.235616438,M,n-titrated,4,4,CP,4,4,CP
012519-LG,38.8,3.235616438,M,n-titrated,6,6,CP,2,2,CP
012519-LG,38.8,3.235616438,M,n-titrated,2,2,CP,3,3,CP
012519-LG,38.8,3.235616438,M,n-titrated,6,6,CP,1,1,CP
012519-LG,38.8,3.235616438,M,n-titrated,3,3,CP,3,3,CP
012519-LG,38.8,3.235616438,M,n-titrated,2,2,CP,4,4,CP
012519-LG,38.8,3.235616438,M,n-titrated,4,4,CP,6,6,CP
012519-LG,38.8,3.235616438,M,n-titrated,1,1,CP,2,2,CP
012519-A,48.9,4.076712329,F,n-titrated,6,7,1k,1,1,1k
012519-A,48.9,4.076712329,F,n-titrated,3,3,1k,6,4,1k
012519-A,48.9,4.076712329,F,n-titrated,2,2,1k,4,3,1k
012519-A,48.9,4.076712329,F,n-titrated,4,3,1k,2,3,1k
012519-A,48.9,4.076712329,F,n-titrated,1,1,1k,3,2,1k
012519-A,48.9,4.076712329,F,n-titrated,1,1,1k,1,1,1k
012519-A,48.9,4.076712329,F,n-titrated,6,2,1k,3,2,1k
012519-A,48.9,4.076712329,F,n-titrated,4,2,1k,4,2,1k
012519-A,48.9,4.076712329,F,n-titrated,2,2,1k,6,7,1k
012519-A,48.9,4.076712329,F,n-titrated,3,3,1k,2,2,1k
012519-A,48.9,4.076712329,F,n-titrated,1,1,1k,6,2,1k
012519-A,48.9,4.076712329,F,n-titrated,3,2,1k,3,4,1k
012519-A,48.9,4.076712329,F,n-titrated,4,2,1k,2,2,1k
012519-A,48.9,4.076712329,F,n-titrated,6,2,1k,4,5,1k
012519-A,48.9,4.076712329,F,n-titrated,2,1,1k,1,1,1k
012519-L1,43.1,3.589041096,F,n-titrated,6,6,CP,1,1,CP
012519-L1,43.1,3.589041096,F,n-titrated,3,3,CP,6,7,CP
012519-L1,43.1,3.589041096,F,n-titrated,2,2,CP,4,4,CP
012519-L1,43.1,3.589041096,F,n-titrated,4,4,CP,2,2,CP
012519-L1,43.1,3.589041096,F,n-titrated,1,1,CP,3,3,CP
012519-L1,43.1,3.589041096,F,n-titrated,1,1,CP,1,1,CP
012519-L1,43.1,3.589041096,F,n-titrated,6,6,CP,3,3,CP
012519-L1,43.1,3.589041096,F,n-titrated,4,4,CP,4,4,CP
012519-L1,43.1,3.589041096,F,n-titrated,2,2,CP,6,6,CP
012519-L1,43.1,3.589041096,F,n-titrated,3,3,CP,2,2,CP
012519-L1,43.1,3.589041096,F,n-titrated,1,1,CP,6,6,CP
012519-L1,43.1,3.589041096,F,n-titrated,3,3,CP,3,3,CP
012519-L1,43.1,3.589041096,F,n-titrated,4,4,CP,2,2,CP
012519-L1,43.1,3.589041096,F,n-titrated,6,7,CP,4,4,CP
012519-L1,43.1,3.589041096,F,n-titrated,2,2,CP,1,1,CP
020119-A,47,3.917808219,F,n-titrated,6,7,0k,1,5,0k
020119-A,47,3.917808219,F,n-titrated,3,8,0k,6,4,0k
020119-A,47,3.917808219,F,n-titrated,2,2,0k,4,6,0k
020119-A,47,3.917808219,F,n-titrated,4,4,0k,2,7,0k
020119-A,47,3.917808219,F,n-titrated,1,1,0k,3,1,0k
020119-A,47,3.917808219,F,n-titrated,1,2,0k,1,2,0k
020119-A,47,3.917808219,F,n-titrated,6,6,0k,3,4,0k
020119-A,47,3.917808219,F,n-titrated,4,5,0k,4,4,0k
020119-A,47,3.917808219,F,n-titrated,2,2,0k,6,5,0k
020119-A,47,3.917808219,F,n-titrated,3,4,0k,2,2,0k
020119-A,47,3.917808219,F,n-titrated,1,8,0k,6,8,0k
020119-A,47,3.917808219,F,n-titrated,3,5,0k,3,7,0k
020119-A,47,3.917808219,F,n-titrated,4,3,0k,2,4,0k
020119-A,47,3.917808219,F,n-titrated,6,7,0k,4,3,0k
020119-A,47,3.917808219,F,n-titrated,2,1,0k,1,1,0k
020619-LG,40.3,3.35890411,M,n-titrated,6,8,4k,1,1,3k
020619-LG,40.3,3.35890411,M,n-titrated,3,3,4k,6,4,3k
020619-LG,40.3,3.35890411,M,n-titrated,2,2,4k,4,4,3k
020619-LG,40.3,3.35890411,M,n-titrated,4,8,4k,2,2,3k
020619-LG,40.3,3.35890411,M,n-titrated,1,1,4k,3,3,3k
020619-LG,40.3,3.35890411,M,n-titrated,1,1,4k,1,1,3k
020619-LG,40.3,3.35890411,M,n-titrated,6,6,4k,3,3,3k
020619-LG,40.3,3.35890411,M,n-titrated,4,4,4k,4,4,3k
020619-LG,40.3,3.35890411,M,n-titrated,2,2,4k,6,4,3k
020619-LG,40.3,3.35890411,M,n-titrated,3,3,4k,2,2,3k
020619-LG,40.3,3.35890411,M,n-titrated,1,2,4k,6,6,3k
020619-LG,40.3,3.35890411,M,n-titrated,3,3,4k,3,3,3k
020619-LG,40.3,3.35890411,M,n-titrated,4,4,4k,2,2,3k
020619-LG,40.3,3.35890411,M,n-titrated,6,4,4k,4,4,3k
020619-LG,40.3,3.35890411,M,n-titrated,2,2,4k,1,1,3k
020619-AF,35.4,2.947945205,F,n-titrated,1,1,2k,6,8,2k
020619-AF,35.4,2.947945205,F,n-titrated,6,8,2k,3,8,2k
020619-AF,35.4,2.947945205,F,n-titrated,4,4,2k,2,2,2k
020619-AF,35.4,2.947945205,F,n-titrated,2,2,2k,4,8,2k
020619-AF,35.4,2.947945205,F,n-titrated,3,8,2k,1,1,2k
020619-AF,35.4,2.947945205,F,n-titrated,1,1,2k,1,1,2k
020619-AF,35.4,2.947945205,F,n-titrated,3,8,2k,6,8,2k
020619-AF,35.4,2.947945205,F,n-titrated,4,8,2k,4,8,2k
020619-AF,35.4,2.947945205,F,n-titrated,6,3,2k,2,2,2k
020619-AF,35.4,2.947945205,F,n-titrated,2,2,2k,3,8,2k
020619-AF,35.4,2.947945205,F,n-titrated,6,8,2k,1,1,2k
020619-AF,35.4,2.947945205,F,n-titrated,3,3,2k,3,8,2k
020619-AF,35.4,2.947945205,F,n-titrated,2,1,2k,4,8,2k
020619-AF,35.4,2.947945205,F,n-titrated,4,4,2k,6,8,2k
020619-AF,35.4,2.947945205,F,n-titrated,1,1,2k,2,2,2k
020719-WB,47.4,3.953424658,M,n-titrated,1,1,CP,6,6,CP
020719-WB,47.4,3.953424658,M,n-titrated,6,6,CP,3,3,CP
020719-WB,47.4,3.953424658,M,n-titrated,4,4,CP,2,2,CP
020719-WB,47.4,3.953424658,M,n-titrated,2,2,CP,4,4,CP
020719-WB,47.4,3.953424658,M,n-titrated,3,3,CP,1,1,CP
020719-WB,47.4,3.953424658,M,n-titrated,1,1,CP,1,1,CP
020719-WB,47.4,3.953424658,M,n-titrated,3,3,CP,6,6,CP
020719-WB,47.4,3.953424658,M,n-titrated,4,4,CP,4,4,CP
020719-WB,47.4,3.953424658,M,n-titrated,6,6,CP,2,2,CP
020719-WB,47.4,3.953424658,M,n-titrated,2,2,CP,3,3,CP
020719-WB,47.4,3.953424658,M,n-titrated,6,6,CP,1,1,CP
020719-WB,47.4,3.953424658,M,n-titrated,3,3,CP,3,3,CP
020719-WB,47.4,3.953424658,M,n-titrated,2,2,CP,4,4,CP
020719-WB,47.4,3.953424658,M,n-titrated,4,4,CP,6,6,CP
020719-WB,47.4,3.953424658,M,n-titrated,1,1,CP,2,2,CP
021319-CZ,32.7,2.728767123,F,n-titrated,6,8,4k,1,1,1k
021319-CZ,32.7,2.728767123,F,n-titrated,3,3,4k,6,6,1k
021319-CZ,32.7,2.728767123,F,n-titrated,2,2,4k,4,3,1k
021319-CZ,32.7,2.728767123,F,n-titrated,4,4,4k,2,2,1k
021319-CZ,32.7,2.728767123,F,n-titrated,1,1,4k,3,3,1k
021319-CZ,32.7,2.728767123,F,n-titrated,1,1,4k,1,1,1k
021319-CZ,32.7,2.728767123,F,n-titrated,6,6,4k,3,2,1k
021319-CZ,32.7,2.728767123,F,n-titrated,4,4,4k,4,2,1k
021319-CZ,32.7,2.728767123,F,n-titrated,2,2,4k,6,2,1k
021319-CZ,32.7,2.728767123,F,n-titrated,3,3,4k,2,2,1k
021319-CZ,32.7,2.728767123,F,n-titrated,1,1,4k,6,3,1k
021319-CZ,32.7,2.728767123,F,n-titrated,3,3,4k,3,3,1k
021319-CZ,32.7,2.728767123,F,n-titrated,4,4,4k,2,2,1k
021319-CZ,32.7,2.728767123,F,n-titrated,6,4,4k,4,2,1k
021319-CZ,32.7,2.728767123,F,n-titrated,2,2,4k,1,1,1k
021319-NC,48.9,4.076712329,F,n-titrated,6,6,CP,1,1,CP
021319-NC,48.9,4.076712329,F,n-titrated,3,3,CP,6,6,CP
021319-NC,48.9,4.076712329,F,n-titrated,2,2,CP,4,4,CP
021319-NC,48.9,4.076712329,F,n-titrated,4,4,CP,2,2,CP
021319-NC,48.9,4.076712329,F,n-titrated,1,1,CP,3,3,CP
021319-NC,48.9,4.076712329,F,n-titrated,1,1,CP,1,1,CP
021319-NC,48.9,4.076712329,F,n-titrated,6,6,CP,3,3,CP
021319-NC,48.9,4.076712329,F,n-titrated,4,4,CP,4,4,CP
021319-NC,48.9,4.076712329,F,n-titrated,2,2,CP,6,6,CP
021319-NC,48.9,4.076712329,F,n-titrated,3,3,CP,2,2,CP
021319-NC,48.9,4.076712329,F,n-titrated,1,1,CP,6,6,CP
021319-NC,48.9,4.076712329,F,n-titrated,3,3,CP,3,3,CP
021319-NC,48.9,4.076712329,F,n-titrated,4,4,CP,2,2,CP
021319-NC,48.9,4.076712329,F,n-titrated,6,6,CP,4,4,CP
021319-NC,48.9,4.076712329,F,n-titrated,2,2,CP,1,1,CP
021319-HL,41.5,3.460273973,M,n-titrated,1,1,CP,6,6,CP
021319-HL,41.5,3.460273973,M,n-titrated,6,6,CP,3,3,CP
021319-HL,41.5,3.460273973,M,n-titrated,4,4,CP,2,2,CP
021319-HL,41.5,3.460273973,M,n-titrated,2,2,CP,4,4,CP
021319-HL,41.5,3.460273973,M,n-titrated,3,3,CP,1,1,CP
021319-HL,41.5,3.460273973,M,n-titrated,1,1,CP,1,1,CP
021319-HL,41.5,3.460273973,M,n-titrated,3,5,CP,6,6,CP
021319-HL,41.5,3.460273973,M,n-titrated,4,4,CP,4,4,CP
021319-HL,41.5,3.460273973,M,n-titrated,6,5,CP,2,2,CP
021319-HL,41.5,3.460273973,M,n-titrated,2,2,CP,3,3,CP
021319-HL,41.5,3.460273973,M,n-titrated,6,6,CP,1,1,CP
021319-HL,41.5,3.460273973,M,n-titrated,3,3,CP,3,3,CP
021319-HL,41.5,3.460273973,M,n-titrated,2,2,CP,4,4,CP
021319-HL,41.5,3.460273973,M,n-titrated,4,4,CP,6,6,CP
021319-HL,41.5,3.460273973,M,n-titrated,1,1,CP,2,2,CP
022019-RA,40.2,3.347945205,F,n-titrated,1,1,3k,6,8,3k
022019-RA,40.2,3.347945205,F,n-titrated,6,4,3k,3,3,3k
022019-RA,40.2,3.347945205,F,n-titrated,4,7,3k,2,2,3k
022019-RA,40.2,3.347945205,F,n-titrated,2,2,3k,4,6,3k
022019-RA,40.2,3.347945205,F,n-titrated,3,3,3k,1,1,3k
022019-RA,40.2,3.347945205,F,n-titrated,1,1,3k,1,1,3k
022019-RA,40.2,3.347945205,F,n-titrated,3,3,3k,6,6,3k
022019-RA,40.2,3.347945205,F,n-titrated,4,3,3k,4,5,3k
022019-RA,40.2,3.347945205,F,n-titrated,6,7,3k,2,2,3k
022019-RA,40.2,3.347945205,F,n-titrated,2,2,3k,3,3,3k
022019-RA,40.2,3.347945205,F,n-titrated,6,8,3k,1,1,3k
022019-RA,40.2,3.347945205,F,n-titrated,3,3,3k,3,3,3k
022019-RA,40.2,3.347945205,F,n-titrated,2,2,3k,4,8,3k
022019-RA,40.2,3.347945205,F,n-titrated,4,5,3k,6,8,3k
022019-RA,40.2,3.347945205,F,n-titrated,1,1,3k,2,2,3k