Experiment,Participant,Language,Age_months,SEX,method,cite,1,1,1,2,2,2,3,3,3,4,4,4,5,5,5,6,6,6,10,10,10
Sarnecka2007,E-102,English,36.1,F,non-titrated,"Sarnecka, B. W., Kamenskaya, V. G., Yamana, Y., Ogura, T., & Yudovina, Y. B. (2007). From grammatical number to exact numbers: Early meanings of ‘one’,‘two’, and ‘three’in English, Russian, and Japanese. Cognitive psychology, 55(2), 136-168.",1,2,4,3,4,5,10,1,7,NA,NA,NA,11,7,6,3,5,5,NA,NA,NA
Sarnecka2007,E-114,English,37.77,M,non-titrated,"Sarnecka, B. W., Kamenskaya, V. G., Yamana, Y., Ogura, T., & Yudovina, Y. B. (2007). From grammatical number to exact numbers: Early meanings of ‘one’,‘two’, and ‘three’in English, Russian, and Japanese. Cognitive psychology, 55(2), 136-168.",1,1,2,3,2,2,2,3,3,NA,NA,NA,1,3,3,1,6,4,NA,NA,NA
Sarnecka2007,E-117,English,34.9,F,non-titrated,"Sarnecka, B. W., Kamenskaya, V. G., Yamana, Y., Ogura, T., & Yudovina, Y. B. (2007). From grammatical number to exact numbers: Early meanings of ‘one’,‘two’, and ‘three’in English, Russian, and Japanese. Cognitive psychology, 55(2), 136-168.",1,1,1,1,1,1,1,1,1,NA,NA,NA,NA,1,1,15,1,1,NA,NA,NA
Sarnecka2007,E-129,English,37.93,F,non-titrated,"Sarnecka, B. W., Kamenskaya, V. G., Yamana, Y., Ogura, T., & Yudovina, Y. B. (2007). From grammatical number to exact numbers: Early meanings of ‘one’,‘two’, and ‘three’in English, Russian, and Japanese. Cognitive psychology, 55(2), 136-168.",1,1,1,1,1,1,1,1,1,NA,NA,NA,1,1,1,2,3,2,NA,NA,NA
Sarnecka2007,E-101,English,35.37,F,non-titrated,"Sarnecka, B. W., Kamenskaya, V. G., Yamana, Y., Ogura, T., & Yudovina, Y. B. (2007). From grammatical number to exact numbers: Early meanings of ‘one’,‘two’, and ‘three’in English, Russian, and Japanese. Cognitive psychology, 55(2), 136-168.",1,8,1,3,2,15,4,3,5,NA,NA,NA,3,1,6,2,2,15,NA,NA,NA
Sarnecka2007,E-103,English,35.37,F,non-titrated,"Sarnecka, B. W., Kamenskaya, V. G., Yamana, Y., Ogura, T., & Yudovina, Y. B. (2007). From grammatical number to exact numbers: Early meanings of ‘one’,‘two’, and ‘three’in English, Russian, and Japanese. Cognitive psychology, 55(2), 136-168.",1,1,2,2,2,6,2,2,3,NA,NA,NA,3,3,15,4,2,2,NA,NA,NA
Sarnecka2007,E-105,English,34.4,M,non-titrated,"Sarnecka, B. W., Kamenskaya, V. G., Yamana, Y., Ogura, T., & Yudovina, Y. B. (2007). From grammatical number to exact numbers: Early meanings of ‘one’,‘two’, and ‘three’in English, Russian, and Japanese. Cognitive psychology, 55(2), 136-168.",1,1,1,2,2,2,2,2,2,NA,NA,NA,2,2,2,2,2,2,NA,NA,NA
Sarnecka2007,E-108,English,35.3,F,non-titrated,"Sarnecka, B. W., Kamenskaya, V. G., Yamana, Y., Ogura, T., & Yudovina, Y. B. (2007). From grammatical number to exact numbers: Early meanings of ‘one’,‘two’, and ‘three’in English, Russian, and Japanese. Cognitive psychology, 55(2), 136-168.",1,1,1,2,3,4,2,2,2,NA,NA,NA,2,2,2,2,2,2,NA,NA,NA
Sarnecka2007,E-110,English,36.33,M,non-titrated,"Sarnecka, B. W., Kamenskaya, V. G., Yamana, Y., Ogura, T., & Yudovina, Y. B. (2007). From grammatical number to exact numbers: Early meanings of ‘one’,‘two’, and ‘three’in English, Russian, and Japanese. Cognitive psychology, 55(2), 136-168.",1,1,1,2,2,2,5,15,15,NA,NA,NA,15,15,15,15,2,2,NA,NA,NA
Sarnecka2007,E-116,English,36.7,F,non-titrated,"Sarnecka, B. W., Kamenskaya, V. G., Yamana, Y., Ogura, T., & Yudovina, Y. B. (2007). From grammatical number to exact numbers: Early meanings of ‘one’,‘two’, and ‘three’in English, Russian, and Japanese. Cognitive psychology, 55(2), 136-168.",1,1,1,15,1,2,2,2,2,NA,NA,NA,2,2,2,2,2,2,NA,NA,NA
Sarnecka2007,E-121,English,36.6,M,non-titrated,"Sarnecka, B. W., Kamenskaya, V. G., Yamana, Y., Ogura, T., & Yudovina, Y. B. (2007). From grammatical number to exact numbers: Early meanings of ‘one’,‘two’, and ‘three’in English, Russian, and Japanese. Cognitive psychology, 55(2), 136-168.",1,1,1,2,2,6,2,2,2,NA,NA,NA,2,2,5,2,2,2,NA,NA,NA
Sarnecka2007,E-122,English,35.4,F,non-titrated,"Sarnecka, B. W., Kamenskaya, V. G., Yamana, Y., Ogura, T., & Yudovina, Y. B. (2007). From grammatical number to exact numbers: Early meanings of ‘one’,‘two’, and ‘three’in English, Russian, and Japanese. Cognitive psychology, 55(2), 136-168.",1,1,1,8,5,10,7,3,5,NA,NA,NA,6,5,7,5,4,5,NA,NA,NA
Sarnecka2007,E-123,English,34.23,M,non-titrated,"Sarnecka, B. W., Kamenskaya, V. G., Yamana, Y., Ogura, T., & Yudovina, Y. B. (2007). From grammatical number to exact numbers: Early meanings of ‘one’,‘two’, and ‘three’in English, Russian, and Japanese. Cognitive psychology, 55(2), 136-168.",1,1,2,2,2,3,2,2,2,NA,NA,NA,3,2,3,4,2,4,NA,NA,NA
Sarnecka2007,E-124,English,35.93,F,non-titrated,"Sarnecka, B. W., Kamenskaya, V. G., Yamana, Y., Ogura, T., & Yudovina, Y. B. (2007). From grammatical number to exact numbers: Early meanings of ‘one’,‘two’, and ‘three’in English, Russian, and Japanese. Cognitive psychology, 55(2), 136-168.",1,1,1,2,2,2,2,2,2,NA,NA,NA,2,2,2,2,2,2,NA,NA,NA
Sarnecka2007,E-125,English,35.57,M,non-titrated,"Sarnecka, B. W., Kamenskaya, V. G., Yamana, Y., Ogura, T., & Yudovina, Y. B. (2007). From grammatical number to exact numbers: Early meanings of ‘one’,‘two’, and ‘three’in English, Russian, and Japanese. Cognitive psychology, 55(2), 136-168.",1,1,1,2,2,2,2,2,2,NA,NA,NA,2,2,2,2,2,2,NA,NA,NA
Sarnecka2007,E-126,English,36.73,F,non-titrated,"Sarnecka, B. W., Kamenskaya, V. G., Yamana, Y., Ogura, T., & Yudovina, Y. B. (2007). From grammatical number to exact numbers: Early meanings of ‘one’,‘two’, and ‘three’in English, Russian, and Japanese. Cognitive psychology, 55(2), 136-168.",1,1,1,2,2,2,1,2,3,NA,NA,NA,2,2,2,2,2,2,NA,NA,NA
Sarnecka2007,E-138,English,36.2,F,non-titrated,"Sarnecka, B. W., Kamenskaya, V. G., Yamana, Y., Ogura, T., & Yudovina, Y. B. (2007). From grammatical number to exact numbers: Early meanings of ‘one’,‘two’, and ‘three’in English, Russian, and Japanese. Cognitive psychology, 55(2), 136-168.",1,1,1,2,2,2,2,2,15,NA,NA,NA,5,15,3,2,2,2,NA,NA,NA
Sarnecka2007,E-149,English,34.53,M,non-titrated,"Sarnecka, B. W., Kamenskaya, V. G., Yamana, Y., Ogura, T., & Yudovina, Y. B. (2007). From grammatical number to exact numbers: Early meanings of ‘one’,‘two’, and ‘three’in English, Russian, and Japanese. Cognitive psychology, 55(2), 136-168.",1,1,1,2,3,4,15,6,15,NA,NA,NA,3,3,2,2,3,15,NA,NA,NA
Sarnecka2007,E-150,English,33.5,F,non-titrated,"Sarnecka, B. W., Kamenskaya, V. G., Yamana, Y., Ogura, T., & Yudovina, Y. B. (2007). From grammatical number to exact numbers: Early meanings of ‘one’,‘two’, and ‘three’in English, Russian, and Japanese. Cognitive psychology, 55(2), 136-168.",1,1,4,2,2,3,2,3,4,NA,NA,NA,2,4,4,2,2,2,NA,NA,NA
Sarnecka2007,E-151,English,34.97,F,non-titrated,"Sarnecka, B. W., Kamenskaya, V. G., Yamana, Y., Ogura, T., & Yudovina, Y. B. (2007). From grammatical number to exact numbers: Early meanings of ‘one’,‘two’, and ‘three’in English, Russian, and Japanese. Cognitive psychology, 55(2), 136-168.",1,1,1,2,2,2,2,2,2,NA,NA,NA,2,2,2,2,2,2,NA,NA,NA
Sarnecka2007,E-152,English,34.53,M,non-titrated,"Sarnecka, B. W., Kamenskaya, V. G., Yamana, Y., Ogura, T., & Yudovina, Y. B. (2007). From grammatical number to exact numbers: Early meanings of ‘one’,‘two’, and ‘three’in English, Russian, and Japanese. Cognitive psychology, 55(2), 136-168.",1,1,1,2,2,2,3,2,4,NA,NA,NA,2,4,6,4,3,2,NA,NA,NA
Sarnecka2007,E-207,English,40.4,F,non-titrated,"Sarnecka, B. W., Kamenskaya, V. G., Yamana, Y., Ogura, T., & Yudovina, Y. B. (2007). From grammatical number to exact numbers: Early meanings of ‘one’,‘two’, and ‘three’in English, Russian, and Japanese. Cognitive psychology, 55(2), 136-168.",1,1,1,2,2,2,2,2,2,NA,NA,NA,2,2,2,2,2,2,NA,NA,NA
Sarnecka2007,E-208,English,41.13,F,non-titrated,"Sarnecka, B. W., Kamenskaya, V. G., Yamana, Y., Ogura, T., & Yudovina, Y. B. (2007). From grammatical number to exact numbers: Early meanings of ‘one’,‘two’, and ‘three’in English, Russian, and Japanese. Cognitive psychology, 55(2), 136-168.",1,1,1,2,2,2,4,3,2,NA,NA,NA,3,5,2,15,2,2,NA,NA,NA
Sarnecka2007,E-209,English,40.4,M,non-titrated,"Sarnecka, B. W., Kamenskaya, V. G., Yamana, Y., Ogura, T., & Yudovina, Y. B. (2007). From grammatical number to exact numbers: Early meanings of ‘one’,‘two’, and ‘three’in English, Russian, and Japanese. Cognitive psychology, 55(2), 136-168.",1,1,1,3,2,4,7,4,4,NA,NA,NA,5,3,3,15,6,6,NA,NA,NA
Sarnecka2007,E-223,English,40.4,M,non-titrated,"Sarnecka, B. W., Kamenskaya, V. G., Yamana, Y., Ogura, T., & Yudovina, Y. B. (2007). From grammatical number to exact numbers: Early meanings of ‘one’,‘two’, and ‘three’in English, Russian, and Japanese. Cognitive psychology, 55(2), 136-168.",1,1,1,2,6,8,4,5,7,NA,NA,NA,8,3,6,5,6,9,NA,NA,NA
Sarnecka2007,E-224,English,40.43,M,non-titrated,"Sarnecka, B. W., Kamenskaya, V. G., Yamana, Y., Ogura, T., & Yudovina, Y. B. (2007). From grammatical number to exact numbers: Early meanings of ‘one’,‘two’, and ‘three’in English, Russian, and Japanese. Cognitive psychology, 55(2), 136-168.",1,1,1,2,2,2,2,2,2,NA,NA,NA,2,2,2,2,2,2,NA,NA,NA
Sarnecka2007,E-235,English,41.4,M,non-titrated,"Sarnecka, B. W., Kamenskaya, V. G., Yamana, Y., Ogura, T., & Yudovina, Y. B. (2007). From grammatical number to exact numbers: Early meanings of ‘one’,‘two’, and ‘three’in English, Russian, and Japanese. Cognitive psychology, 55(2), 136-168.",1,1,1,2,2,3,2,2,2,NA,NA,NA,2,3,2,2,2,2,NA,NA,NA
Sarnecka2007,E-404,English,39.53,F,non-titrated,"Sarnecka, B. W., Kamenskaya, V. G., Yamana, Y., Ogura, T., & Yudovina, Y. B. (2007). From grammatical number to exact numbers: Early meanings of ‘one’,‘two’, and ‘three’in English, Russian, and Japanese. Cognitive psychology, 55(2), 136-168.",1,1,1,2,2,2,2,2,2,NA,NA,NA,2,2,2,2,2,2,NA,NA,NA
Sarnecka2007,E-418,English,39.33,M,non-titrated,"Sarnecka, B. W., Kamenskaya, V. G., Yamana, Y., Ogura, T., & Yudovina, Y. B. (2007). From grammatical number to exact numbers: Early meanings of ‘one’,‘two’, and ‘three’in English, Russian, and Japanese. Cognitive psychology, 55(2), 136-168.",1,1,1,2,2,15,2,2,3,NA,NA,NA,2,15,15,2,15,15,NA,NA,NA
Sarnecka2007,E-419,English,39.33,M,non-titrated,"Sarnecka, B. W., Kamenskaya, V. G., Yamana, Y., Ogura, T., & Yudovina, Y. B. (2007). From grammatical number to exact numbers: Early meanings of ‘one’,‘two’, and ‘three’in English, Russian, and Japanese. Cognitive psychology, 55(2), 136-168.",1,1,1,2,2,2,3,2,2,NA,NA,NA,2,2,2,2,2,2,NA,NA,NA
Sarnecka2007,E-106,English,34.73,F,non-titrated,"Sarnecka, B. W., Kamenskaya, V. G., Yamana, Y., Ogura, T., & Yudovina, Y. B. (2007). From grammatical number to exact numbers: Early meanings of ‘one’,‘two’, and ‘three’in English, Russian, and Japanese. Cognitive psychology, 55(2), 136-168.",1,1,1,2,2,2,2,3,3,NA,NA,NA,4,3,4,3,3,8,NA,NA,NA
Sarnecka2007,E-112,English,36.07,F,non-titrated,"Sarnecka, B. W., Kamenskaya, V. G., Yamana, Y., Ogura, T., & Yudovina, Y. B. (2007). From grammatical number to exact numbers: Early meanings of ‘one’,‘two’, and ‘three’in English, Russian, and Japanese. Cognitive psychology, 55(2), 136-168.",1,1,1,2,2,2,8,10,6,NA,NA,NA,7,9,7,4,8,4,NA,NA,NA
Sarnecka2007,E-113,English,36.27,F,non-titrated,"Sarnecka, B. W., Kamenskaya, V. G., Yamana, Y., Ogura, T., & Yudovina, Y. B. (2007). From grammatical number to exact numbers: Early meanings of ‘one’,‘two’, and ‘three’in English, Russian, and Japanese. Cognitive psychology, 55(2), 136-168.",1,1,1,2,2,2,3,5,6,NA,NA,NA,4,15,15,7,6,5,NA,NA,NA
Sarnecka2007,E-118,English,36.5,M,non-titrated,"Sarnecka, B. W., Kamenskaya, V. G., Yamana, Y., Ogura, T., & Yudovina, Y. B. (2007). From grammatical number to exact numbers: Early meanings of ‘one’,‘two’, and ‘three’in English, Russian, and Japanese. Cognitive psychology, 55(2), 136-168.",1,1,1,2,2,2,3,3,3,NA,NA,NA,4,3,4,5,4,3,NA,NA,NA
Sarnecka2007,E-119,English,37.3,M,non-titrated,"Sarnecka, B. W., Kamenskaya, V. G., Yamana, Y., Ogura, T., & Yudovina, Y. B. (2007). From grammatical number to exact numbers: Early meanings of ‘one’,‘two’, and ‘three’in English, Russian, and Japanese. Cognitive psychology, 55(2), 136-168.",1,1,1,2,2,2,3,3,3,NA,NA,NA,3,4,7,4,3,3,NA,NA,NA
Sarnecka2007,E-131,English,33.87,M,non-titrated,"Sarnecka, B. W., Kamenskaya, V. G., Yamana, Y., Ogura, T., & Yudovina, Y. B. (2007). From grammatical number to exact numbers: Early meanings of ‘one’,‘two’, and ‘three’in English, Russian, and Japanese. Cognitive psychology, 55(2), 136-168.",1,1,1,2,2,5,3,3,3,NA,NA,NA,3,3,4,3,3,3,NA,NA,NA
Sarnecka2007,E-216,English,40.53,M,non-titrated,"Sarnecka, B. W., Kamenskaya, V. G., Yamana, Y., Ogura, T., & Yudovina, Y. B. (2007). From grammatical number to exact numbers: Early meanings of ‘one’,‘two’, and ‘three’in English, Russian, and Japanese. Cognitive psychology, 55(2), 136-168.",1,1,1,15,2,2,2,15,15,NA,NA,NA,15,15,15,5,15,15,NA,NA,NA
Sarnecka2007,E-217,English,40.1,M,non-titrated,"Sarnecka, B. W., Kamenskaya, V. G., Yamana, Y., Ogura, T., & Yudovina, Y. B. (2007). From grammatical number to exact numbers: Early meanings of ‘one’,‘two’, and ‘three’in English, Russian, and Japanese. Cognitive psychology, 55(2), 136-168.",1,1,1,2,2,2,5,3,4,NA,NA,NA,3,5,6,5,6,6,NA,NA,NA
Sarnecka2007,E-220,English,40.97,F,non-titrated,"Sarnecka, B. W., Kamenskaya, V. G., Yamana, Y., Ogura, T., & Yudovina, Y. B. (2007). From grammatical number to exact numbers: Early meanings of ‘one’,‘two’, and ‘three’in English, Russian, and Japanese. Cognitive psychology, 55(2), 136-168.",1,1,1,2,2,2,3,4,3,NA,NA,NA,3,3,15,3,3,5,NA,NA,NA
Sarnecka2007,E-401,English,38.3,M,non-titrated,"Sarnecka, B. W., Kamenskaya, V. G., Yamana, Y., Ogura, T., & Yudovina, Y. B. (2007). From grammatical number to exact numbers: Early meanings of ‘one’,‘two’, and ‘three’in English, Russian, and Japanese. Cognitive psychology, 55(2), 136-168.",1,1,1,2,2,2,9,5,5,NA,NA,NA,4,3,2,3,3,13,NA,NA,NA
Sarnecka2007,E-402,English,38.33,M,non-titrated,"Sarnecka, B. W., Kamenskaya, V. G., Yamana, Y., Ogura, T., & Yudovina, Y. B. (2007). From grammatical number to exact numbers: Early meanings of ‘one’,‘two’, and ‘three’in English, Russian, and Japanese. Cognitive psychology, 55(2), 136-168.",1,1,1,2,2,2,11,3,13,NA,NA,NA,10,11,13,15,15,15,NA,NA,NA
Sarnecka2007,E-403,English,38.4,F,non-titrated,"Sarnecka, B. W., Kamenskaya, V. G., Yamana, Y., Ogura, T., & Yudovina, Y. B. (2007). From grammatical number to exact numbers: Early meanings of ‘one’,‘two’, and ‘three’in English, Russian, and Japanese. Cognitive psychology, 55(2), 136-168.",1,1,1,2,2,2,4,4,4,NA,NA,NA,5,4,15,7,3,3,NA,NA,NA
Sarnecka2007,E-408,English,38,M,non-titrated,"Sarnecka, B. W., Kamenskaya, V. G., Yamana, Y., Ogura, T., & Yudovina, Y. B. (2007). From grammatical number to exact numbers: Early meanings of ‘one’,‘two’, and ‘three’in English, Russian, and Japanese. Cognitive psychology, 55(2), 136-168.",1,1,1,2,2,2,3,3,3,NA,NA,NA,3,4,4,3,3,4,NA,NA,NA
Sarnecka2007,E-111,English,36.73,F,non-titrated,"Sarnecka, B. W., Kamenskaya, V. G., Yamana, Y., Ogura, T., & Yudovina, Y. B. (2007). From grammatical number to exact numbers: Early meanings of ‘one’,‘two’, and ‘three’in English, Russian, and Japanese. Cognitive psychology, 55(2), 136-168.",1,1,1,2,2,2,3,3,3,NA,NA,NA,15,15,15,4,3,4,NA,NA,NA
Sarnecka2007,E-115,English,36.8,M,non-titrated,"Sarnecka, B. W., Kamenskaya, V. G., Yamana, Y., Ogura, T., & Yudovina, Y. B. (2007). From grammatical number to exact numbers: Early meanings of ‘one’,‘two’, and ‘three’in English, Russian, and Japanese. Cognitive psychology, 55(2), 136-168.",1,1,1,2,2,2,3,3,3,NA,NA,NA,4,3,4,5,4,4,NA,NA,NA
Sarnecka2007,E-120,English,35.1,M,non-titrated,"Sarnecka, B. W., Kamenskaya, V. G., Yamana, Y., Ogura, T., & Yudovina, Y. B. (2007). From grammatical number to exact numbers: Early meanings of ‘one’,‘two’, and ‘three’in English, Russian, and Japanese. Cognitive psychology, 55(2), 136-168.",1,1,1,2,2,2,3,3,3,NA,NA,NA,15,4,15,6,3,15,NA,NA,NA
Sarnecka2007,E-127,English,36.33,M,non-titrated,"Sarnecka, B. W., Kamenskaya, V. G., Yamana, Y., Ogura, T., & Yudovina, Y. B. (2007). From grammatical number to exact numbers: Early meanings of ‘one’,‘two’, and ‘three’in English, Russian, and Japanese. Cognitive psychology, 55(2), 136-168.",1,1,1,2,2,4,3,3,2,NA,NA,NA,4,7,8,10,4,13,NA,NA,NA
Sarnecka2007,E-134,English,34.57,M,non-titrated,"Sarnecka, B. W., Kamenskaya, V. G., Yamana, Y., Ogura, T., & Yudovina, Y. B. (2007). From grammatical number to exact numbers: Early meanings of ‘one’,‘two’, and ‘three’in English, Russian, and Japanese. Cognitive psychology, 55(2), 136-168.",1,1,1,2,2,2,3,3,3,NA,NA,NA,9,7,5,5,6,9,NA,NA,NA
Sarnecka2007,E-140,English,37.57,F,non-titrated,"Sarnecka, B. W., Kamenskaya, V. G., Yamana, Y., Ogura, T., & Yudovina, Y. B. (2007). From grammatical number to exact numbers: Early meanings of ‘one’,‘two’, and ‘three’in English, Russian, and Japanese. Cognitive psychology, 55(2), 136-168.",1,1,1,2,2,2,3,3,3,NA,NA,NA,5,8,7,5,7,12,NA,NA,NA
Sarnecka2007,E-202,English,41.27,F,non-titrated,"Sarnecka, B. W., Kamenskaya, V. G., Yamana, Y., Ogura, T., & Yudovina, Y. B. (2007). From grammatical number to exact numbers: Early meanings of ‘one’,‘two’, and ‘three’in English, Russian, and Japanese. Cognitive psychology, 55(2), 136-168.",1,1,1,2,2,2,3,3,3,NA,NA,NA,6,4,5,6,7,4,NA,NA,NA
Sarnecka2007,E-205,English,41,F,non-titrated,"Sarnecka, B. W., Kamenskaya, V. G., Yamana, Y., Ogura, T., & Yudovina, Y. B. (2007). From grammatical number to exact numbers: Early meanings of ‘one’,‘two’, and ‘three’in English, Russian, and Japanese. Cognitive psychology, 55(2), 136-168.",1,1,1,2,2,2,8,3,3,NA,NA,NA,8,NA,4,8,5,6,NA,NA,NA
Sarnecka2007,E-210,English,40.23,M,non-titrated,"Sarnecka, B. W., Kamenskaya, V. G., Yamana, Y., Ogura, T., & Yudovina, Y. B. (2007). From grammatical number to exact numbers: Early meanings of ‘one’,‘two’, and ‘three’in English, Russian, and Japanese. Cognitive psychology, 55(2), 136-168.",1,1,1,2,2,2,3,3,3,NA,NA,NA,15,15,15,5,4,4,NA,NA,NA
Sarnecka2007,E-218,English,40.37,M,non-titrated,"Sarnecka, B. W., Kamenskaya, V. G., Yamana, Y., Ogura, T., & Yudovina, Y. B. (2007). From grammatical number to exact numbers: Early meanings of ‘one’,‘two’, and ‘three’in English, Russian, and Japanese. Cognitive psychology, 55(2), 136-168.",1,1,1,2,2,2,3,3,3,NA,NA,NA,14,15,15,15,15,15,NA,NA,NA
Sarnecka2007,E-219,English,40.37,M,non-titrated,"Sarnecka, B. W., Kamenskaya, V. G., Yamana, Y., Ogura, T., & Yudovina, Y. B. (2007). From grammatical number to exact numbers: Early meanings of ‘one’,‘two’, and ‘three’in English, Russian, and Japanese. Cognitive psychology, 55(2), 136-168.",1,1,1,2,2,2,3,3,5,NA,NA,NA,5,10,8,4,7,14,NA,NA,NA
Sarnecka2007,E-234,English,41.57,F,non-titrated,"Sarnecka, B. W., Kamenskaya, V. G., Yamana, Y., Ogura, T., & Yudovina, Y. B. (2007). From grammatical number to exact numbers: Early meanings of ‘one’,‘two’, and ‘three’in English, Russian, and Japanese. Cognitive psychology, 55(2), 136-168.",1,1,1,2,2,2,3,3,4,NA,NA,NA,12,13,15,6,10,15,NA,NA,NA
Sarnecka2007,E-405,English,39.53,F,non-titrated,"Sarnecka, B. W., Kamenskaya, V. G., Yamana, Y., Ogura, T., & Yudovina, Y. B. (2007). From grammatical number to exact numbers: Early meanings of ‘one’,‘two’, and ‘three’in English, Russian, and Japanese. Cognitive psychology, 55(2), 136-168.",1,1,1,2,2,2,3,5,3,NA,NA,NA,5,15,7,7,8,5,NA,NA,NA
Sarnecka2007,E-406,English,38.1,F,non-titrated,"Sarnecka, B. W., Kamenskaya, V. G., Yamana, Y., Ogura, T., & Yudovina, Y. B. (2007). From grammatical number to exact numbers: Early meanings of ‘one’,‘two’, and ‘three’in English, Russian, and Japanese. Cognitive psychology, 55(2), 136-168.",1,1,1,5,2,2,3,3,3,NA,NA,NA,5,15,5,5,5,6,NA,NA,NA
Sarnecka2007,E-407,English,38.83,M,non-titrated,"Sarnecka, B. W., Kamenskaya, V. G., Yamana, Y., Ogura, T., & Yudovina, Y. B. (2007). From grammatical number to exact numbers: Early meanings of ‘one’,‘two’, and ‘three’in English, Russian, and Japanese. Cognitive psychology, 55(2), 136-168.",1,1,1,2,2,2,3,3,3,NA,NA,NA,7,9,6,11,7,11,NA,NA,NA
Sarnecka2007,E-409,English,39.3,F,non-titrated,"Sarnecka, B. W., Kamenskaya, V. G., Yamana, Y., Ogura, T., & Yudovina, Y. B. (2007). From grammatical number to exact numbers: Early meanings of ‘one’,‘two’, and ‘three’in English, Russian, and Japanese. Cognitive psychology, 55(2), 136-168.",1,1,1,2,2,2,3,3,3,NA,NA,NA,5,9,15,9,7,9,NA,NA,NA
Sarnecka2007,E-410,English,38.87,M,non-titrated,"Sarnecka, B. W., Kamenskaya, V. G., Yamana, Y., Ogura, T., & Yudovina, Y. B. (2007). From grammatical number to exact numbers: Early meanings of ‘one’,‘two’, and ‘three’in English, Russian, and Japanese. Cognitive psychology, 55(2), 136-168.",1,1,1,2,2,2,3,3,3,NA,NA,NA,10,8,15,4,6,5,NA,NA,NA
Sarnecka2007,E-413,English,39.63,M,non-titrated,"Sarnecka, B. W., Kamenskaya, V. G., Yamana, Y., Ogura, T., & Yudovina, Y. B. (2007). From grammatical number to exact numbers: Early meanings of ‘one’,‘two’, and ‘three’in English, Russian, and Japanese. Cognitive psychology, 55(2), 136-168.",1,1,1,2,2,2,3,3,3,NA,NA,NA,6,15,15,10,8,8,NA,NA,NA
Sarnecka2007,E-415,English,39.4,F,non-titrated,"Sarnecka, B. W., Kamenskaya, V. G., Yamana, Y., Ogura, T., & Yudovina, Y. B. (2007). From grammatical number to exact numbers: Early meanings of ‘one’,‘two’, and ‘three’in English, Russian, and Japanese. Cognitive psychology, 55(2), 136-168.",1,1,1,2,2,2,3,3,3,NA,NA,NA,6,15,15,9,8,15,NA,NA,NA
Sarnecka2007,E-135,English,37.37,M,non-titrated,"Sarnecka, B. W., Kamenskaya, V. G., Yamana, Y., Ogura, T., & Yudovina, Y. B. (2007). From grammatical number to exact numbers: Early meanings of ‘one’,‘two’, and ‘three’in English, Russian, and Japanese. Cognitive psychology, 55(2), 136-168.",1,1,1,2,2,2,3,3,3,NA,NA,NA,5,5,5,7,7,7,NA,NA,NA
Sarnecka2007,E-222,English,40.4,M,non-titrated,"Sarnecka, B. W., Kamenskaya, V. G., Yamana, Y., Ogura, T., & Yudovina, Y. B. (2007). From grammatical number to exact numbers: Early meanings of ‘one’,‘two’, and ‘three’in English, Russian, and Japanese. Cognitive psychology, 55(2), 136-168.",1,1,1,2,9,2,3,3,3,NA,NA,NA,5,5,5,4,5,6,NA,NA,NA
Sarnecka2007,E-104,English,37.4,M,non-titrated,"Sarnecka, B. W., Kamenskaya, V. G., Yamana, Y., Ogura, T., & Yudovina, Y. B. (2007). From grammatical number to exact numbers: Early meanings of ‘one’,‘two’, and ‘three’in English, Russian, and Japanese. Cognitive psychology, 55(2), 136-168.",1,1,1,2,2,2,3,3,3,NA,NA,NA,5,5,5,5,6,6,NA,NA,NA
Sarnecka2007,E-204,English,42.2,M,non-titrated,"Sarnecka, B. W., Kamenskaya, V. G., Yamana, Y., Ogura, T., & Yudovina, Y. B. (2007). From grammatical number to exact numbers: Early meanings of ‘one’,‘two’, and ‘three’in English, Russian, and Japanese. Cognitive psychology, 55(2), 136-168.",1,1,1,2,2,2,3,3,3,NA,NA,NA,5,5,5,6,6,6,NA,NA,NA
Sarnecka2007,E-421,English,38.97,F,non-titrated,"Sarnecka, B. W., Kamenskaya, V. G., Yamana, Y., Ogura, T., & Yudovina, Y. B. (2007). From grammatical number to exact numbers: Early meanings of ‘one’,‘two’, and ‘three’in English, Russian, and Japanese. Cognitive psychology, 55(2), 136-168.",1,1,1,2,2,2,3,3,3,NA,NA,NA,5,5,5,6,6,6,NA,NA,NA
Sarnecka2007,E-139,English,36.97,F,non-titrated,"Sarnecka, B. W., Kamenskaya, V. G., Yamana, Y., Ogura, T., & Yudovina, Y. B. (2007). From grammatical number to exact numbers: Early meanings of ‘one’,‘two’, and ‘three’in English, Russian, and Japanese. Cognitive psychology, 55(2), 136-168.",1,1,1,2,15,3,3,3,15,NA,NA,NA,11,15,4,15,15,11,NA,NA,NA
Sarnecka2007,E-109,English,37.23,M,non-titrated,"Sarnecka, B. W., Kamenskaya, V. G., Yamana, Y., Ogura, T., & Yudovina, Y. B. (2007). From grammatical number to exact numbers: Early meanings of ‘one’,‘two’, and ‘three’in English, Russian, and Japanese. Cognitive psychology, 55(2), 136-168.",1,1,1,2,2,2,3,6,3,NA,NA,NA,3,5,5,2,2,2,NA,NA,NA
Sarnecka2007,E-107,English,35.07,F,non-titrated,"Sarnecka, B. W., Kamenskaya, V. G., Yamana, Y., Ogura, T., & Yudovina, Y. B. (2007). From grammatical number to exact numbers: Early meanings of ‘one’,‘two’, and ‘three’in English, Russian, and Japanese. Cognitive psychology, 55(2), 136-168.",1,1,1,2,2,2,3,3,3,NA,NA,NA,4,4,4,6,4,6,NA,NA,NA
Sarnecka2007,J-104,Japanese,35.4,M,non-titrated,"Sarnecka, B. W., Kamenskaya, V. G., Yamana, Y., Ogura, T., & Yudovina, Y. B. (2007). From grammatical number to exact numbers: Early meanings of ‘one’,‘two’, and ‘three’in English, Russian, and Japanese. Cognitive psychology, 55(2), 136-168.",1,1,1,1,1,1,1,1,1,NA,NA,NA,1,1,1,1,1,1,NA,NA,NA
Sarnecka2007,J-105,Japanese,36.4,M,non-titrated,"Sarnecka, B. W., Kamenskaya, V. G., Yamana, Y., Ogura, T., & Yudovina, Y. B. (2007). From grammatical number to exact numbers: Early meanings of ‘one’,‘two’, and ‘three’in English, Russian, and Japanese. Cognitive psychology, 55(2), 136-168.",1,1,1,2,2,2,2,2,2,NA,NA,NA,1,1,1,1,1,1,NA,NA,NA
Sarnecka2007,J-108,Japanese,35.23,F,non-titrated,"Sarnecka, B. W., Kamenskaya, V. G., Yamana, Y., Ogura, T., & Yudovina, Y. B. (2007). From grammatical number to exact numbers: Early meanings of ‘one’,‘two’, and ‘three’in English, Russian, and Japanese. Cognitive psychology, 55(2), 136-168.",1,1,1,2,1,2,3,2,1,NA,NA,NA,2,2,2,2,1,2,NA,NA,NA
Sarnecka2007,J-111,Japanese,34.67,M,non-titrated,"Sarnecka, B. W., Kamenskaya, V. G., Yamana, Y., Ogura, T., & Yudovina, Y. B. (2007). From grammatical number to exact numbers: Early meanings of ‘one’,‘two’, and ‘three’in English, Russian, and Japanese. Cognitive psychology, 55(2), 136-168.",2,15,1,15,2,15,3,2,15,NA,NA,NA,15,9,3,1,15,15,NA,NA,NA
Sarnecka2007,J-112,Japanese,33.9,F,non-titrated,"Sarnecka, B. W., Kamenskaya, V. G., Yamana, Y., Ogura, T., & Yudovina, Y. B. (2007). From grammatical number to exact numbers: Early meanings of ‘one’,‘two’, and ‘three’in English, Russian, and Japanese. Cognitive psychology, 55(2), 136-168.",1,1,1,1,1,1,1,1,1,NA,NA,NA,1,1,1,1,1,1,NA,NA,NA
Sarnecka2007,J-116,Japanese,33.17,M,non-titrated,"Sarnecka, B. W., Kamenskaya, V. G., Yamana, Y., Ogura, T., & Yudovina, Y. B. (2007). From grammatical number to exact numbers: Early meanings of ‘one’,‘two’, and ‘three’in English, Russian, and Japanese. Cognitive psychology, 55(2), 136-168.",1,1,1,1,1,1,1,1,1,NA,NA,NA,1,1,1,1,1,1,NA,NA,NA
Sarnecka2007,J-117,Japanese,34.47,M,non-titrated,"Sarnecka, B. W., Kamenskaya, V. G., Yamana, Y., Ogura, T., & Yudovina, Y. B. (2007). From grammatical number to exact numbers: Early meanings of ‘one’,‘two’, and ‘three’in English, Russian, and Japanese. Cognitive psychology, 55(2), 136-168.",1,1,1,1,1,1,1,1,1,NA,NA,NA,1,1,1,1,1,1,NA,NA,NA
Sarnecka2007,J-125,Japanese,41.83,F,non-titrated,"Sarnecka, B. W., Kamenskaya, V. G., Yamana, Y., Ogura, T., & Yudovina, Y. B. (2007). From grammatical number to exact numbers: Early meanings of ‘one’,‘two’, and ‘three’in English, Russian, and Japanese. Cognitive psychology, 55(2), 136-168.",1,1,1,1,1,1,1,1,1,NA,NA,NA,1,1,1,1,1,1,NA,NA,NA
Sarnecka2007,J-126,Japanese,41.57,M,non-titrated,"Sarnecka, B. W., Kamenskaya, V. G., Yamana, Y., Ogura, T., & Yudovina, Y. B. (2007). From grammatical number to exact numbers: Early meanings of ‘one’,‘two’, and ‘three’in English, Russian, and Japanese. Cognitive psychology, 55(2), 136-168.",4,4,6,5,7,4,4,6,7,NA,NA,NA,4,8,8,4,8,8,NA,NA,NA
Sarnecka2007,J-127,Japanese,40.87,M,non-titrated,"Sarnecka, B. W., Kamenskaya, V. G., Yamana, Y., Ogura, T., & Yudovina, Y. B. (2007). From grammatical number to exact numbers: Early meanings of ‘one’,‘two’, and ‘three’in English, Russian, and Japanese. Cognitive psychology, 55(2), 136-168.",15,15,2,2,15,2,4,3,1,NA,NA,NA,15,1,15,3,2,2,NA,NA,NA
Sarnecka2007,J-128,Japanese,40.43,M,non-titrated,"Sarnecka, B. W., Kamenskaya, V. G., Yamana, Y., Ogura, T., & Yudovina, Y. B. (2007). From grammatical number to exact numbers: Early meanings of ‘one’,‘two’, and ‘three’in English, Russian, and Japanese. Cognitive psychology, 55(2), 136-168.",15,15,15,6,15,15,6,15,15,NA,NA,NA,15,15,15,15,15,15,NA,NA,NA
Sarnecka2007,J-129,Japanese,40.17,F,non-titrated,"Sarnecka, B. W., Kamenskaya, V. G., Yamana, Y., Ogura, T., & Yudovina, Y. B. (2007). From grammatical number to exact numbers: Early meanings of ‘one’,‘two’, and ‘three’in English, Russian, and Japanese. Cognitive psychology, 55(2), 136-168.",1,1,1,2,4,3,1,3,3,NA,NA,NA,5,1,3,8,4,2,NA,NA,NA
Sarnecka2007,J-133,Japanese,41.77,M,non-titrated,"Sarnecka, B. W., Kamenskaya, V. G., Yamana, Y., Ogura, T., & Yudovina, Y. B. (2007). From grammatical number to exact numbers: Early meanings of ‘one’,‘two’, and ‘three’in English, Russian, and Japanese. Cognitive psychology, 55(2), 136-168.",15,15,15,15,2,15,15,15,12,NA,NA,NA,15,3,15,15,15,10,NA,NA,NA
Sarnecka2007,J-134,Japanese,41.2,M,non-titrated,"Sarnecka, B. W., Kamenskaya, V. G., Yamana, Y., Ogura, T., & Yudovina, Y. B. (2007). From grammatical number to exact numbers: Early meanings of ‘one’,‘two’, and ‘three’in English, Russian, and Japanese. Cognitive psychology, 55(2), 136-168.",1,1,1,1,1,1,1,1,1,NA,NA,NA,1,2,1,1,1,1,NA,NA,NA
Sarnecka2007,J-135,Japanese,37.83,M,non-titrated,"Sarnecka, B. W., Kamenskaya, V. G., Yamana, Y., Ogura, T., & Yudovina, Y. B. (2007). From grammatical number to exact numbers: Early meanings of ‘one’,‘two’, and ‘three’in English, Russian, and Japanese. Cognitive psychology, 55(2), 136-168.",1,1,1,1,2,1,1,1,15,NA,NA,NA,1,2,1,2,1,15,NA,NA,NA
Sarnecka2007,J-136,Japanese,40.13,F,non-titrated,"Sarnecka, B. W., Kamenskaya, V. G., Yamana, Y., Ogura, T., & Yudovina, Y. B. (2007). From grammatical number to exact numbers: Early meanings of ‘one’,‘two’, and ‘three’in English, Russian, and Japanese. Cognitive psychology, 55(2), 136-168.",1,1,1,1,1,1,1,1,1,NA,NA,NA,1,1,1,1,1,1,NA,NA,NA
Sarnecka2007,J-139,Japanese,38.27,M,non-titrated,"Sarnecka, B. W., Kamenskaya, V. G., Yamana, Y., Ogura, T., & Yudovina, Y. B. (2007). From grammatical number to exact numbers: Early meanings of ‘one’,‘two’, and ‘three’in English, Russian, and Japanese. Cognitive psychology, 55(2), 136-168.",3,2,1,5,6,4,2,4,2,NA,NA,NA,3,2,4,4,1,6,NA,NA,NA
Sarnecka2007,J-141,Japanese,37.67,F,non-titrated,"Sarnecka, B. W., Kamenskaya, V. G., Yamana, Y., Ogura, T., & Yudovina, Y. B. (2007). From grammatical number to exact numbers: Early meanings of ‘one’,‘two’, and ‘three’in English, Russian, and Japanese. Cognitive psychology, 55(2), 136-168.",1,1,1,1,1,1,1,1,1,NA,NA,NA,1,1,1,1,1,1,NA,NA,NA
Sarnecka2007,J-143,Japanese,39.27,F,non-titrated,"Sarnecka, B. W., Kamenskaya, V. G., Yamana, Y., Ogura, T., & Yudovina, Y. B. (2007). From grammatical number to exact numbers: Early meanings of ‘one’,‘two’, and ‘three’in English, Russian, and Japanese. Cognitive psychology, 55(2), 136-168.",15,15,15,3,3,15,15,15,15,NA,NA,NA,15,15,15,15,2,15,NA,NA,NA
Sarnecka2007,J-144,Japanese,39.1,M,non-titrated,"Sarnecka, B. W., Kamenskaya, V. G., Yamana, Y., Ogura, T., & Yudovina, Y. B. (2007). From grammatical number to exact numbers: Early meanings of ‘one’,‘two’, and ‘three’in English, Russian, and Japanese. Cognitive psychology, 55(2), 136-168.",2,1,1,1,1,1,1,1,1,NA,NA,NA,1,1,1,1,1,1,NA,NA,NA
Sarnecka2007,J-145,Japanese,40.1,M,non-titrated,"Sarnecka, B. W., Kamenskaya, V. G., Yamana, Y., Ogura, T., & Yudovina, Y. B. (2007). From grammatical number to exact numbers: Early meanings of ‘one’,‘two’, and ‘three’in English, Russian, and Japanese. Cognitive psychology, 55(2), 136-168.",1,1,1,1,1,1,1,1,1,NA,NA,NA,1,1,1,1,1,1,NA,NA,NA
Sarnecka2007,J-146,Japanese,42.07,M,non-titrated,"Sarnecka, B. W., Kamenskaya, V. G., Yamana, Y., Ogura, T., & Yudovina, Y. B. (2007). From grammatical number to exact numbers: Early meanings of ‘one’,‘two’, and ‘three’in English, Russian, and Japanese. Cognitive psychology, 55(2), 136-168.",1,1,1,1,1,1,1,1,1,NA,NA,NA,1,1,1,1,1,1,NA,NA,NA
Sarnecka2007,J-101,Japanese,33.97,M,non-titrated,"Sarnecka, B. W., Kamenskaya, V. G., Yamana, Y., Ogura, T., & Yudovina, Y. B. (2007). From grammatical number to exact numbers: Early meanings of ‘one’,‘two’, and ‘three’in English, Russian, and Japanese. Cognitive psychology, 55(2), 136-168.",15,1,1,15,2,2,2,2,2,NA,NA,NA,2,2,2,2,2,2,NA,NA,NA
Sarnecka2007,J-103,Japanese,35.03,M,non-titrated,"Sarnecka, B. W., Kamenskaya, V. G., Yamana, Y., Ogura, T., & Yudovina, Y. B. (2007). From grammatical number to exact numbers: Early meanings of ‘one’,‘two’, and ‘three’in English, Russian, and Japanese. Cognitive psychology, 55(2), 136-168.",1,1,1,2,2,2,3,2,2,NA,NA,NA,3,4,2,3,3,3,NA,NA,NA
Sarnecka2007,J-107,Japanese,34.3,M,non-titrated,"Sarnecka, B. W., Kamenskaya, V. G., Yamana, Y., Ogura, T., & Yudovina, Y. B. (2007). From grammatical number to exact numbers: Early meanings of ‘one’,‘two’, and ‘three’in English, Russian, and Japanese. Cognitive psychology, 55(2), 136-168.",1,1,1,3,3,3,3,3,1,NA,NA,NA,3,3,3,3,3,3,NA,NA,NA
Sarnecka2007,J-109,Japanese,37.77,M,non-titrated,"Sarnecka, B. W., Kamenskaya, V. G., Yamana, Y., Ogura, T., & Yudovina, Y. B. (2007). From grammatical number to exact numbers: Early meanings of ‘one’,‘two’, and ‘three’in English, Russian, and Japanese. Cognitive psychology, 55(2), 136-168.",1,1,1,2,2,2,3,2,2,NA,NA,NA,3,2,4,3,3,3,NA,NA,NA
Sarnecka2007,J-110,Japanese,34.53,M,non-titrated,"Sarnecka, B. W., Kamenskaya, V. G., Yamana, Y., Ogura, T., & Yudovina, Y. B. (2007). From grammatical number to exact numbers: Early meanings of ‘one’,‘two’, and ‘three’in English, Russian, and Japanese. Cognitive psychology, 55(2), 136-168.",1,1,1,3,2,4,2,3,3,NA,NA,NA,3,3,7,3,6,5,NA,NA,NA
Sarnecka2007,J-113,Japanese,33.97,M,non-titrated,"Sarnecka, B. W., Kamenskaya, V. G., Yamana, Y., Ogura, T., & Yudovina, Y. B. (2007). From grammatical number to exact numbers: Early meanings of ‘one’,‘two’, and ‘three’in English, Russian, and Japanese. Cognitive psychology, 55(2), 136-168.",1,1,1,5,15,15,2,15,15,NA,NA,NA,15,2,15,2,2,10,NA,NA,NA
Sarnecka2007,J-114,Japanese,37.63,F,non-titrated,"Sarnecka, B. W., Kamenskaya, V. G., Yamana, Y., Ogura, T., & Yudovina, Y. B. (2007). From grammatical number to exact numbers: Early meanings of ‘one’,‘two’, and ‘three’in English, Russian, and Japanese. Cognitive psychology, 55(2), 136-168.",1,1,1,3,2,2,2,3,4,NA,NA,NA,2,3,5,3,2,2,NA,NA,NA
Sarnecka2007,J-115,Japanese,33.83,F,non-titrated,"Sarnecka, B. W., Kamenskaya, V. G., Yamana, Y., Ogura, T., & Yudovina, Y. B. (2007). From grammatical number to exact numbers: Early meanings of ‘one’,‘two’, and ‘three’in English, Russian, and Japanese. Cognitive psychology, 55(2), 136-168.",1,1,1,2,3,2,3,2,2,NA,NA,NA,4,5,4,4,3,4,NA,NA,NA
Sarnecka2007,J-118,Japanese,33.73,F,non-titrated,"Sarnecka, B. W., Kamenskaya, V. G., Yamana, Y., Ogura, T., & Yudovina, Y. B. (2007). From grammatical number to exact numbers: Early meanings of ‘one’,‘two’, and ‘three’in English, Russian, and Japanese. Cognitive psychology, 55(2), 136-168.",1,1,1,3,3,2,2,2,3,NA,NA,NA,3,2,2,2,2,2,NA,NA,NA
Sarnecka2007,J-119,Japanese,38.37,M,non-titrated,"Sarnecka, B. W., Kamenskaya, V. G., Yamana, Y., Ogura, T., & Yudovina, Y. B. (2007). From grammatical number to exact numbers: Early meanings of ‘one’,‘two’, and ‘three’in English, Russian, and Japanese. Cognitive psychology, 55(2), 136-168.",1,1,1,4,2,3,2,2,2,NA,NA,NA,2,2,3,2,2,3,NA,NA,NA
Sarnecka2007,J-121,Japanese,37.77,M,non-titrated,"Sarnecka, B. W., Kamenskaya, V. G., Yamana, Y., Ogura, T., & Yudovina, Y. B. (2007). From grammatical number to exact numbers: Early meanings of ‘one’,‘two’, and ‘three’in English, Russian, and Japanese. Cognitive psychology, 55(2), 136-168.",1,1,1,3,2,2,2,2,2,NA,NA,NA,2,2,2,2,2,2,NA,NA,NA
Sarnecka2007,J-123,Japanese,33.57,F,non-titrated,"Sarnecka, B. W., Kamenskaya, V. G., Yamana, Y., Ogura, T., & Yudovina, Y. B. (2007). From grammatical number to exact numbers: Early meanings of ‘one’,‘two’, and ‘three’in English, Russian, and Japanese. Cognitive psychology, 55(2), 136-168.",1,1,1,2,2,2,2,3,2,NA,NA,NA,3,2,2,2,3,2,NA,NA,NA
Sarnecka2007,J-130,Japanese,39.47,F,non-titrated,"Sarnecka, B. W., Kamenskaya, V. G., Yamana, Y., Ogura, T., & Yudovina, Y. B. (2007). From grammatical number to exact numbers: Early meanings of ‘one’,‘two’, and ‘three’in English, Russian, and Japanese. Cognitive psychology, 55(2), 136-168.",1,1,1,2,2,2,2,2,2,NA,NA,NA,2,2,2,2,2,2,NA,NA,NA
Sarnecka2007,J-131,Japanese,38.7,M,non-titrated,"Sarnecka, B. W., Kamenskaya, V. G., Yamana, Y., Ogura, T., & Yudovina, Y. B. (2007). From grammatical number to exact numbers: Early meanings of ‘one’,‘two’, and ‘three’in English, Russian, and Japanese. Cognitive psychology, 55(2), 136-168.",1,1,1,2,2,2,3,2,2,NA,NA,NA,1,3,3,2,3,4,NA,NA,NA
Sarnecka2007,J-138,Japanese,38.73,M,non-titrated,"Sarnecka, B. W., Kamenskaya, V. G., Yamana, Y., Ogura, T., & Yudovina, Y. B. (2007). From grammatical number to exact numbers: Early meanings of ‘one’,‘two’, and ‘three’in English, Russian, and Japanese. Cognitive psychology, 55(2), 136-168.",2,1,1,2,2,2,3,2,2,NA,NA,NA,2,2,2,2,2,3,NA,NA,NA
Sarnecka2007,J-142,Japanese,37.93,F,non-titrated,"Sarnecka, B. W., Kamenskaya, V. G., Yamana, Y., Ogura, T., & Yudovina, Y. B. (2007). From grammatical number to exact numbers: Early meanings of ‘one’,‘two’, and ‘three’in English, Russian, and Japanese. Cognitive psychology, 55(2), 136-168.",1,1,1,4,2,3,2,3,3,NA,NA,NA,4,3,6,3,3,4,NA,NA,NA
Sarnecka2007,J-102,Japanese,35.03,F,non-titrated,"Sarnecka, B. W., Kamenskaya, V. G., Yamana, Y., Ogura, T., & Yudovina, Y. B. (2007). From grammatical number to exact numbers: Early meanings of ‘one’,‘two’, and ‘three’in English, Russian, and Japanese. Cognitive psychology, 55(2), 136-168.",1,1,1,3,2,2,2,3,4,NA,NA,NA,4,4,7,4,4,5,NA,NA,NA
Sarnecka2007,J-106,Japanese,33.8,F,non-titrated,"Sarnecka, B. W., Kamenskaya, V. G., Yamana, Y., Ogura, T., & Yudovina, Y. B. (2007). From grammatical number to exact numbers: Early meanings of ‘one’,‘two’, and ‘three’in English, Russian, and Japanese. Cognitive psychology, 55(2), 136-168.",1,1,1,3,2,2,3,3,4,NA,NA,NA,3,4,3,3,4,3,NA,NA,NA
Sarnecka2007,J-122,Japanese,35.8,F,non-titrated,"Sarnecka, B. W., Kamenskaya, V. G., Yamana, Y., Ogura, T., & Yudovina, Y. B. (2007). From grammatical number to exact numbers: Early meanings of ‘one’,‘two’, and ‘three’in English, Russian, and Japanese. Cognitive psychology, 55(2), 136-168.",1,1,1,2,3,2,3,2,4,NA,NA,NA,3,4,4,3,4,10,NA,NA,NA
Sarnecka2007,J-132,Japanese,37.4,F,non-titrated,"Sarnecka, B. W., Kamenskaya, V. G., Yamana, Y., Ogura, T., & Yudovina, Y. B. (2007). From grammatical number to exact numbers: Early meanings of ‘one’,‘two’, and ‘three’in English, Russian, and Japanese. Cognitive psychology, 55(2), 136-168.",1,1,1,2,2,2,3,1,4,NA,NA,NA,5,4,7,4,4,7,NA,NA,NA
Sarnecka2007,J-140,Japanese,38.07,F,non-titrated,"Sarnecka, B. W., Kamenskaya, V. G., Yamana, Y., Ogura, T., & Yudovina, Y. B. (2007). From grammatical number to exact numbers: Early meanings of ‘one’,‘two’, and ‘three’in English, Russian, and Japanese. Cognitive psychology, 55(2), 136-168.",1,1,1,2,2,2,3,3,3,NA,NA,NA,3,4,3,4,4,3,NA,NA,NA
Sarnecka2007,J-120,Japanese,37.5,M,non-titrated,"Sarnecka, B. W., Kamenskaya, V. G., Yamana, Y., Ogura, T., & Yudovina, Y. B. (2007). From grammatical number to exact numbers: Early meanings of ‘one’,‘two’, and ‘three’in English, Russian, and Japanese. Cognitive psychology, 55(2), 136-168.",1,1,1,2,3,2,4,3,3,NA,NA,NA,6,5,15,4,6,8,NA,NA,NA
Sarnecka2007,J-124,Japanese,38.43,M,non-titrated,"Sarnecka, B. W., Kamenskaya, V. G., Yamana, Y., Ogura, T., & Yudovina, Y. B. (2007). From grammatical number to exact numbers: Early meanings of ‘one’,‘two’, and ‘three’in English, Russian, and Japanese. Cognitive psychology, 55(2), 136-168.",1,1,1,2,2,2,3,3,3,NA,NA,NA,15,15,4,3,4,4,NA,NA,NA
Sarnecka2007,J-137,Japanese,41.6,F,non-titrated,"Sarnecka, B. W., Kamenskaya, V. G., Yamana, Y., Ogura, T., & Yudovina, Y. B. (2007). From grammatical number to exact numbers: Early meanings of ‘one’,‘two’, and ‘three’in English, Russian, and Japanese. Cognitive psychology, 55(2), 136-168.",1,1,1,2,2,2,3,3,3,NA,NA,NA,6,7,9,10,9,8,NA,NA,NA
Sarnecka2007,J-148,Japanese,40.8,F,non-titrated,"Sarnecka, B. W., Kamenskaya, V. G., Yamana, Y., Ogura, T., & Yudovina, Y. B. (2007). From grammatical number to exact numbers: Early meanings of ‘one’,‘two’, and ‘three’in English, Russian, and Japanese. Cognitive psychology, 55(2), 136-168.",1,1,1,2,2,2,3,3,3,NA,NA,NA,4,5,5,4,6,7,NA,NA,NA
Sarnecka2007,J-147,Japanese,42.27,F,non-titrated,"Sarnecka, B. W., Kamenskaya, V. G., Yamana, Y., Ogura, T., & Yudovina, Y. B. (2007). From grammatical number to exact numbers: Early meanings of ‘one’,‘two’, and ‘three’in English, Russian, and Japanese. Cognitive psychology, 55(2), 136-168.",1,1,1,2,7,5,3,3,4,NA,NA,NA,5,5,5,4,4,4,NA,NA,NA
Sarnecka2007,R-141,Russian,34.53,M,non-titrated,"Sarnecka, B. W., Kamenskaya, V. G., Yamana, Y., Ogura, T., & Yudovina, Y. B. (2007). From grammatical number to exact numbers: Early meanings of ‘one’,‘two’, and ‘three’in English, Russian, and Japanese. Cognitive psychology, 55(2), 136-168.",1,1,1,2,1,1,2,1,1,NA,NA,NA,2,1,1,2,1,1,NA,NA,NA
Sarnecka2007,R-101,Russian,36.13,F,non-titrated,"Sarnecka, B. W., Kamenskaya, V. G., Yamana, Y., Ogura, T., & Yudovina, Y. B. (2007). From grammatical number to exact numbers: Early meanings of ‘one’,‘two’, and ‘three’in English, Russian, and Japanese. Cognitive psychology, 55(2), 136-168.",1,1,1,3,2,2,2,2,3,NA,NA,NA,3,5,3,2,3,2,NA,NA,NA
Sarnecka2007,R-104,Russian,39.23,M,non-titrated,"Sarnecka, B. W., Kamenskaya, V. G., Yamana, Y., Ogura, T., & Yudovina, Y. B. (2007). From grammatical number to exact numbers: Early meanings of ‘one’,‘two’, and ‘three’in English, Russian, and Japanese. Cognitive psychology, 55(2), 136-168.",1,1,1,2,2,2,2,2,2,NA,NA,NA,2,2,2,2,2,2,NA,NA,NA
Sarnecka2007,R-105,Russian,41.4,M,non-titrated,"Sarnecka, B. W., Kamenskaya, V. G., Yamana, Y., Ogura, T., & Yudovina, Y. B. (2007). From grammatical number to exact numbers: Early meanings of ‘one’,‘two’, and ‘three’in English, Russian, and Japanese. Cognitive psychology, 55(2), 136-168.",1,1,1,2,2,2,4,4,3,NA,NA,NA,NA,5,2,NA,2,4,NA,NA,NA
Sarnecka2007,R-107,Russian,37.33,M,non-titrated,"Sarnecka, B. W., Kamenskaya, V. G., Yamana, Y., Ogura, T., & Yudovina, Y. B. (2007). From grammatical number to exact numbers: Early meanings of ‘one’,‘two’, and ‘three’in English, Russian, and Japanese. Cognitive psychology, 55(2), 136-168.",1,1,1,2,2,2,2,2,2,NA,NA,NA,2,2,2,2,2,2,NA,NA,NA
Sarnecka2007,R-113,Russian,39.67,F,non-titrated,"Sarnecka, B. W., Kamenskaya, V. G., Yamana, Y., Ogura, T., & Yudovina, Y. B. (2007). From grammatical number to exact numbers: Early meanings of ‘one’,‘two’, and ‘three’in English, Russian, and Japanese. Cognitive psychology, 55(2), 136-168.",1,1,1,4,2,2,15,1,2,NA,NA,NA,3,3,15,3,2,3,NA,NA,NA
Sarnecka2007,R-116,Russian,42.97,M,non-titrated,"Sarnecka, B. W., Kamenskaya, V. G., Yamana, Y., Ogura, T., & Yudovina, Y. B. (2007). From grammatical number to exact numbers: Early meanings of ‘one’,‘two’, and ‘three’in English, Russian, and Japanese. Cognitive psychology, 55(2), 136-168.",1,1,1,2,3,2,2,2,2,NA,NA,NA,4,2,2,4,2,2,NA,NA,NA
Sarnecka2007,R-120,Russian,40.1,M,non-titrated,"Sarnecka, B. W., Kamenskaya, V. G., Yamana, Y., Ogura, T., & Yudovina, Y. B. (2007). From grammatical number to exact numbers: Early meanings of ‘one’,‘two’, and ‘three’in English, Russian, and Japanese. Cognitive psychology, 55(2), 136-168.",1,1,1,2,2,2,2,2,2,NA,NA,NA,2,2,2,2,2,2,NA,NA,NA
Sarnecka2007,R-121,Russian,35.67,M,non-titrated,"Sarnecka, B. W., Kamenskaya, V. G., Yamana, Y., Ogura, T., & Yudovina, Y. B. (2007). From grammatical number to exact numbers: Early meanings of ‘one’,‘two’, and ‘three’in English, Russian, and Japanese. Cognitive psychology, 55(2), 136-168.",1,1,1,2,3,3,2,2,4,NA,NA,NA,NA,NA,NA,NA,NA,NA,NA,NA,NA
Sarnecka2007,R-123,Russian,35.07,F,non-titrated,"Sarnecka, B. W., Kamenskaya, V. G., Yamana, Y., Ogura, T., & Yudovina, Y. B. (2007). From grammatical number to exact numbers: Early meanings of ‘one’,‘two’, and ‘three’in English, Russian, and Japanese. Cognitive psychology, 55(2), 136-168.",1,1,1,2,2,2,4,2,2,NA,NA,NA,2,NA,15,NA,15,NA,NA,NA,NA
Sarnecka2007,R-126,Russian,35.93,M,non-titrated,"Sarnecka, B. W., Kamenskaya, V. G., Yamana, Y., Ogura, T., & Yudovina, Y. B. (2007). From grammatical number to exact numbers: Early meanings of ‘one’,‘two’, and ‘three’in English, Russian, and Japanese. Cognitive psychology, 55(2), 136-168.",1,1,1,2,2,3,2,4,2,NA,NA,NA,NA,NA,8,NA,2,8,NA,NA,NA
Sarnecka2007,R-129,Russian,35.67,F,non-titrated,"Sarnecka, B. W., Kamenskaya, V. G., Yamana, Y., Ogura, T., & Yudovina, Y. B. (2007). From grammatical number to exact numbers: Early meanings of ‘one’,‘two’, and ‘three’in English, Russian, and Japanese. Cognitive psychology, 55(2), 136-168.",1,1,1,3,3,4,2,2,2,NA,NA,NA,NA,NA,NA,NA,NA,NA,NA,NA,NA
Sarnecka2007,R-130,Russian,35.67,F,non-titrated,"Sarnecka, B. W., Kamenskaya, V. G., Yamana, Y., Ogura, T., & Yudovina, Y. B. (2007). From grammatical number to exact numbers: Early meanings of ‘one’,‘two’, and ‘three’in English, Russian, and Japanese. Cognitive psychology, 55(2), 136-168.",1,1,1,3,3,3,2,2,4,NA,NA,NA,NA,NA,NA,NA,NA,NA,NA,NA,NA
Sarnecka2007,R-131,Russian,35.93,M,non-titrated,"Sarnecka, B. W., Kamenskaya, V. G., Yamana, Y., Ogura, T., & Yudovina, Y. B. (2007). From grammatical number to exact numbers: Early meanings of ‘one’,‘two’, and ‘three’in English, Russian, and Japanese. Cognitive psychology, 55(2), 136-168.",1,1,1,6,3,8,4,5,4,NA,NA,NA,7,NA,NA,NA,6,NA,NA,NA,NA
Sarnecka2007,R-135,Russian,35.33,M,non-titrated,"Sarnecka, B. W., Kamenskaya, V. G., Yamana, Y., Ogura, T., & Yudovina, Y. B. (2007). From grammatical number to exact numbers: Early meanings of ‘one’,‘two’, and ‘three’in English, Russian, and Japanese. Cognitive psychology, 55(2), 136-168.",1,1,1,2,2,2,5,5,2,NA,NA,NA,3,2,2,3,2,2,NA,NA,NA
Sarnecka2007,R-136,Russian,35.03,M,non-titrated,"Sarnecka, B. W., Kamenskaya, V. G., Yamana, Y., Ogura, T., & Yudovina, Y. B. (2007). From grammatical number to exact numbers: Early meanings of ‘one’,‘two’, and ‘three’in English, Russian, and Japanese. Cognitive psychology, 55(2), 136-168.",1,1,1,2,2,2,2,2,2,NA,NA,NA,5,6,5,4,4,6,NA,NA,NA
Sarnecka2007,R-138,Russian,35.6,F,non-titrated,"Sarnecka, B. W., Kamenskaya, V. G., Yamana, Y., Ogura, T., & Yudovina, Y. B. (2007). From grammatical number to exact numbers: Early meanings of ‘one’,‘two’, and ‘three’in English, Russian, and Japanese. Cognitive psychology, 55(2), 136-168.",1,1,1,2,3,2,3,2,2,NA,NA,NA,4,NA,6,5,2,NA,NA,NA,NA
Sarnecka2007,R-139,Russian,34.33,F,non-titrated,"Sarnecka, B. W., Kamenskaya, V. G., Yamana, Y., Ogura, T., & Yudovina, Y. B. (2007). From grammatical number to exact numbers: Early meanings of ‘one’,‘two’, and ‘three’in English, Russian, and Japanese. Cognitive psychology, 55(2), 136-168.",1,1,2,2,2,2,4,2,2,NA,NA,NA,6,6,NA,8,5,NA,NA,NA,NA
Sarnecka2007,R-142,Russian,35.43,M,non-titrated,"Sarnecka, B. W., Kamenskaya, V. G., Yamana, Y., Ogura, T., & Yudovina, Y. B. (2007). From grammatical number to exact numbers: Early meanings of ‘one’,‘two’, and ‘three’in English, Russian, and Japanese. Cognitive psychology, 55(2), 136-168.",1,1,1,2,3,3,3,2,2,NA,NA,NA,3,3,2,4,2,2,NA,NA,NA
Sarnecka2007,R-143,Russian,34.47,M,non-titrated,"Sarnecka, B. W., Kamenskaya, V. G., Yamana, Y., Ogura, T., & Yudovina, Y. B. (2007). From grammatical number to exact numbers: Early meanings of ‘one’,‘two’, and ‘three’in English, Russian, and Japanese. Cognitive psychology, 55(2), 136-168.",1,1,1,2,2,2,2,2,2,NA,NA,NA,2,2,2,NA,2,2,NA,NA,NA
Sarnecka2007,R-144,Russian,34.47,M,non-titrated,"Sarnecka, B. W., Kamenskaya, V. G., Yamana, Y., Ogura, T., & Yudovina, Y. B. (2007). From grammatical number to exact numbers: Early meanings of ‘one’,‘two’, and ‘three’in English, Russian, and Japanese. Cognitive psychology, 55(2), 136-168.",1,1,1,3,2,3,4,2,2,NA,NA,NA,4,5,3,3,2,3,NA,NA,NA
Sarnecka2007,R-106,Russian,40.93,F,non-titrated,"Sarnecka, B. W., Kamenskaya, V. G., Yamana, Y., Ogura, T., & Yudovina, Y. B. (2007). From grammatical number to exact numbers: Early meanings of ‘one’,‘two’, and ‘three’in English, Russian, and Japanese. Cognitive psychology, 55(2), 136-168.",1,1,1,2,2,2,4,6,5,NA,NA,NA,9,12,12,10,11,6,NA,NA,NA
Sarnecka2007,R-108,Russian,41.83,F,non-titrated,"Sarnecka, B. W., Kamenskaya, V. G., Yamana, Y., Ogura, T., & Yudovina, Y. B. (2007). From grammatical number to exact numbers: Early meanings of ‘one’,‘two’, and ‘three’in English, Russian, and Japanese. Cognitive psychology, 55(2), 136-168.",1,1,1,2,2,2,3,3,3,NA,NA,NA,4,4,6,4,3,3,NA,NA,NA
Sarnecka2007,R-110,Russian,42.23,M,non-titrated,"Sarnecka, B. W., Kamenskaya, V. G., Yamana, Y., Ogura, T., & Yudovina, Y. B. (2007). From grammatical number to exact numbers: Early meanings of ‘one’,‘two’, and ‘three’in English, Russian, and Japanese. Cognitive psychology, 55(2), 136-168.",1,1,1,3,2,2,2,7,5,NA,NA,NA,5,3,8,4,6,8,NA,NA,NA
Sarnecka2007,R-112,Russian,41.77,M,non-titrated,"Sarnecka, B. W., Kamenskaya, V. G., Yamana, Y., Ogura, T., & Yudovina, Y. B. (2007). From grammatical number to exact numbers: Early meanings of ‘one’,‘two’, and ‘three’in English, Russian, and Japanese. Cognitive psychology, 55(2), 136-168.",1,1,1,2,2,2,4,5,4,NA,NA,NA,5,4,5,NA,4,5,NA,NA,NA
Sarnecka2007,R-114,Russian,40.17,F,non-titrated,"Sarnecka, B. W., Kamenskaya, V. G., Yamana, Y., Ogura, T., & Yudovina, Y. B. (2007). From grammatical number to exact numbers: Early meanings of ‘one’,‘two’, and ‘three’in English, Russian, and Japanese. Cognitive psychology, 55(2), 136-168.",1,1,1,2,2,2,3,3,3,NA,NA,NA,3,3,4,4,3,2,NA,NA,NA
Sarnecka2007,R-115,Russian,40.17,F,non-titrated,"Sarnecka, B. W., Kamenskaya, V. G., Yamana, Y., Ogura, T., & Yudovina, Y. B. (2007). From grammatical number to exact numbers: Early meanings of ‘one’,‘two’, and ‘three’in English, Russian, and Japanese. Cognitive psychology, 55(2), 136-168.",1,1,1,2,2,2,3,3,3,NA,NA,NA,4,3,4,5,3,6,NA,NA,NA
Sarnecka2007,R-119,Russian,40.57,F,non-titrated,"Sarnecka, B. W., Kamenskaya, V. G., Yamana, Y., Ogura, T., & Yudovina, Y. B. (2007). From grammatical number to exact numbers: Early meanings of ‘one’,‘two’, and ‘three’in English, Russian, and Japanese. Cognitive psychology, 55(2), 136-168.",1,1,1,2,2,2,3,3,3,NA,NA,NA,3,5,3,4,4,5,NA,NA,NA
Sarnecka2007,R-122,Russian,35.87,M,non-titrated,"Sarnecka, B. W., Kamenskaya, V. G., Yamana, Y., Ogura, T., & Yudovina, Y. B. (2007). From grammatical number to exact numbers: Early meanings of ‘one’,‘two’, and ‘three’in English, Russian, and Japanese. Cognitive psychology, 55(2), 136-168.",1,1,1,2,2,2,8,5,4,NA,NA,NA,NA,NA,3,NA,15,15,NA,NA,NA
Sarnecka2007,R-128,Russian,35.57,M,non-titrated,"Sarnecka, B. W., Kamenskaya, V. G., Yamana, Y., Ogura, T., & Yudovina, Y. B. (2007). From grammatical number to exact numbers: Early meanings of ‘one’,‘two’, and ‘three’in English, Russian, and Japanese. Cognitive psychology, 55(2), 136-168.",1,1,1,3,2,2,4,4,4,NA,NA,NA,NA,NA,2,NA,5,4,NA,NA,NA
Sarnecka2007,R-133,Russian,35.23,M,non-titrated,"Sarnecka, B. W., Kamenskaya, V. G., Yamana, Y., Ogura, T., & Yudovina, Y. B. (2007). From grammatical number to exact numbers: Early meanings of ‘one’,‘two’, and ‘three’in English, Russian, and Japanese. Cognitive psychology, 55(2), 136-168.",1,1,1,2,2,2,4,4,2,NA,NA,NA,6,NA,7,5,7,5,NA,NA,NA
Sarnecka2007,R-134,Russian,35.37,F,non-titrated,"Sarnecka, B. W., Kamenskaya, V. G., Yamana, Y., Ogura, T., & Yudovina, Y. B. (2007). From grammatical number to exact numbers: Early meanings of ‘one’,‘two’, and ‘three’in English, Russian, and Japanese. Cognitive psychology, 55(2), 136-168.",1,1,1,2,2,2,3,3,3,NA,NA,NA,4,4,4,3,3,3,NA,NA,NA
Sarnecka2007,R-102,Russian,39.37,M,non-titrated,"Sarnecka, B. W., Kamenskaya, V. G., Yamana, Y., Ogura, T., & Yudovina, Y. B. (2007). From grammatical number to exact numbers: Early meanings of ‘one’,‘two’, and ‘three’in English, Russian, and Japanese. Cognitive psychology, 55(2), 136-168.",1,1,1,2,2,2,3,3,3,NA,NA,NA,5,6,6,4,5,4,NA,NA,NA
Sarnecka2007,R-111,Russian,42.73,F,non-titrated,"Sarnecka, B. W., Kamenskaya, V. G., Yamana, Y., Ogura, T., & Yudovina, Y. B. (2007). From grammatical number to exact numbers: Early meanings of ‘one’,‘two’, and ‘three’in English, Russian, and Japanese. Cognitive psychology, 55(2), 136-168.",1,1,1,2,2,2,3,3,8,NA,NA,NA,7,5,6,8,5,7,NA,NA,NA
Sarnecka2007,R-125,Russian,35.93,M,non-titrated,"Sarnecka, B. W., Kamenskaya, V. G., Yamana, Y., Ogura, T., & Yudovina, Y. B. (2007). From grammatical number to exact numbers: Early meanings of ‘one’,‘two’, and ‘three’in English, Russian, and Japanese. Cognitive psychology, 55(2), 136-168.",1,1,1,2,2,2,3,3,3,NA,NA,NA,5,4,6,6,5,5,NA,NA,NA
Sarnecka2007,R-127,Russian,35.57,M,non-titrated,"Sarnecka, B. W., Kamenskaya, V. G., Yamana, Y., Ogura, T., & Yudovina, Y. B. (2007). From grammatical number to exact numbers: Early meanings of ‘one’,‘two’, and ‘three’in English, Russian, and Japanese. Cognitive psychology, 55(2), 136-168.",1,1,1,2,2,2,4,3,3,NA,NA,NA,6,5,4,5,3,5,NA,NA,NA
Sarnecka2007,R-132,Russian,35.77,F,non-titrated,"Sarnecka, B. W., Kamenskaya, V. G., Yamana, Y., Ogura, T., & Yudovina, Y. B. (2007). From grammatical number to exact numbers: Early meanings of ‘one’,‘two’, and ‘three’in English, Russian, and Japanese. Cognitive psychology, 55(2), 136-168.",1,1,1,2,2,2,3,3,3,NA,NA,NA,5,6,5,7,5,4,NA,NA,NA
Sarnecka2007,R-137,Russian,34.93,F,non-titrated,"Sarnecka, B. W., Kamenskaya, V. G., Yamana, Y., Ogura, T., & Yudovina, Y. B. (2007). From grammatical number to exact numbers: Early meanings of ‘one’,‘two’, and ‘three’in English, Russian, and Japanese. Cognitive psychology, 55(2), 136-168.",1,1,1,2,2,2,3,3,3,NA,NA,NA,5,4,4,5,5,5,NA,NA,NA
Sarnecka2007,R-140,Russian,34.93,M,non-titrated,"Sarnecka, B. W., Kamenskaya, V. G., Yamana, Y., Ogura, T., & Yudovina, Y. B. (2007). From grammatical number to exact numbers: Early meanings of ‘one’,‘two’, and ‘three’in English, Russian, and Japanese. Cognitive psychology, 55(2), 136-168.",1,1,1,2,2,2,3,2,3,NA,NA,NA,6,NA,4,NA,NA,NA,NA,NA,NA
Sarnecka2007,R-117,Russian,40.4,F,non-titrated,"Sarnecka, B. W., Kamenskaya, V. G., Yamana, Y., Ogura, T., & Yudovina, Y. B. (2007). From grammatical number to exact numbers: Early meanings of ‘one’,‘two’, and ‘three’in English, Russian, and Japanese. Cognitive psychology, 55(2), 136-168.",1,1,1,2,2,2,3,3,3,NA,NA,NA,5,NA,5,NA,11,NA,NA,NA,NA
Sarnecka2007,R-103,Russian,43.07,F,non-titrated,"Sarnecka, B. W., Kamenskaya, V. G., Yamana, Y., Ogura, T., & Yudovina, Y. B. (2007). From grammatical number to exact numbers: Early meanings of ‘one’,‘two’, and ‘three’in English, Russian, and Japanese. Cognitive psychology, 55(2), 136-168.",1,1,1,2,2,2,3,3,3,NA,NA,NA,5,9,5,6,6,8,NA,NA,NA
Sarnecka2007,R-109,Russian,32.67,M,non-titrated,"Sarnecka, B. W., Kamenskaya, V. G., Yamana, Y., Ogura, T., & Yudovina, Y. B. (2007). From grammatical number to exact numbers: Early meanings of ‘one’,‘two’, and ‘three’in English, Russian, and Japanese. Cognitive psychology, 55(2), 136-168.",1,1,1,2,2,2,3,4,3,NA,NA,NA,2,15,5,15,2,10,NA,NA,NA
Sarnecka2007,R-118,Russian,41.6,F,non-titrated,"Sarnecka, B. W., Kamenskaya, V. G., Yamana, Y., Ogura, T., & Yudovina, Y. B. (2007). From grammatical number to exact numbers: Early meanings of ‘one’,‘two’, and ‘three’in English, Russian, and Japanese. Cognitive psychology, 55(2), 136-168.",1,1,1,2,2,5,3,3,1,NA,NA,NA,2,4,2,4,4,4,NA,NA,NA
Sarnecka2007,R-124,Russian,35.83,M,non-titrated,"Sarnecka, B. W., Kamenskaya, V. G., Yamana, Y., Ogura, T., & Yudovina, Y. B. (2007). From grammatical number to exact numbers: Early meanings of ‘one’,‘two’, and ‘three’in English, Russian, and Japanese. Cognitive psychology, 55(2), 136-168.",1,1,1,2,2,2,3,3,4,NA,NA,NA,4,4,2,2,3,4,NA,NA,NA
Sarnecka2007,EFU-10,English,38.5,F,non-titrated,"Sarnecka, B. W., Kamenskaya, V. G., Yamana, Y., Ogura, T., & Yudovina, Y. B. (2007). From grammatical number to exact numbers: Early meanings of ‘one’,‘two’, and ‘three’in English, Russian, and Japanese. Cognitive psychology, 55(2), 136-168.",1,1,1,2,2,2,4,3,3,4,4,5,8,11,15,NA,NA,NA,3,3,5
Sarnecka2007,EFU-11,English,45.1,M,non-titrated,"Sarnecka, B. W., Kamenskaya, V. G., Yamana, Y., Ogura, T., & Yudovina, Y. B. (2007). From grammatical number to exact numbers: Early meanings of ‘one’,‘two’, and ‘three’in English, Russian, and Japanese. Cognitive psychology, 55(2), 136-168.",1,1,1,2,2,2,3,3,3,4,4,4,5,5,5,NA,NA,NA,10,10,10
Sarnecka2007,EFU-14,English,34.3,F,non-titrated,"Sarnecka, B. W., Kamenskaya, V. G., Yamana, Y., Ogura, T., & Yudovina, Y. B. (2007). From grammatical number to exact numbers: Early meanings of ‘one’,‘two’, and ‘three’in English, Russian, and Japanese. Cognitive psychology, 55(2), 136-168.",1,1,1,1,1,1,1,1,1,1,1,1,1,1,1,NA,NA,NA,1,1,1
Sarnecka2007,EFU-17,English,32.8,M,non-titrated,"Sarnecka, B. W., Kamenskaya, V. G., Yamana, Y., Ogura, T., & Yudovina, Y. B. (2007). From grammatical number to exact numbers: Early meanings of ‘one’,‘two’, and ‘three’in English, Russian, and Japanese. Cognitive psychology, 55(2), 136-168.",1,1,1,1,1,1,1,1,1,1,1,1,1,1,1,NA,NA,NA,1,1,1
Sarnecka2007,EFU-18,English,31.27,F,non-titrated,"Sarnecka, B. W., Kamenskaya, V. G., Yamana, Y., Ogura, T., & Yudovina, Y. B. (2007). From grammatical number to exact numbers: Early meanings of ‘one’,‘two’, and ‘three’in English, Russian, and Japanese. Cognitive psychology, 55(2), 136-168.",1,1,1,2,2,2,3,3,3,4,3,3,7,3,7,NA,NA,NA,3,3,7
Sarnecka2007,EFU-19,English,32.83,M,non-titrated,"Sarnecka, B. W., Kamenskaya, V. G., Yamana, Y., Ogura, T., & Yudovina, Y. B. (2007). From grammatical number to exact numbers: Early meanings of ‘one’,‘two’, and ‘three’in English, Russian, and Japanese. Cognitive psychology, 55(2), 136-168.",1,1,1,3,2,3,3,4,3,3,3,3,5,4,3,NA,NA,NA,4,4,3
Sarnecka2007,EFU-20,English,34.5,M,non-titrated,"Sarnecka, B. W., Kamenskaya, V. G., Yamana, Y., Ogura, T., & Yudovina, Y. B. (2007). From grammatical number to exact numbers: Early meanings of ‘one’,‘two’, and ‘three’in English, Russian, and Japanese. Cognitive psychology, 55(2), 136-168.",1,1,1,2,2,2,2,2,2,2,2,2,2,3,2,NA,NA,NA,2,2,2
Sarnecka2007,EFU-21,English,34.3,M,non-titrated,"Sarnecka, B. W., Kamenskaya, V. G., Yamana, Y., Ogura, T., & Yudovina, Y. B. (2007). From grammatical number to exact numbers: Early meanings of ‘one’,‘two’, and ‘three’in English, Russian, and Japanese. Cognitive psychology, 55(2), 136-168.",1,1,1,2,2,2,2,2,2,2,2,2,2,2,2,NA,NA,NA,2,2,2
Sarnecka2007,EFU-22,English,34.9,M,non-titrated,"Sarnecka, B. W., Kamenskaya, V. G., Yamana, Y., Ogura, T., & Yudovina, Y. B. (2007). From grammatical number to exact numbers: Early meanings of ‘one’,‘two’, and ‘three’in English, Russian, and Japanese. Cognitive psychology, 55(2), 136-168.",1,2,1,2,2,2,2,2,2,2,2,2,2,2,2,NA,NA,NA,2,2,2
Sarnecka2007,EFU-23,English,32.97,M,non-titrated,"Sarnecka, B. W., Kamenskaya, V. G., Yamana, Y., Ogura, T., & Yudovina, Y. B. (2007). From grammatical number to exact numbers: Early meanings of ‘one’,‘two’, and ‘three’in English, Russian, and Japanese. Cognitive psychology, 55(2), 136-168.",1,1,1,2,2,2,3,3,3,4,4,4,5,5,5,NA,NA,NA,9,10,10
Sarnecka2007,EFU-24,English,42.93,F,non-titrated,"Sarnecka, B. W., Kamenskaya, V. G., Yamana, Y., Ogura, T., & Yudovina, Y. B. (2007). From grammatical number to exact numbers: Early meanings of ‘one’,‘two’, and ‘three’in English, Russian, and Japanese. Cognitive psychology, 55(2), 136-168.",1,1,1,2,2,2,3,3,3,4,4,4,5,5,5,NA,NA,NA,9,10,10
Sarnecka2007,EFU-25,English,34.8,F,non-titrated,"Sarnecka, B. W., Kamenskaya, V. G., Yamana, Y., Ogura, T., & Yudovina, Y. B. (2007). From grammatical number to exact numbers: Early meanings of ‘one’,‘two’, and ‘three’in English, Russian, and Japanese. Cognitive psychology, 55(2), 136-168.",1,1,2,6,3,5,4,15,3,1,1,1,6,6,1,NA,NA,NA,9,15,7
Sarnecka2007,EFU-26,English,38.1,M,non-titrated,"Sarnecka, B. W., Kamenskaya, V. G., Yamana, Y., Ogura, T., & Yudovina, Y. B. (2007). From grammatical number to exact numbers: Early meanings of ‘one’,‘two’, and ‘three’in English, Russian, and Japanese. Cognitive psychology, 55(2), 136-168.",1,1,1,2,2,2,3,3,3,4,4,4,5,5,5,NA,NA,NA,15,15,15
Sarnecka2007,EFU-27,English,37.53,F,non-titrated,"Sarnecka, B. W., Kamenskaya, V. G., Yamana, Y., Ogura, T., & Yudovina, Y. B. (2007). From grammatical number to exact numbers: Early meanings of ‘one’,‘two’, and ‘three’in English, Russian, and Japanese. Cognitive psychology, 55(2), 136-168.",1,1,1,2,2,2,3,4,3,5,3,4,3,3,3,NA,NA,NA,4,5,4
Sarnecka2007,EFU-29,English,41.87,F,non-titrated,"Sarnecka, B. W., Kamenskaya, V. G., Yamana, Y., Ogura, T., & Yudovina, Y. B. (2007). From grammatical number to exact numbers: Early meanings of ‘one’,‘two’, and ‘three’in English, Russian, and Japanese. Cognitive psychology, 55(2), 136-168.",1,1,1,4,2,5,3,5,4,5,6,4,8,4,7,NA,NA,NA,10,5,6
Sarnecka2007,EFU-30,English,42.17,M,non-titrated,"Sarnecka, B. W., Kamenskaya, V. G., Yamana, Y., Ogura, T., & Yudovina, Y. B. (2007). From grammatical number to exact numbers: Early meanings of ‘one’,‘two’, and ‘three’in English, Russian, and Japanese. Cognitive psychology, 55(2), 136-168.",1,1,1,2,2,2,3,3,3,4,5,3,4,6,6,NA,NA,NA,4,4,3
Sarnecka2007,EFU-31,English,46.83,F,non-titrated,"Sarnecka, B. W., Kamenskaya, V. G., Yamana, Y., Ogura, T., & Yudovina, Y. B. (2007). From grammatical number to exact numbers: Early meanings of ‘one’,‘two’, and ‘three’in English, Russian, and Japanese. Cognitive psychology, 55(2), 136-168.",1,1,1,2,2,2,3,3,3,4,5,4,5,5,5,NA,NA,NA,10,10,10
Sarnecka2007,EFU-4,English,42.13,M,non-titrated,"Sarnecka, B. W., Kamenskaya, V. G., Yamana, Y., Ogura, T., & Yudovina, Y. B. (2007). From grammatical number to exact numbers: Early meanings of ‘one’,‘two’, and ‘three’in English, Russian, and Japanese. Cognitive psychology, 55(2), 136-168.",1,1,2,2,2,3,2,4,1,2,2,2,15,15,15,NA,NA,NA,4,2,2
Sarnecka2007,EFU-7,English,44.77,M,non-titrated,"Sarnecka, B. W., Kamenskaya, V. G., Yamana, Y., Ogura, T., & Yudovina, Y. B. (2007). From grammatical number to exact numbers: Early meanings of ‘one’,‘two’, and ‘three’in English, Russian, and Japanese. Cognitive psychology, 55(2), 136-168.",1,1,1,2,2,2,3,3,3,4,4,4,5,5,5,NA,NA,NA,10,15,15
Sarnecka2007,EFU-8,English,33.37,F,non-titrated,"Sarnecka, B. W., Kamenskaya, V. G., Yamana, Y., Ogura, T., & Yudovina, Y. B. (2007). From grammatical number to exact numbers: Early meanings of ‘one’,‘two’, and ‘three’in English, Russian, and Japanese. Cognitive psychology, 55(2), 136-168.",1,1,1,2,2,3,3,2,4,1,2,3,2,4,2,NA,NA,NA,6,5,3
Sarnecka2007,EFU-9,English,33.73,F,non-titrated,"Sarnecka, B. W., Kamenskaya, V. G., Yamana, Y., Ogura, T., & Yudovina, Y. B. (2007). From grammatical number to exact numbers: Early meanings of ‘one’,‘two’, and ‘three’in English, Russian, and Japanese. Cognitive psychology, 55(2), 136-168.",1,1,1,2,2,2,3,4,3,5,4,5,7,NA,6,NA,NA,NA,12,11,11
Sarnecka2007,RFU-101,Russian,35.9,F,non-titrated,"Sarnecka, B. W., Kamenskaya, V. G., Yamana, Y., Ogura, T., & Yudovina, Y. B. (2007). From grammatical number to exact numbers: Early meanings of ‘one’,‘two’, and ‘three’in English, Russian, and Japanese. Cognitive psychology, 55(2), 136-168.",1,1,1,2,3,2,2,2,2,2,3,2,2,2,2,NA,NA,NA,2,2,2
Sarnecka2007,RFU-102,Russian,35.9,F,non-titrated,"Sarnecka, B. W., Kamenskaya, V. G., Yamana, Y., Ogura, T., & Yudovina, Y. B. (2007). From grammatical number to exact numbers: Early meanings of ‘one’,‘two’, and ‘three’in English, Russian, and Japanese. Cognitive psychology, 55(2), 136-168.",1,2,1,4,1,2,5,5,2,3,6,3,3,2,2,NA,NA,NA,2,3,2
Sarnecka2007,RFU-103,Russian,31.93,F,non-titrated,"Sarnecka, B. W., Kamenskaya, V. G., Yamana, Y., Ogura, T., & Yudovina, Y. B. (2007). From grammatical number to exact numbers: Early meanings of ‘one’,‘two’, and ‘three’in English, Russian, and Japanese. Cognitive psychology, 55(2), 136-168.",1,1,1,2,2,2,3,3,3,3,3,3,3,3,3,NA,NA,NA,3,3,3
Sarnecka2007,RFU-104,Russian,37.47,M,non-titrated,"Sarnecka, B. W., Kamenskaya, V. G., Yamana, Y., Ogura, T., & Yudovina, Y. B. (2007). From grammatical number to exact numbers: Early meanings of ‘one’,‘two’, and ‘three’in English, Russian, and Japanese. Cognitive psychology, 55(2), 136-168.",1,1,1,2,2,2,3,3,3,4,4,4,5,5,5,NA,NA,NA,10,10,10
Sarnecka2007,RFU-106,Russian,44.23,M,non-titrated,"Sarnecka, B. W., Kamenskaya, V. G., Yamana, Y., Ogura, T., & Yudovina, Y. B. (2007). From grammatical number to exact numbers: Early meanings of ‘one’,‘two’, and ‘three’in English, Russian, and Japanese. Cognitive psychology, 55(2), 136-168.",4,6,5,5,6,6,3,6,4,5,5,5,5,6,2,NA,NA,NA,6,3,2
Sarnecka2007,RFU-107,Russian,39.77,M,non-titrated,"Sarnecka, B. W., Kamenskaya, V. G., Yamana, Y., Ogura, T., & Yudovina, Y. B. (2007). From grammatical number to exact numbers: Early meanings of ‘one’,‘two’, and ‘three’in English, Russian, and Japanese. Cognitive psychology, 55(2), 136-168.",1,1,1,2,3,2,2,4,2,4,6,3,4,4,4,NA,NA,NA,4,4,4
Sarnecka2007,RFU-109,Russian,45.7,F,non-titrated,"Sarnecka, B. W., Kamenskaya, V. G., Yamana, Y., Ogura, T., & Yudovina, Y. B. (2007). From grammatical number to exact numbers: Early meanings of ‘one’,‘two’, and ‘three’in English, Russian, and Japanese. Cognitive psychology, 55(2), 136-168.",1,1,1,2,2,2,3,3,3,4,5,4,5,9,6,NA,NA,NA,3,4,3
Sarnecka2007,RFU-110,Russian,37.27,F,non-titrated,"Sarnecka, B. W., Kamenskaya, V. G., Yamana, Y., Ogura, T., & Yudovina, Y. B. (2007). From grammatical number to exact numbers: Early meanings of ‘one’,‘two’, and ‘three’in English, Russian, and Japanese. Cognitive psychology, 55(2), 136-168.",1,1,1,2,2,2,3,3,5,6,4,7,6,8,9,NA,NA,NA,4,4,4
Sarnecka2007,RFU-111,Russian,36.53,M,non-titrated,"Sarnecka, B. W., Kamenskaya, V. G., Yamana, Y., Ogura, T., & Yudovina, Y. B. (2007). From grammatical number to exact numbers: Early meanings of ‘one’,‘two’, and ‘three’in English, Russian, and Japanese. Cognitive psychology, 55(2), 136-168.",1,1,1,2,2,2,3,3,3,3,3,3,3,3,3,NA,NA,NA,NA,3,3
Sarnecka2007,RFU-112,Russian,45.57,M,non-titrated,"Sarnecka, B. W., Kamenskaya, V. G., Yamana, Y., Ogura, T., & Yudovina, Y. B. (2007). From grammatical number to exact numbers: Early meanings of ‘one’,‘two’, and ‘three’in English, Russian, and Japanese. Cognitive psychology, 55(2), 136-168.",1,1,1,2,2,2,5,3,3,5,3,4,5,5,4,NA,NA,NA,8,6,5
Sarnecka2007,RFU-113,Russian,43.23,M,non-titrated,"Sarnecka, B. W., Kamenskaya, V. G., Yamana, Y., Ogura, T., & Yudovina, Y. B. (2007). From grammatical number to exact numbers: Early meanings of ‘one’,‘two’, and ‘three’in English, Russian, and Japanese. Cognitive psychology, 55(2), 136-168.",1,1,1,2,2,2,3,3,3,4,4,4,11,6,9,NA,NA,NA,2,2,2
Sarnecka2007,RFU-114,Russian,49.2,F,non-titrated,"Sarnecka, B. W., Kamenskaya, V. G., Yamana, Y., Ogura, T., & Yudovina, Y. B. (2007). From grammatical number to exact numbers: Early meanings of ‘one’,‘two’, and ‘three’in English, Russian, and Japanese. Cognitive psychology, 55(2), 136-168.",1,1,1,2,2,2,3,3,3,4,4,4,4,5,3,NA,NA,NA,3,4,4
Sarnecka2007,RFU-115,Russian,44.8,F,non-titrated,"Sarnecka, B. W., Kamenskaya, V. G., Yamana, Y., Ogura, T., & Yudovina, Y. B. (2007). From grammatical number to exact numbers: Early meanings of ‘one’,‘two’, and ‘three’in English, Russian, and Japanese. Cognitive psychology, 55(2), 136-168.",1,1,1,2,2,2,3,3,3,4,4,4,5,5,5,NA,NA,NA,10,10,10
Sarnecka2007,RFU-116,Russian,39.77,M,non-titrated,"Sarnecka, B. W., Kamenskaya, V. G., Yamana, Y., Ogura, T., & Yudovina, Y. B. (2007). From grammatical number to exact numbers: Early meanings of ‘one’,‘two’, and ‘three’in English, Russian, and Japanese. Cognitive psychology, 55(2), 136-168.",1,1,1,2,2,2,3,4,2,9,3,4,6,7,4,NA,NA,NA,8,5,7
Sarnecka2007,RFU-117,Russian,38.57,F,non-titrated,"Sarnecka, B. W., Kamenskaya, V. G., Yamana, Y., Ogura, T., & Yudovina, Y. B. (2007). From grammatical number to exact numbers: Early meanings of ‘one’,‘two’, and ‘three’in English, Russian, and Japanese. Cognitive psychology, 55(2), 136-168.",1,1,1,2,2,2,3,3,4,3,4,4,4,4,3,NA,NA,NA,4,4,4