Subject ID,Condition,Age,Gender,Trial,RealResponse,RT,Little_Lot,Four_Point_Scale,GiveNCorrectTrials,HighestNumberCorrect,GiveN_TotalCounting
1,partial_counting,4.601277372,M,AbsolutelyEqual,Richer,2183,1,1,5,10,2
1,partial_counting,4.601277372,M,Baseline,Poorer,1783,NA,NA,5,10,2
1,partial_counting,4.601277372,M,ProportionallyEqual,Richer,1433,NA,NA,5,10,2
1,partial_counting,4.601277372,M,Conflict,Richer,1800,NA,NA,5,10,2
3,no_counting,4.593065693,M,Baseline,Poorer,4383,1,4,NA,NA,NA
3,no_counting,4.593065693,M,AbsolutelyEqual,Poorer,1166,1,4,NA,NA,NA
3,no_counting,4.593065693,M,ProportionallyEqual,Richer,100,1,1,NA,NA,NA
3,no_counting,4.593065693,M,Conflict,Richer,900,1,1,NA,NA,NA
4,partial_counting,4.705291971,F,Baseline,Poorer,950,1,4,5,10,4
4,partial_counting,4.705291971,F,ProportionallyEqual,Richer,1100,1,1,5,10,4
4,partial_counting,4.705291971,F,AbsolutelyEqual,Richer,2150,1,1,5,10,4
4,partial_counting,4.705291971,F,Conflict,Richer,1933,1,1,5,10,4
5,full_counting,4.483576642,M,Baseline,Poorer,3383,1,4,5,10,4
5,full_counting,4.483576642,M,ProportionallyEqual,Poorer,883,1,4,5,10,4
5,full_counting,4.483576642,M,AbsolutelyEqual,Poorer,1483,1,4,5,10,4
5,full_counting,4.483576642,M,Conflict,Poorer,1450,1,4,5,10,4
6,no_counting,4.530109489,F,Baseline,Poorer,3283,1,4,4,10,0
6,no_counting,4.530109489,F,ProportionallyEqual,Richer,866,1,1,4,10,0
6,no_counting,4.530109489,F,AbsolutelyEqual,Richer,2583,1,1,4,10,0
6,no_counting,4.530109489,F,Conflict,Richer,1750,1,1,4,10,0
7,partial_counting,4.998175182,F,AbsolutelyEqual,Poorer,1200,1,4,1,1,0
7,partial_counting,4.998175182,F,ProportionallyEqual,Richer,1133,1,1,1,1,0
7,partial_counting,4.998175182,F,Baseline,Poorer,1550,NA,NA,1,1,0
7,partial_counting,4.998175182,F,Conflict,Richer,1116,NA,NA,1,1,0
8,full_counting,5.102854908,F,AbsolutelyEqual,Poorer,3800,0,3,3,6,3
8,full_counting,5.102854908,F,Baseline,Poorer,1150,1,4,3,6,3
8,full_counting,5.102854908,F,ProportionallyEqual,Poorer,816,1,4,3,6,3
8,full_counting,5.102854908,F,Conflict,Poorer,2616,1,4,3,6,3
9,no_counting,5.206883066,M,Baseline,Richer,1583,1,1,5,10,0
9,no_counting,5.206883066,M,ProportionallyEqual,Richer,916,1,1,5,10,0
9,no_counting,5.206883066,M,AbsolutelyEqual,Richer,1216,1,1,5,10,0
9,no_counting,5.206883066,M,Conflict,Richer,983,1,1,5,10,0
10,partial_counting,4.729927007,F,Baseline,Poorer,4583,0,3,4,10,0
10,partial_counting,4.729927007,F,ProportionallyEqual,Poorer,2116,0,3,4,10,0
10,partial_counting,4.729927007,F,AbsolutelyEqual,Richer,14800,0,2,4,10,0
10,partial_counting,4.729927007,F,Conflict,Richer,1300,0,2,4,10,0
11,full_counting,4.226277372,F,Baseline,Poorer,9833,0,3,3,6,4
11,full_counting,4.226277372,F,ProportionallyEqual,Richer,2716,0,2,3,6,4
11,full_counting,4.226277372,F,AbsolutelyEqual,Richer,2666,0,2,3,6,4
11,full_counting,4.226277372,F,Conflict,Richer,1783,0,2,3,6,4
12,no_counting,5.217833399,F,ProportionallyEqual,Richer,1633,0,2,5,10,0
12,no_counting,5.217833399,F,AbsolutelyEqual,Richer,2733,0,2,5,10,0
12,no_counting,5.217833399,F,Conflict,Richer,2316,0,2,5,10,0
12,no_counting,5.217833399,F,Baseline,Poorer,883,1,4,5,10,0
13,partial_counting,4.885948905,M,Baseline,Poorer,1100,1,4,5,10,4
13,partial_counting,4.885948905,M,AbsolutelyEqual,Poorer,183,1,4,5,10,4
13,partial_counting,4.885948905,M,Conflict,Poorer,1183,1,4,5,10,4
13,partial_counting,4.885948905,M,ProportionallyEqual,Richer,250,1,1,5,10,4
14,full_counting,4.26459854,M,Baseline,Poorer,21850,1,4,3,6,NA
14,full_counting,4.26459854,M,ProportionallyEqual,Poorer,916,1,4,3,6,NA
14,full_counting,4.26459854,M,AbsolutelyEqual,Richer,1633,1,1,3,6,NA
14,full_counting,4.26459854,M,Conflict,Richer,933,1,1,3,6,NA
15,no_counting,4.888686131,F,Baseline,Richer,3016,0,2,5,10,3
15,no_counting,4.888686131,F,ProportionallyEqual,Richer,1683,1,1,5,10,3
15,no_counting,4.888686131,F,AbsolutelyEqual,Richer,2266,1,1,5,10,3
15,no_counting,4.888686131,F,Conflict,Richer,1183,1,1,5,10,3
16,partial_counting,4.740875912,M,AbsolutelyEqual,Poorer,3016,0,3,5,10,4
16,partial_counting,4.740875912,M,Baseline,Richer,4733,0,2,5,10,4
16,partial_counting,4.740875912,M,ProportionallyEqual,Richer,2600,0,2,5,10,4
16,partial_counting,4.740875912,M,Conflict,Richer,1433,0,2,5,10,4
17,full_counting,4.776459854,F,AbsolutelyEqual,Richer,1166,0,2,4,8,2
17,full_counting,4.776459854,F,Baseline,Poorer,1216,1,4,4,8,2
17,full_counting,4.776459854,F,ProportionallyEqual,Richer,733,1,1,4,8,2
17,full_counting,4.776459854,F,Conflict,Richer,750,1,1,4,8,2
18,no_counting,5.679598357,M,Baseline,Richer,966,0,2,NA,NA,NA
18,no_counting,5.679598357,M,Conflict,Richer,1500,0,2,NA,NA,NA
18,no_counting,5.679598357,M,ProportionallyEqual,Richer,450,1,1,NA,NA,NA
18,no_counting,5.679598357,M,AbsolutelyEqual,Richer,816,1,1,NA,NA,NA
19,partial_counting,5.025547445,M,Baseline,Poorer,1183,1,4,5,10,0
19,partial_counting,5.025547445,M,AbsolutelyEqual,Poorer,1150,1,4,5,10,0
19,partial_counting,5.025547445,M,ProportionallyEqual,Richer,1383,1,1,5,10,0
19,partial_counting,5.025547445,M,Conflict,Richer,1633,1,1,5,10,0
20,full_counting,4.395985401,M,Baseline,Poorer,3183,1,4,NA,NA,2
20,full_counting,4.395985401,M,ProportionallyEqual,Poorer,2466,1,4,NA,NA,2
20,full_counting,4.395985401,M,AbsolutelyEqual,Poorer,7583,1,4,NA,NA,2
20,full_counting,4.395985401,M,Conflict,Richer,1416,1,1,NA,NA,2
21,no_counting,4.052573932,F,Baseline,Poorer,1716,1,4,2,3,0
21,no_counting,4.052573932,F,ProportionallyEqual,Richer,1100,1,1,2,3,0
21,no_counting,4.052573932,F,AbsolutelyEqual,Richer,1216,1,1,2,3,0
21,no_counting,4.052573932,F,Conflict,Richer,1366,1,1,2,3,0
22,partial_counting,4.99270073,M,Baseline,Poorer,1900,0,3,2,3,3
22,partial_counting,4.99270073,M,ProportionallyEqual,Richer,5533,1,1,2,3,3
22,partial_counting,4.99270073,M,AbsolutelyEqual,Richer,800,1,1,2,3,3
22,partial_counting,4.99270073,M,Conflict,Richer,466,1,1,2,3,3
23,full_counting,4.902372263,F,AbsolutelyEqual,Poorer,2183,1,4,2,3,0
23,full_counting,4.902372263,F,Baseline,Richer,6716,1,1,2,3,0
23,full_counting,4.902372263,F,ProportionallyEqual,Richer,1233,1,1,2,3,0
23,full_counting,4.902372263,F,Conflict,Richer,783,1,1,2,3,0
24,no_counting,4.179744526,F,AbsolutelyEqual,Richer,1916,0,2,5,10,0
24,no_counting,4.179744526,F,Conflict,Richer,4000,0,2,5,10,0
24,no_counting,4.179744526,F,ProportionallyEqual,Richer,500,1,1,5,10,0
24,no_counting,4.179744526,F,Baseline,Poorer,150,NA,NA,5,10,0
25,partial_counting,4.472627737,M,AbsolutelyEqual,Richer,3550,0,2,5,10,0
25,partial_counting,4.472627737,M,Baseline,Poorer,4183,1,4,5,10,0
25,partial_counting,4.472627737,M,ProportionallyEqual,Richer,1850,1,1,5,10,0
25,partial_counting,4.472627737,M,Conflict,Richer,1683,1,1,5,10,0
26,full_counting,5.168556903,F,Baseline,Poorer,NA,NA,NA,5,10,3
26,full_counting,5.168556903,F,ProportionallyEqual,Richer,1283,NA,NA,5,10,3
26,full_counting,5.168556903,F,AbsolutelyEqual,Richer,9066,NA,NA,5,10,3
26,full_counting,5.168556903,F,Conflict,Richer,1600,NA,NA,5,10,3
27,no_counting,5.168556903,F,Baseline,Poorer,1816,1,4,3,6,0
27,no_counting,5.168556903,F,ProportionallyEqual,Richer,2000,1,1,3,6,0
27,no_counting,5.168556903,F,Conflict,Richer,1550,1,1,3,6,0
27,no_counting,5.168556903,F,AbsolutelyEqual,Poorer,2416,NA,NA,3,6,0
29,partial_counting,5.55455612,M,AbsolutelyEqual,Poorer,9966,0,3,5,10,3
29,partial_counting,5.55455612,M,ProportionallyEqual,Richer,1550,1,1,5,10,3
29,partial_counting,5.55455612,M,Conflict,Richer,1116,1,1,5,10,3
29,partial_counting,5.55455612,M,Baseline,Poorer,3333,NA,NA,5,10,3
31,no_counting,4.784671533,M,Conflict,Poorer,1566,1,4,2,3,0
31,no_counting,4.784671533,M,Baseline,Richer,1750,1,1,2,3,0
31,no_counting,4.784671533,M,ProportionallyEqual,Richer,1883,1,1,2,3,0
31,no_counting,4.784671533,M,AbsolutelyEqual,Richer,833,1,1,2,3,0
33,full_counting,4.921532847,M,Baseline,Poorer,1116,1,4,5,10,0
33,full_counting,4.921532847,M,Conflict,Poorer,1150,1,4,5,10,0
33,full_counting,4.921532847,M,ProportionallyEqual,Poorer,1550,NA,NA,5,10,0
33,full_counting,4.921532847,M,AbsolutelyEqual,Poorer,866,NA,NA,5,10,0
34,no_counting,4.305656934,M,Baseline,Poorer,1483,1,4,3,6,3
34,no_counting,4.305656934,M,ProportionallyEqual,Richer,1583,1,1,3,6,3
34,no_counting,4.305656934,M,AbsolutelyEqual,Richer,733,1,1,3,6,3
34,no_counting,4.305656934,M,Conflict,Richer,600,1,1,3,6,3
35,partial_counting,5.050182482,F,AbsolutelyEqual,Richer,7316,0,2,5,10,3
35,partial_counting,5.050182482,F,Baseline,Poorer,733,1,4,5,10,3
35,partial_counting,5.050182482,F,Conflict,Richer,666,1,1,5,10,3
35,partial_counting,5.050182482,F,ProportionallyEqual,Richer,1016,NA,NA,5,10,3
36,full_counting,4.869525547,F,AbsolutelyEqual,Richer,1500,0,2,5,10,0
36,full_counting,4.869525547,F,Baseline,Poorer,6350,1,4,5,10,0
36,full_counting,4.869525547,F,ProportionallyEqual,Richer,1050,1,1,5,10,0
36,full_counting,4.869525547,F,Conflict,Richer,1200,1,1,5,10,0
37,no_counting,5.431364881,M,Baseline,Richer,1933,1,1,3,6,0
37,no_counting,5.431364881,M,ProportionallyEqual,Richer,1233,1,1,3,6,0
37,no_counting,5.431364881,M,AbsolutelyEqual,Richer,1033,1,1,3,6,0
37,no_counting,5.431364881,M,Conflict,Richer,1650,1,1,3,6,0
38,partial_counting,5.138443488,F,ProportionallyEqual,Poorer,1283,1,4,4,10,3
38,partial_counting,5.138443488,F,AbsolutelyEqual,Poorer,1283,1,4,4,10,3
38,partial_counting,5.138443488,F,Conflict,Poorer,1683,1,4,4,10,3
38,partial_counting,5.138443488,F,Baseline,Poorer,2116,NA,NA,4,10,3
39,full_counting,5.223308565,F,Baseline,Poorer,3383,1,4,3,6,3
39,full_counting,5.223308565,F,AbsolutelyEqual,Poorer,2416,1,4,3,6,3
39,full_counting,5.223308565,F,ProportionallyEqual,Richer,2283,1,1,3,6,3
39,full_counting,5.223308565,F,Conflict,Richer,2866,1,1,3,6,3
40,no_counting,5.431364881,M,Baseline,Poorer,1733,NA,NA,5,10,NA
40,no_counting,5.431364881,M,Conflict,Poorer,1233,NA,NA,5,10,NA
40,no_counting,5.431364881,M,ProportionallyEqual,Richer,5550,NA,NA,5,10,NA
40,no_counting,5.431364881,M,AbsolutelyEqual,Richer,3616,NA,NA,5,10,NA
41,partial_counting,5.074817518,F,Baseline,Poorer,466,1,4,5,10,4
41,partial_counting,5.074817518,F,ProportionallyEqual,Richer,933,1,1,5,10,4
41,partial_counting,5.074817518,F,AbsolutelyEqual,Richer,5950,1,1,5,10,4
41,partial_counting,5.074817518,F,Conflict,Richer,1350,1,1,5,10,4
42,full_counting,5.017335766,M,Baseline,Poorer,NA,1,4,4,10,3
42,full_counting,5.017335766,M,ProportionallyEqual,Richer,283,1,1,4,10,3
42,full_counting,5.017335766,M,AbsolutelyEqual,Richer,8750,1,1,4,10,3
42,full_counting,5.017335766,M,Conflict,Richer,1350,1,1,4,10,3
43,no_counting,5.055656934,M,Baseline,Poorer,2800,1,4,3,6,0
43,no_counting,5.055656934,M,AbsolutelyEqual,Poorer,2750,1,4,3,6,0
43,no_counting,5.055656934,M,ProportionallyEqual,Richer,866,1,1,3,6,0
43,no_counting,5.055656934,M,Conflict,Richer,1066,1,1,3,6,0
44,partial_counting,3.765060241,F,AbsolutelyEqual,Poorer,2533,0,3,3,6,2
44,partial_counting,3.765060241,F,Conflict,Poorer,2150,0,3,3,6,2
44,partial_counting,3.765060241,F,ProportionallyEqual,Poorer,2016,1,4,3,6,2
44,partial_counting,3.765060241,F,Baseline,Richer,3883,1,1,3,6,2
45,full_counting,4.283759124,M,ProportionallyEqual,Poorer,1516,1,4,5,10,3
45,full_counting,4.283759124,M,AbsolutelyEqual,Poorer,2166,1,4,5,10,3
45,full_counting,4.283759124,M,Conflict,Poorer,2116,1,4,5,10,3
45,full_counting,4.283759124,M,Baseline,Richer,12783,1,1,5,10,3
46,no_counting,3.874589266,M,Baseline,Poorer,1650,0,3,3,6,3
46,no_counting,3.874589266,M,AbsolutelyEqual,Poorer,4766,0,3,3,6,3
46,no_counting,3.874589266,M,ProportionallyEqual,Richer,2750,1,1,3,6,3
46,no_counting,3.874589266,M,Conflict,Richer,1383,1,1,3,6,3
47,partial_counting,3.992332968,M,Baseline,Poorer,7200,NA,NA,3,6,0
47,partial_counting,3.992332968,M,ProportionallyEqual,Poorer,5966,NA,NA,3,6,0
47,partial_counting,3.992332968,M,AbsolutelyEqual,Poorer,550,NA,NA,3,6,0
47,partial_counting,3.992332968,M,Conflict,Poorer,7250,NA,NA,3,6,0
48,full_counting,5.124087591,M,Baseline,Richer,10483,0,2,5,10,0
48,full_counting,5.124087591,M,ProportionallyEqual,Richer,866,0,2,5,10,0
48,full_counting,5.124087591,M,Conflict,Richer,1100,0,2,5,10,0
48,full_counting,5.124087591,M,AbsolutelyEqual,Poorer,1250,1,4,5,10,0
49,no_counting,4.781934307,M,Baseline,Poorer,NA,0,3,4,10,1
49,no_counting,4.781934307,M,Conflict,Poorer,3233,0,3,4,10,1
49,no_counting,4.781934307,M,AbsolutelyEqual,Poorer,1500,1,4,4,10,1
49,no_counting,4.781934307,M,ProportionallyEqual,Richer,583,1,1,4,10,1
50,partial_counting,4.12924425,F,ProportionallyEqual,Poorer,1683,0,3,5,10,2
50,partial_counting,4.12924425,F,AbsolutelyEqual,Richer,4083,1,1,5,10,2
50,partial_counting,4.12924425,F,Conflict,Poorer,3383,NA,NA,5,10,2
50,partial_counting,4.12924425,F,Baseline,Richer,5300,NA,NA,5,10,2
51,full_counting,5.077554745,M,AbsolutelyEqual,Poorer,1183,1,4,5,10,3
51,full_counting,5.077554745,M,Conflict,Poorer,1200,1,4,5,10,3
51,full_counting,5.077554745,M,Baseline,Richer,1683,1,1,5,10,3
51,full_counting,5.077554745,M,ProportionallyEqual,Richer,933,1,1,5,10,3
52,no_counting,6.052796246,M,Baseline,Poorer,3233,0,3,5,10,3
52,no_counting,6.052796246,M,Conflict,Richer,1633,0,2,5,10,3
52,no_counting,6.052796246,M,AbsolutelyEqual,Poorer,8716,1,4,5,10,3
52,no_counting,6.052796246,M,ProportionallyEqual,Richer,516,1,1,5,10,3
53,partial_counting,4.650547445,F,ProportionallyEqual,Poorer,616,1,4,5,10,3
53,partial_counting,4.650547445,F,Conflict,Poorer,1550,1,4,5,10,3
53,partial_counting,4.650547445,F,Baseline,Richer,10433,1,1,5,10,3
53,partial_counting,4.650547445,F,AbsolutelyEqual,Richer,1433,1,1,5,10,3
54,no_counting,5.409464216,F,Baseline,Poorer,5150,1,4,5,10,4
54,no_counting,5.409464216,F,AbsolutelyEqual,Poorer,9666,1,4,5,10,4
54,no_counting,5.409464216,F,ProportionallyEqual,Richer,1266,1,1,5,10,4
54,no_counting,5.409464216,F,Conflict,Richer,1516,1,1,5,10,4
55,no_counting,4.250912409,F,AbsolutelyEqual,Poorer,5300,1,4,2,3,0
55,no_counting,4.250912409,F,Conflict,Poorer,4900,1,4,2,3,0
55,no_counting,4.250912409,F,Baseline,Richer,6983,1,1,2,3,0
55,no_counting,4.250912409,F,ProportionallyEqual,Richer,4066,1,1,2,3,0
56,partial_counting,4.423357664,M,Baseline,Poorer,4450,1,4,3,10,2
56,partial_counting,4.423357664,M,ProportionallyEqual,Richer,1116,1,1,3,10,2
56,partial_counting,4.423357664,M,AbsolutelyEqual,Richer,1066,1,1,3,10,2
56,partial_counting,4.423357664,M,Conflict,Richer,1833,1,1,3,10,2
57,full_counting,4.115553122,F,ProportionallyEqual,Poorer,1266,0,3,5,10,3
57,full_counting,4.115553122,F,Conflict,Poorer,1250,0,3,5,10,3
57,full_counting,4.115553122,F,Baseline,Richer,1800,0,2,5,10,3
57,full_counting,4.115553122,F,AbsolutelyEqual,Poorer,1250,NA,NA,5,10,3
58,no_counting,5.033759124,M,ProportionallyEqual,Richer,883,0,2,5,10,3
58,no_counting,5.033759124,M,Conflict,Richer,1566,0,2,5,10,3
58,no_counting,5.033759124,M,Baseline,Poorer,1616,1,4,5,10,3
58,no_counting,5.033759124,M,AbsolutelyEqual,Poorer,183,1,4,5,10,3
59,partial_counting,4.259124088,F,Baseline,Poorer,816,1,4,3,8,0
59,partial_counting,4.259124088,F,ProportionallyEqual,Richer,1466,1,1,3,8,0
59,partial_counting,4.259124088,F,AbsolutelyEqual,Richer,1100,1,1,3,8,0
59,partial_counting,4.259124088,F,Conflict,Richer,1400,1,1,3,8,0
60,full_counting,4.341240876,F,ProportionallyEqual,Poorer,1300,0,3,5,10,3
60,full_counting,4.341240876,F,Conflict,Poorer,2966,1,4,5,10,3
60,full_counting,4.341240876,F,Baseline,Richer,4583,1,1,5,10,3
60,full_counting,4.341240876,F,AbsolutelyEqual,Richer,1616,1,1,5,10,3
61,no_counting,5.401251467,M,AbsolutelyEqual,Poorer,2333,1,4,5,10,1
61,no_counting,5.401251467,M,ProportionallyEqual,Richer,4950,1,1,5,10,1
61,no_counting,5.401251467,M,Conflict,Richer,50,1,1,5,10,1
61,no_counting,5.401251467,M,Baseline,Poorer,2733,NA,NA,5,10,1
62,partial_counting,5.189781022,M,Baseline,Poorer,1083,1,4,5,10,3
62,partial_counting,5.189781022,M,Conflict,Poorer,883,1,4,5,10,3
62,partial_counting,5.189781022,M,ProportionallyEqual,Richer,1850,1,1,5,10,3
62,partial_counting,5.189781022,M,AbsolutelyEqual,Richer,2050,1,1,5,10,3
63,full_counting,4.869525547,F,ProportionallyEqual,Poorer,5133,NA,NA,5,10,3
63,full_counting,4.869525547,F,AbsolutelyEqual,Poorer,933,NA,NA,5,10,3
63,full_counting,4.869525547,F,Baseline,Richer,6500,NA,NA,5,10,3
63,full_counting,4.869525547,F,Conflict,Richer,1100,NA,NA,5,10,3
64,no_counting,5.151459854,M,AbsolutelyEqual,Poorer,3866,NA,NA,5,10,3
64,no_counting,5.151459854,M,Conflict,Poorer,933,NA,NA,5,10,3
64,no_counting,5.151459854,M,Baseline,Richer,1616,NA,NA,5,10,3
64,no_counting,5.151459854,M,ProportionallyEqual,Richer,1150,NA,NA,5,10,3
65,full_counting,5.477903794,M,AbsolutelyEqual,Poorer,1166,0,3,5,10,4
65,full_counting,5.477903794,M,Baseline,Poorer,1200,1,4,5,10,4
65,full_counting,5.477903794,M,ProportionallyEqual,Poorer,1316,1,4,5,10,4
65,full_counting,5.477903794,M,Conflict,Richer,1466,1,1,5,10,4
66,full_counting,4.082694414,F,AbsolutelyEqual,Richer,5250,0,2,4,8,3
66,full_counting,4.082694414,F,Baseline,Poorer,2400,1,4,4,8,3
66,full_counting,4.082694414,F,Conflict,Richer,1000,1,1,4,8,3
66,full_counting,4.082694414,F,ProportionallyEqual,Richer,2300,NA,NA,4,8,3
67,partial_counting,4.664233577,M,ProportionallyEqual,Richer,3983,0,2,4,10,2
67,partial_counting,4.664233577,M,Baseline,Richer,1366,1,1,4,10,2
67,partial_counting,4.664233577,M,AbsolutelyEqual,Richer,1400,1,1,4,10,2
67,partial_counting,4.664233577,M,Conflict,Richer,1516,NA,NA,4,10,2
68,partial_counting,4.434306569,M,Baseline,Poorer,2266,1,4,4,8,2
68,partial_counting,4.434306569,M,ProportionallyEqual,Richer,1233,1,1,4,8,2
68,partial_counting,4.434306569,M,AbsolutelyEqual,Richer,2566,1,1,4,8,2
68,partial_counting,4.434306569,M,Conflict,Richer,1766,1,1,4,8,2
69,full_counting,4.261861314,F,Baseline,Poorer,1516,1,4,2,3,2
69,full_counting,4.261861314,F,ProportionallyEqual,Richer,933,1,1,2,3,2
69,full_counting,4.261861314,F,AbsolutelyEqual,Richer,1250,1,1,2,3,2
69,full_counting,4.261861314,F,Conflict,Richer,1000,1,1,2,3,2
71,partial_counting,4.801094891,F,Baseline,Poorer,3916,1,4,5,10,0
71,partial_counting,4.801094891,F,AbsolutelyEqual,Poorer,2450,1,4,5,10,0
71,partial_counting,4.801094891,F,ProportionallyEqual,Richer,1366,1,1,5,10,0
71,partial_counting,4.801094891,F,Conflict,Richer,1800,1,1,5,10,0
72,full_counting,5.570981619,F,AbsolutelyEqual,Poorer,1083,0,3,5,10,3
72,full_counting,5.570981619,F,Conflict,Poorer,2650,0,3,5,10,3
72,full_counting,5.570981619,F,Baseline,Richer,1850,1,1,5,10,3
72,full_counting,5.570981619,F,ProportionallyEqual,Richer,1450,1,1,5,10,3
74,partial_counting,5.718811107,F,Baseline,Poorer,7666,1,4,4,10,1
74,partial_counting,5.718811107,F,ProportionallyEqual,Richer,1283,1,1,4,10,1
74,partial_counting,5.718811107,F,AbsolutelyEqual,Richer,1716,1,1,4,10,1
74,partial_counting,5.718811107,F,Conflict,Richer,2416,1,1,4,10,1
75,full_counting,5.121350365,F,ProportionallyEqual,Richer,1283,0,2,NA,NA,0
75,full_counting,5.121350365,F,AbsolutelyEqual,Richer,5750,0,2,NA,NA,0
75,full_counting,5.121350365,F,Conflict,Richer,1716,0,2,NA,NA,0
75,full_counting,5.121350365,F,Baseline,Poorer,2116,1,4,NA,NA,0
76,no_counting,5.658584278,M,AbsolutelyEqual,Poorer,8283,1,4,NA,NA,2
76,no_counting,5.658584278,M,Baseline,Richer,15233,1,1,NA,NA,2
76,no_counting,5.658584278,M,ProportionallyEqual,Richer,7216,1,1,NA,NA,2
76,no_counting,5.658584278,M,Conflict,Richer,6450,1,1,NA,NA,2
77,partial_counting,5.8009386,F,ProportionallyEqual,Richer,1016,0,2,5,10,NA
77,partial_counting,5.8009386,F,AbsolutelyEqual,Richer,1700,0,2,5,10,NA
77,partial_counting,5.8009386,F,Conflict,Richer,1016,0,2,5,10,NA
77,partial_counting,5.8009386,F,Baseline,Poorer,1200,1,4,5,10,NA
78,no_counting,4.749087591,F,Baseline,Poorer,1783,1,4,5,10,4
78,no_counting,4.749087591,F,ProportionallyEqual,Richer,1583,1,1,5,10,4
78,no_counting,4.749087591,F,Conflict,Richer,1516,1,1,5,10,4
78,no_counting,4.749087591,F,AbsolutelyEqual,Poorer,4866,NA,NA,5,10,4
79,no_counting,4.784671533,M,Baseline,Poorer,1000,0,3,5,10,2
79,no_counting,4.784671533,M,AbsolutelyEqual,Poorer,22116,0,3,5,10,2
79,no_counting,4.784671533,M,ProportionallyEqual,Richer,216,0,2,5,10,2
79,no_counting,4.784671533,M,Conflict,Richer,3550,0,2,5,10,2
80,no_counting,4.025191676,M,ProportionallyEqual,Richer,1000,0,2,3,6,3
80,no_counting,4.025191676,M,Conflict,Richer,1650,0,2,3,6,3
80,no_counting,4.025191676,M,AbsolutelyEqual,Richer,11233,1,1,3,6,3
80,no_counting,4.025191676,M,Baseline,Poorer,1616,NA,NA,3,6,3
81,full_counting,5.546343371,M,Baseline,Poorer,5050,1,4,3,6,0
81,full_counting,5.546343371,M,ProportionallyEqual,Poorer,533,1,4,3,6,0
81,full_counting,5.546343371,M,AbsolutelyEqual,Richer,866,1,1,3,6,0
81,full_counting,5.546343371,M,Conflict,Richer,633,1,1,3,6,0
82,partial_counting,5.612045366,M,Baseline,Richer,916,0,2,4,8,0
82,partial_counting,5.612045366,M,ProportionallyEqual,Richer,800,1,1,4,8,0
82,partial_counting,5.612045366,M,AbsolutelyEqual,Richer,783,1,1,4,8,0
82,partial_counting,5.612045366,M,Conflict,Richer,933,1,1,4,8,0
83,no_counting,4.300182482,F,AbsolutelyEqual,Poorer,1066,NA,NA,2,3,0
83,no_counting,4.300182482,F,Baseline,Richer,6566,NA,NA,2,3,0
83,no_counting,4.300182482,F,ProportionallyEqual,Richer,200,NA,NA,2,3,0
83,no_counting,4.300182482,F,Conflict,Richer,650,NA,NA,2,3,0
84,no_counting,4.527372263,M,Baseline,Poorer,8750,1,4,4,8,3
84,no_counting,4.527372263,M,ProportionallyEqual,Richer,1566,1,1,4,8,3
84,no_counting,4.527372263,M,AbsolutelyEqual,Richer,13166,1,1,4,8,3
84,no_counting,4.527372263,M,Conflict,Richer,2000,1,1,4,8,3
85,full_counting,4.924270073,F,AbsolutelyEqual,Poorer,2383,0,3,5,10,4
85,full_counting,4.924270073,F,ProportionallyEqual,Richer,1933,0,2,5,10,4
85,full_counting,4.924270073,F,Conflict,Poorer,2450,1,4,5,10,4
85,full_counting,4.924270073,F,Baseline,Richer,1833,1,1,5,10,4
86,partial_counting,4.576642336,M,ProportionallyEqual,Poorer,1500,0,3,5,10,2
86,partial_counting,4.576642336,M,Baseline,Poorer,7450,1,4,5,10,2
86,partial_counting,4.576642336,M,AbsolutelyEqual,Poorer,1533,1,4,5,10,2
86,partial_counting,4.576642336,M,Conflict,Richer,1450,1,1,5,10,2
87,full_counting,5.028284672,F,Baseline,Poorer,5150,1,4,5,10,1
87,full_counting,5.028284672,F,ProportionallyEqual,Richer,1383,1,1,5,10,1
87,full_counting,5.028284672,F,AbsolutelyEqual,Richer,916,1,1,5,10,1
87,full_counting,5.028284672,F,Conflict,Richer,816,1,1,5,10,1
88,partial_counting,5.508017208,F,Conflict,Poorer,2283,0,3,3,6,2
88,partial_counting,5.508017208,F,AbsolutelyEqual,Richer,3633,0,2,3,6,2
88,partial_counting,5.508017208,F,Baseline,Richer,2000,1,1,3,6,2
88,partial_counting,5.508017208,F,ProportionallyEqual,Richer,1650,1,1,3,6,2
89,full_counting,4.899635036,M,Conflict,Richer,1200,0,2,5,10,NA
89,full_counting,4.899635036,M,Baseline,Poorer,1750,1,4,5,10,NA
89,full_counting,4.899635036,M,AbsolutelyEqual,Poorer,1483,1,4,5,10,NA
89,full_counting,4.899635036,M,ProportionallyEqual,Richer,1816,1,1,5,10,NA
90,no_counting,5.729761439,M,Conflict,Richer,750,0,2,5,10,NA
90,no_counting,5.729761439,M,Baseline,Poorer,1250,1,4,5,10,NA
90,no_counting,5.729761439,M,AbsolutelyEqual,Poorer,4700,1,4,5,10,NA
90,no_counting,5.729761439,M,ProportionallyEqual,Richer,1383,1,1,5,10,NA
91,partial_counting,4.467153285,F,AbsolutelyEqual,Poorer,8083,1,4,5,10,4
91,partial_counting,4.467153285,F,Conflict,Poorer,1333,1,4,5,10,4
91,partial_counting,4.467153285,F,Baseline,Richer,5266,1,1,5,10,4
91,partial_counting,4.467153285,F,ProportionallyEqual,Richer,4883,1,1,5,10,4
92,full_counting,4.812043796,M,ProportionallyEqual,Poorer,1100,0,3,4,10,3
92,full_counting,4.812043796,M,Baseline,Richer,NA,0,2,4,10,3
92,full_counting,4.812043796,M,AbsolutelyEqual,Richer,1050,0,2,4,10,3
92,full_counting,4.812043796,M,Conflict,Poorer,1083,1,4,4,10,3
93,no_counting,4.869525547,M,Baseline,Poorer,350,1,4,5,10,2
93,no_counting,4.869525547,M,ProportionallyEqual,Poorer,1700,NA,NA,5,10,2
93,no_counting,4.869525547,M,AbsolutelyEqual,Richer,616,NA,NA,5,10,2
93,no_counting,4.869525547,M,Conflict,Richer,1533,NA,NA,5,10,2
94,partial_counting,4.257940854,M,ProportionallyEqual,Richer,3683,0,2,2,3,0
94,partial_counting,4.257940854,M,AbsolutelyEqual,Richer,3666,0,2,2,3,0
94,partial_counting,4.257940854,M,Conflict,Richer,3350,0,2,2,3,0
94,partial_counting,4.257940854,M,Baseline,Richer,5866,1,1,2,3,0
95,full_counting,4.554744526,M,ProportionallyEqual,Poorer,1900,1,4,5,10,4
95,full_counting,4.554744526,M,Baseline,Richer,2566,1,1,5,10,4
95,full_counting,4.554744526,M,AbsolutelyEqual,Richer,1883,1,1,5,10,4
95,full_counting,4.554744526,M,Conflict,Richer,1516,1,1,5,10,4
96,no_counting,4.145673604,F,ProportionallyEqual,Richer,1983,1,1,2,3,0
96,no_counting,4.145673604,F,AbsolutelyEqual,Poorer,3100,NA,NA,2,3,0
96,no_counting,4.145673604,F,Baseline,Richer,2766,NA,NA,2,3,0
96,no_counting,4.145673604,F,Conflict,Richer,1866,NA,NA,2,3,0
97,partial_counting,5.091240876,M,Baseline,Poorer,1616,0,3,0,0,1
97,partial_counting,5.091240876,M,ProportionallyEqual,Richer,183,0,2,0,0,1
97,partial_counting,5.091240876,M,AbsolutelyEqual,Poorer,1333,1,4,0,0,1
97,partial_counting,5.091240876,M,Conflict,Poorer,NA,1,4,0,0,1
98,full_counting,4.718978102,M,Baseline,Poorer,2183,1,4,5,10,2
98,full_counting,4.718978102,M,AbsolutelyEqual,Poorer,1216,1,4,5,10,2
98,full_counting,4.718978102,M,ProportionallyEqual,Richer,1150,1,1,5,10,2
98,full_counting,4.718978102,M,Conflict,Richer,1016,1,1,5,10,2
99,no_counting,5.40398905,M,ProportionallyEqual,Poorer,1416,0,3,5,10,1
99,no_counting,5.40398905,M,Baseline,Poorer,1400,1,4,5,10,1
99,no_counting,5.40398905,M,AbsolutelyEqual,Poorer,1633,1,4,5,10,1
99,no_counting,5.40398905,M,Conflict,Richer,1200,1,1,5,10,1
100,partial_counting,5.025547445,F,ProportionallyEqual,Poorer,1183,0,3,3,6,4
100,partial_counting,5.025547445,F,Conflict,Poorer,1950,1,4,3,6,4
100,partial_counting,5.025547445,F,Baseline,Richer,15866,1,1,3,6,4
100,partial_counting,5.025547445,F,AbsolutelyEqual,Richer,1400,1,1,3,6,4
101,full_counting,4.096385542,F,Conflict,Poorer,4116,0,3,3,6,4
101,full_counting,4.096385542,F,Baseline,Poorer,8033,1,4,3,6,4
101,full_counting,4.096385542,F,ProportionallyEqual,Richer,4533,1,1,3,6,4
101,full_counting,4.096385542,F,AbsolutelyEqual,Richer,4533,1,1,3,6,4
102,no_counting,4.61770073,M,ProportionallyEqual,Poorer,6300,0,3,5,10,3
102,no_counting,4.61770073,M,Conflict,Poorer,2250,0,3,5,10,3
102,no_counting,4.61770073,M,Baseline,Richer,6950,1,1,5,10,3
102,no_counting,4.61770073,M,AbsolutelyEqual,Richer,4983,1,1,5,10,3
203,continuous,5.403284672,F,AbsolutelyEqual,Poorer,2550,0,3,5,10,NA
203,continuous,5.403284672,F,Baseline,Poorer,1733,1,4,5,10,NA
203,continuous,5.403284672,F,ProportionallyEqual,Richer,1266,1,1,5,10,NA
203,continuous,5.403284672,F,Conflict,Richer,1300,1,1,5,10,NA
205,continuous,5.343065693,M,Conflict,Richer,1483,0,2,5,10,NA
205,continuous,5.343065693,M,Baseline,Poorer,2200,1,4,5,10,NA
205,continuous,5.343065693,M,AbsolutelyEqual,Poorer,2400,1,4,5,10,NA
205,continuous,5.343065693,M,ProportionallyEqual,Richer,1300,1,1,5,10,NA
206,continuous,4.519160584,F,Baseline,Poorer,2500,1,4,4,10,NA
206,continuous,4.519160584,F,Conflict,Poorer,4183,1,4,4,10,NA
206,continuous,4.519160584,F,ProportionallyEqual,Richer,1383,1,1,4,10,NA
206,continuous,4.519160584,F,AbsolutelyEqual,Richer,8766,1,1,4,10,NA
207,continuous,4.645072993,F,Baseline,Poorer,2733,1,4,4,8,NA
207,continuous,4.645072993,F,ProportionallyEqual,Poorer,4183,1,4,4,8,NA
207,continuous,4.645072993,F,AbsolutelyEqual,Poorer,4250,1,4,4,8,NA
207,continuous,4.645072993,F,Conflict,Poorer,3383,1,4,4,8,NA
209,continuous,5.299270073,F,Baseline,Poorer,1683,1,4,5,10,3
209,continuous,5.299270073,F,AbsolutelyEqual,Poorer,3183,1,4,5,10,3
209,continuous,5.299270073,F,ProportionallyEqual,Richer,1333,1,1,5,10,3
209,continuous,5.299270073,F,Conflict,Richer,1200,1,1,5,10,3
210,continuous,5.08850365,F,Baseline,Poorer,6100,NA,NA,NA,NA,NA
210,continuous,5.08850365,F,ProportionallyEqual,Poorer,3916,NA,NA,NA,NA,NA
210,continuous,5.08850365,F,AbsolutelyEqual,Richer,2416,NA,NA,NA,NA,NA
210,continuous,5.08850365,F,Conflict,Richer,2100,NA,NA,NA,NA,NA
211,continuous,4.121029573,F,AbsolutelyEqual,Poorer,3483,NA,NA,NA,NA,NA
211,continuous,4.121029573,F,Baseline,Richer,10950,NA,NA,NA,NA,NA
211,continuous,4.121029573,F,ProportionallyEqual,Richer,7883,NA,NA,NA,NA,NA
211,continuous,4.121029573,F,Conflict,Richer,1566,NA,NA,NA,NA,NA
212,continuous,4.134720701,M,ProportionallyEqual,Poorer,816,1,4,2,3,3
212,continuous,4.134720701,M,Baseline,Richer,1933,1,1,2,3,3
212,continuous,4.134720701,M,AbsolutelyEqual,Richer,483,1,1,2,3,3
212,continuous,4.134720701,M,Conflict,Richer,266,1,1,2,3,3
213,continuous,4.351040526,M,Baseline,Poorer,1400,NA,NA,NA,NA,NA
213,continuous,4.351040526,M,AbsolutelyEqual,Poorer,216,NA,NA,NA,NA,NA
213,continuous,4.351040526,M,ProportionallyEqual,Richer,266,NA,NA,NA,NA,NA
213,continuous,4.351040526,M,Conflict,Richer,250,NA,NA,NA,NA,NA
214,continuous,4.334611172,M,ProportionallyEqual,Richer,4116,0,2,4,8,1
214,continuous,4.334611172,M,Baseline,Richer,8316,NA,NA,4,8,1
214,continuous,4.334611172,M,AbsolutelyEqual,Richer,900,NA,NA,4,8,1
214,continuous,4.334611172,M,Conflict,Richer,500,NA,NA,4,8,1
215,continuous,4.582116788,M,Baseline,Poorer,3183,0,3,4,10,3
215,continuous,4.582116788,M,AbsolutelyEqual,Poorer,750,0,3,4,10,3
215,continuous,4.582116788,M,ProportionallyEqual,Poorer,200,1,4,4,10,3
215,continuous,4.582116788,M,Conflict,Poorer,2566,1,4,4,10,3
216,continuous,4.466046002,M,Baseline,Richer,6816,0,2,2,3,NA
216,continuous,4.466046002,M,Conflict,Richer,1300,0,2,2,3,NA
216,continuous,4.466046002,M,ProportionallyEqual,Richer,3000,1,1,2,3,NA
216,continuous,4.466046002,M,AbsolutelyEqual,Richer,5950,1,1,2,3,NA
217,continuous,4.940693431,M,Baseline,Poorer,983,1,4,5,10,3
217,continuous,4.940693431,M,ProportionallyEqual,Richer,966,1,1,5,10,3
217,continuous,4.940693431,M,AbsolutelyEqual,Richer,1766,1,1,5,10,3
217,continuous,4.940693431,M,Conflict,,NA,1,NA,5,10,3
219,continuous,4.02245345,F,Baseline,Poorer,2400,1,4,3,6,3
219,continuous,4.02245345,F,ProportionallyEqual,Richer,2683,1,1,3,6,3
219,continuous,4.02245345,F,AbsolutelyEqual,Richer,1783,1,1,3,6,3
219,continuous,4.02245345,F,Conflict,Richer,983,1,1,3,6,3
220,continuous,5.781775518,M,Baseline,Poorer,950,1,4,5,10,3
220,continuous,5.781775518,M,AbsolutelyEqual,Poorer,750,1,4,5,10,3
220,continuous,5.781775518,M,ProportionallyEqual,Richer,1750,1,1,5,10,3
220,continuous,5.781775518,M,Conflict,Richer,683,1,1,5,10,3
222,continuous,4.063526835,F,Conflict,Poorer,1466,0,3,5,10,3
222,continuous,4.063526835,F,Baseline,Poorer,2000,1,4,5,10,3
222,continuous,4.063526835,F,ProportionallyEqual,Richer,3050,1,1,5,10,3
222,continuous,4.063526835,F,AbsolutelyEqual,Richer,1616,1,1,5,10,3
223,continuous,4.26067908,F,Baseline,Poorer,2633,0,3,2,3,0
223,continuous,4.26067908,F,AbsolutelyEqual,Poorer,2133,0,3,2,3,0
223,continuous,4.26067908,F,Conflict,Poorer,1900,0,3,2,3,0
223,continuous,4.26067908,F,ProportionallyEqual,Richer,2433,0,2,2,3,0
224,continuous,4.038882804,M,ProportionallyEqual,Richer,1050,0,2,5,10,0
224,continuous,4.038882804,M,AbsolutelyEqual,Richer,13683,0,2,5,10,0
224,continuous,4.038882804,M,Conflict,Richer,616,0,2,5,10,0
224,continuous,4.038882804,M,Baseline,Poorer,1716,1,4,5,10,0
225,continuous,5.806413766,F,ProportionallyEqual,Poorer,683,0,3,5,10,0
225,continuous,5.806413766,F,Conflict,Richer,950,0,2,5,10,0
225,continuous,5.806413766,F,Baseline,Poorer,1466,1,4,5,10,0
225,continuous,5.806413766,F,AbsolutelyEqual,Poorer,583,1,4,5,10,0
226,continuous,5.664059445,F,Baseline,Poorer,1316,1,4,5,10,0
226,continuous,5.664059445,F,AbsolutelyEqual,Poorer,833,1,4,5,10,0
226,continuous,5.664059445,F,ProportionallyEqual,Richer,750,1,1,5,10,0
226,continuous,5.664059445,F,Conflict,,NA,1,NA,5,10,0
228,continuous,5.833789597,M,ProportionallyEqual,Poorer,1266,0,3,4,8,0
228,continuous,5.833789597,M,AbsolutelyEqual,Poorer,2083,0,3,4,8,0
228,continuous,5.833789597,M,Baseline,Poorer,1466,1,4,4,8,0
228,continuous,5.833789597,M,Conflict,Richer,533,1,1,4,8,0
229,continuous,5.304744526,F,Conflict,Poorer,1583,0,3,2,3,0
229,continuous,5.304744526,F,Baseline,Poorer,5500,1,4,2,3,0
229,continuous,5.304744526,F,ProportionallyEqual,Poorer,1166,1,4,2,3,0
229,continuous,5.304744526,F,AbsolutelyEqual,Richer,2483,1,1,2,3,0
230,continuous,5.288321168,M,Baseline,Poorer,416,0,3,5,10,2
230,continuous,5.288321168,M,AbsolutelyEqual,Poorer,9950,0,3,5,10,2
230,continuous,5.288321168,M,Conflict,Richer,1800,0,2,5,10,2
230,continuous,5.288321168,M,ProportionallyEqual,Richer,2133,NA,NA,5,10,2
231,continuous,5.096715328,M,Baseline,Poorer,3583,1,4,5,10,0
231,continuous,5.096715328,M,ProportionallyEqual,Richer,1066,1,1,5,10,0
231,continuous,5.096715328,M,AbsolutelyEqual,Poorer,17416,NA,NA,5,10,0
231,continuous,5.096715328,M,Conflict,Poorer,1500,NA,NA,5,10,0
232,continuous,5.318430657,F,Baseline,Poorer,66,1,4,2,3,0
232,continuous,5.318430657,F,Conflict,Poorer,3666,1,4,2,3,0
232,continuous,5.318430657,F,ProportionallyEqual,Richer,716,1,1,2,3,0
232,continuous,5.318430657,F,AbsolutelyEqual,Richer,5466,1,1,2,3,0
233,continuous,4.954379562,F,Baseline,Richer,6066,0,2,5,10,3
233,continuous,4.954379562,F,ProportionallyEqual,Richer,3583,0,2,5,10,3
233,continuous,4.954379562,F,AbsolutelyEqual,Richer,3583,1,1,5,10,3
233,continuous,4.954379562,F,Conflict,Richer,3583,1,1,5,10,3
234,continuous,NA,F,Baseline,Poorer,6316,1,4,5,10,0
234,continuous,NA,F,ProportionallyEqual,Poorer,2850,1,4,5,10,0
234,continuous,NA,F,AbsolutelyEqual,Poorer,2850,1,4,5,10,0
234,continuous,NA,F,Conflict,Poorer,2950,1,4,5,10,0
235,continuous,5.304744526,F,Baseline,Poorer,1333,1,4,4,10,3
235,continuous,5.304744526,F,AbsolutelyEqual,Poorer,1333,1,4,4,10,3
235,continuous,5.304744526,F,ProportionallyEqual,Richer,1600,1,1,4,10,3
235,continuous,5.304744526,F,Conflict,Richer,1600,1,1,4,10,3
236,continuous,4.787408759,F,Baseline,Richer,2250,0,2,2,3,0
236,continuous,4.787408759,F,ProportionallyEqual,Richer,1383,1,1,2,3,0
236,continuous,4.787408759,F,AbsolutelyEqual,Richer,1133,1,1,2,3,0
236,continuous,4.787408759,F,Conflict,Richer,3183,1,1,2,3,0
237,continuous,4.184008762,M,ProportionallyEqual,Poorer,3183,1,4,5,10,3
237,continuous,4.184008762,M,AbsolutelyEqual,Poorer,2000,1,4,5,10,3
237,continuous,4.184008762,M,Conflict,Poorer,2666,1,4,5,10,3
237,continuous,4.184008762,M,Baseline,Richer,5166,1,1,5,10,3
238,continuous,4.645072993,F,AbsolutelyEqual,Poorer,3616,0,3,3,6,0
238,continuous,4.645072993,F,Baseline,Poorer,3716,1,4,3,6,0
238,continuous,4.645072993,F,ProportionallyEqual,Richer,2666,1,1,3,6,0
238,continuous,4.645072993,F,Conflict,Richer,3616,1,1,3,6,0
239,continuous,4.946167883,F,Baseline,Poorer,4800,1,4,4,10,1
239,continuous,4.946167883,F,ProportionallyEqual,Poorer,4283,1,4,4,10,1
239,continuous,4.946167883,F,AbsolutelyEqual,Poorer,4283,1,4,4,10,1
239,continuous,4.946167883,F,Conflict,Richer,3366,1,1,4,10,1
240,continuous,5.173357664,M,Baseline,Poorer,3950,1,4,5,10,0
240,continuous,5.173357664,M,ProportionallyEqual,Richer,1966,1,1,5,10,0
240,continuous,5.173357664,M,AbsolutelyEqual,Richer,1966,1,1,5,10,0
240,continuous,5.173357664,M,Conflict,Richer,10983,1,1,5,10,0
241,continuous,5.904966758,F,AbsolutelyEqual,Richer,3833,0,2,5,10,0
241,continuous,5.904966758,F,Baseline,Poorer,4783,1,4,5,10,0
241,continuous,5.904966758,F,ProportionallyEqual,Richer,5100,1,1,5,10,0
241,continuous,5.904966758,F,Conflict,Richer,NA,1,1,5,10,0