Subject,Age,Sex,Language,Knower_level,cite,method,Experiment,lab
one-one_4,49.215605748,M,English,CP,"Schneider, R.M., Brockbank, E., Feiman, R., & Barner, D. (under review). Counting and the ontogenetic origins of exact equality. ",titrated,Schneider_Barner_UnderReview,Barner
one-one_7,47.047227924,M,English,4,"Schneider, R.M., Brockbank, E., Feiman, R., & Barner, D. (under review). Counting and the ontogenetic origins of exact equality. ",titrated,Schneider_Barner_UnderReview,Barner
one-one_8,42.97330596,F,English,4,"Schneider, R.M., Brockbank, E., Feiman, R., & Barner, D. (under review). Counting and the ontogenetic origins of exact equality. ",titrated,Schneider_Barner_UnderReview,Barner
one-one_9,51.055441476,F,English,CP,"Schneider, R.M., Brockbank, E., Feiman, R., & Barner, D. (under review). Counting and the ontogenetic origins of exact equality. ",titrated,Schneider_Barner_UnderReview,Barner
one-one_10,46.193018484,F,English,CP,"Schneider, R.M., Brockbank, E., Feiman, R., & Barner, D. (under review). Counting and the ontogenetic origins of exact equality. ",titrated,Schneider_Barner_UnderReview,Barner
one-one_11,42.940451748,F,English,5,"Schneider, R.M., Brockbank, E., Feiman, R., & Barner, D. (under review). Counting and the ontogenetic origins of exact equality. ",titrated,Schneider_Barner_UnderReview,Barner
one-one_12,39.063655032,M,English,2,"Schneider, R.M., Brockbank, E., Feiman, R., & Barner, D. (under review). Counting and the ontogenetic origins of exact equality. ",titrated,Schneider_Barner_UnderReview,Barner
one-one_13,60.583162212000005,M,English,CP,"Schneider, R.M., Brockbank, E., Feiman, R., & Barner, D. (under review). Counting and the ontogenetic origins of exact equality. ",titrated,Schneider_Barner_UnderReview,Barner
one-one_14,47.835728952,F,English,3,"Schneider, R.M., Brockbank, E., Feiman, R., & Barner, D. (under review). Counting and the ontogenetic origins of exact equality. ",titrated,Schneider_Barner_UnderReview,Barner
one-one_15,48.164271048,F,English,4,"Schneider, R.M., Brockbank, E., Feiman, R., & Barner, D. (under review). Counting and the ontogenetic origins of exact equality. ",titrated,Schneider_Barner_UnderReview,Barner
one-one_16,52.33675564800001,M,English,CP,"Schneider, R.M., Brockbank, E., Feiman, R., & Barner, D. (under review). Counting and the ontogenetic origins of exact equality. ",titrated,Schneider_Barner_UnderReview,Barner
one-one_17,55.063655028,F,English,CP,"Schneider, R.M., Brockbank, E., Feiman, R., & Barner, D. (under review). Counting and the ontogenetic origins of exact equality. ",titrated,Schneider_Barner_UnderReview,Barner
one-one_18,43.663244352,F,English,3,"Schneider, R.M., Brockbank, E., Feiman, R., & Barner, D. (under review). Counting and the ontogenetic origins of exact equality. ",titrated,Schneider_Barner_UnderReview,Barner
one-one_19,39.85215606,M,English,4,"Schneider, R.M., Brockbank, E., Feiman, R., & Barner, D. (under review). Counting and the ontogenetic origins of exact equality. ",titrated,Schneider_Barner_UnderReview,Barner
one-one_20,53.02669404,F,English,CP,"Schneider, R.M., Brockbank, E., Feiman, R., & Barner, D. (under review). Counting and the ontogenetic origins of exact equality. ",titrated,Schneider_Barner_UnderReview,Barner
one-one_21,43.531827516,M,English,1,"Schneider, R.M., Brockbank, E., Feiman, R., & Barner, D. (under review). Counting and the ontogenetic origins of exact equality. ",titrated,Schneider_Barner_UnderReview,Barner
one-one_22,44.583162216,M,English,CP,"Schneider, R.M., Brockbank, E., Feiman, R., & Barner, D. (under review). Counting and the ontogenetic origins of exact equality. ",titrated,Schneider_Barner_UnderReview,Barner
one-one_26,54.373716636,M,English,CP,"Schneider, R.M., Brockbank, E., Feiman, R., & Barner, D. (under review). Counting and the ontogenetic origins of exact equality. ",titrated,Schneider_Barner_UnderReview,Barner
one-one_27,49.741273104,M,English/Portugese,CP,"Schneider, R.M., Brockbank, E., Feiman, R., & Barner, D. (under review). Counting and the ontogenetic origins of exact equality. ",titrated,Schneider_Barner_UnderReview,Barner
one-one_28,56.049281316,M,English,CP,"Schneider, R.M., Brockbank, E., Feiman, R., & Barner, D. (under review). Counting and the ontogenetic origins of exact equality. ",titrated,Schneider_Barner_UnderReview,Barner
one-one_30,55.52361396,M,English,CP,"Schneider, R.M., Brockbank, E., Feiman, R., & Barner, D. (under review). Counting and the ontogenetic origins of exact equality. ",titrated,Schneider_Barner_UnderReview,Barner
one-one_31,59.334702264,M,English,CP,"Schneider, R.M., Brockbank, E., Feiman, R., & Barner, D. (under review). Counting and the ontogenetic origins of exact equality. ",titrated,Schneider_Barner_UnderReview,Barner
one-one_32,39.063655032,F,English,3,"Schneider, R.M., Brockbank, E., Feiman, R., & Barner, D. (under review). Counting and the ontogenetic origins of exact equality. ",titrated,Schneider_Barner_UnderReview,Barner
one-one_33,59.104722792000004,F,English,CP,"Schneider, R.M., Brockbank, E., Feiman, R., & Barner, D. (under review). Counting and the ontogenetic origins of exact equality. ",titrated,Schneider_Barner_UnderReview,Barner
one-one_34,40.27926078,M,English,CP,"Schneider, R.M., Brockbank, E., Feiman, R., & Barner, D. (under review). Counting and the ontogenetic origins of exact equality. ",titrated,Schneider_Barner_UnderReview,Barner
one-one_35,43.498973304,M,English,CP,"Schneider, R.M., Brockbank, E., Feiman, R., & Barner, D. (under review). Counting and the ontogenetic origins of exact equality. ",titrated,Schneider_Barner_UnderReview,Barner
one-one_36,45.601642716,F,English,CP,"Schneider, R.M., Brockbank, E., Feiman, R., & Barner, D. (under review). Counting and the ontogenetic origins of exact equality. ",titrated,Schneider_Barner_UnderReview,Barner
one-one_37,47.408624232,M,English,CP,"Schneider, R.M., Brockbank, E., Feiman, R., & Barner, D. (under review). Counting and the ontogenetic origins of exact equality. ",titrated,Schneider_Barner_UnderReview,Barner
one-one_38,48.85420944,F,English,CP,"Schneider, R.M., Brockbank, E., Feiman, R., & Barner, D. (under review). Counting and the ontogenetic origins of exact equality. ",titrated,Schneider_Barner_UnderReview,Barner
one-one_39,48.887063651999995,F,English,2,"Schneider, R.M., Brockbank, E., Feiman, R., & Barner, D. (under review). Counting and the ontogenetic origins of exact equality. ",titrated,Schneider_Barner_UnderReview,Barner
one-one_40,49.24845996,M,English,CP,"Schneider, R.M., Brockbank, E., Feiman, R., & Barner, D. (under review). Counting and the ontogenetic origins of exact equality. ",titrated,Schneider_Barner_UnderReview,Barner
one-one_41,59.564681724,M,English,CP,"Schneider, R.M., Brockbank, E., Feiman, R., & Barner, D. (under review). Counting and the ontogenetic origins of exact equality. ",titrated,Schneider_Barner_UnderReview,Barner
one-one_42,60.813141684,M,English,CP,"Schneider, R.M., Brockbank, E., Feiman, R., & Barner, D. (under review). Counting and the ontogenetic origins of exact equality. ",titrated,Schneider_Barner_UnderReview,Barner
one-one_43,53.16,F,English,CP,"Schneider, R.M., Brockbank, E., Feiman, R., & Barner, D. (under review). Counting and the ontogenetic origins of exact equality. ",titrated,Schneider_Barner_UnderReview,Barner
one-one_44,52.07392197600001,M,English,CP,"Schneider, R.M., Brockbank, E., Feiman, R., & Barner, D. (under review). Counting and the ontogenetic origins of exact equality. ",titrated,Schneider_Barner_UnderReview,Barner
one-one_45,50.825462015999996,M,English,CP,"Schneider, R.M., Brockbank, E., Feiman, R., & Barner, D. (under review). Counting and the ontogenetic origins of exact equality. ",titrated,Schneider_Barner_UnderReview,Barner
one-one_46,44.386036956,F,English,CP,"Schneider, R.M., Brockbank, E., Feiman, R., & Barner, D. (under review). Counting and the ontogenetic origins of exact equality. ",titrated,Schneider_Barner_UnderReview,Barner
one-one_49,47.014373712,M,English,3,"Schneider, R.M., Brockbank, E., Feiman, R., & Barner, D. (under review). Counting and the ontogenetic origins of exact equality. ",titrated,Schneider_Barner_UnderReview,Barner
one-one_50,36.895277208,F,English,2,"Schneider, R.M., Brockbank, E., Feiman, R., & Barner, D. (under review). Counting and the ontogenetic origins of exact equality. ",titrated,Schneider_Barner_UnderReview,Barner
one-one_51,54.899383979999996,M,English,CP,"Schneider, R.M., Brockbank, E., Feiman, R., & Barner, D. (under review). Counting and the ontogenetic origins of exact equality. ",titrated,Schneider_Barner_UnderReview,Barner
one-one_52,41.889117048,M,English/Spanish,2,"Schneider, R.M., Brockbank, E., Feiman, R., & Barner, D. (under review). Counting and the ontogenetic origins of exact equality. ",titrated,Schneider_Barner_UnderReview,Barner
one-one_54,42.119096508,F,English,2,"Schneider, R.M., Brockbank, E., Feiman, R., & Barner, D. (under review). Counting and the ontogenetic origins of exact equality. ",titrated,Schneider_Barner_UnderReview,Barner
one-one_55,44.68172484,M,English,1,"Schneider, R.M., Brockbank, E., Feiman, R., & Barner, D. (under review). Counting and the ontogenetic origins of exact equality. ",titrated,Schneider_Barner_UnderReview,Barner
one-one_56,44.747433264,M,English,CP,"Schneider, R.M., Brockbank, E., Feiman, R., & Barner, D. (under review). Counting and the ontogenetic origins of exact equality. ",titrated,Schneider_Barner_UnderReview,Barner
one-one_57,53.585215608,M,English,4,"Schneider, R.M., Brockbank, E., Feiman, R., & Barner, D. (under review). Counting and the ontogenetic origins of exact equality. ",titrated,Schneider_Barner_UnderReview,Barner
one-one_58,53.289527724,M,English,CP,"Schneider, R.M., Brockbank, E., Feiman, R., & Barner, D. (under review). Counting and the ontogenetic origins of exact equality. ",titrated,Schneider_Barner_UnderReview,Barner
one-one_59,57.987679668,M,English,CP,"Schneider, R.M., Brockbank, E., Feiman, R., & Barner, D. (under review). Counting and the ontogenetic origins of exact equality. ",titrated,Schneider_Barner_UnderReview,Barner
one-one_60,56.936344968,F,English,CP,"Schneider, R.M., Brockbank, E., Feiman, R., & Barner, D. (under review). Counting and the ontogenetic origins of exact equality. ",titrated,Schneider_Barner_UnderReview,Barner
one-one_61,52.73100615600001,M,English,CP,"Schneider, R.M., Brockbank, E., Feiman, R., & Barner, D. (under review). Counting and the ontogenetic origins of exact equality. ",titrated,Schneider_Barner_UnderReview,Barner
one-one_62,42.15195072,M,English,CP,"Schneider, R.M., Brockbank, E., Feiman, R., & Barner, D. (under review). Counting and the ontogenetic origins of exact equality. ",titrated,Schneider_Barner_UnderReview,Barner
one-one_63,47.901437376000004,M,English,CP,"Schneider, R.M., Brockbank, E., Feiman, R., & Barner, D. (under review). Counting and the ontogenetic origins of exact equality. ",titrated,Schneider_Barner_UnderReview,Barner
one-one_64,57.65913757199999,M,English,CP,"Schneider, R.M., Brockbank, E., Feiman, R., & Barner, D. (under review). Counting and the ontogenetic origins of exact equality. ",titrated,Schneider_Barner_UnderReview,Barner
one-one_65,57.65913757199999,F,English,CP,"Schneider, R.M., Brockbank, E., Feiman, R., & Barner, D. (under review). Counting and the ontogenetic origins of exact equality. ",titrated,Schneider_Barner_UnderReview,Barner
one-one_66,47.835728952,M,English,CP,"Schneider, R.M., Brockbank, E., Feiman, R., & Barner, D. (under review). Counting and the ontogenetic origins of exact equality. ",titrated,Schneider_Barner_UnderReview,Barner
one-one_68,49.87268994,F,English,1,"Schneider, R.M., Brockbank, E., Feiman, R., & Barner, D. (under review). Counting and the ontogenetic origins of exact equality. ",titrated,Schneider_Barner_UnderReview,Barner
one-one_69,44.090349072,M,English,2,"Schneider, R.M., Brockbank, E., Feiman, R., & Barner, D. (under review). Counting and the ontogenetic origins of exact equality. ",titrated,Schneider_Barner_UnderReview,Barner
one-one_70,43.926078024,F,English,3,"Schneider, R.M., Brockbank, E., Feiman, R., & Barner, D. (under review). Counting and the ontogenetic origins of exact equality. ",titrated,Schneider_Barner_UnderReview,Barner
one-one_71,53.02669404,F,English,CP,"Schneider, R.M., Brockbank, E., Feiman, R., & Barner, D. (under review). Counting and the ontogenetic origins of exact equality. ",titrated,Schneider_Barner_UnderReview,Barner
one-one_72,39.950718684,M,English,4,"Schneider, R.M., Brockbank, E., Feiman, R., & Barner, D. (under review). Counting and the ontogenetic origins of exact equality. ",titrated,Schneider_Barner_UnderReview,Barner
one-one_73,55.162217663999996,M,English,CP,"Schneider, R.M., Brockbank, E., Feiman, R., & Barner, D. (under review). Counting and the ontogenetic origins of exact equality. ",titrated,Schneider_Barner_UnderReview,Barner
one-one_74,39.950718684,M,English,4,"Schneider, R.M., Brockbank, E., Feiman, R., & Barner, D. (under review). Counting and the ontogenetic origins of exact equality. ",titrated,Schneider_Barner_UnderReview,Barner
one-one_75,50.59548254399999,M,English,CP,"Schneider, R.M., Brockbank, E., Feiman, R., & Barner, D. (under review). Counting and the ontogenetic origins of exact equality. ",titrated,Schneider_Barner_UnderReview,Barner
one-one_77,47.441478444,F,English,1,"Schneider, R.M., Brockbank, E., Feiman, R., & Barner, D. (under review). Counting and the ontogenetic origins of exact equality. ",titrated,Schneider_Barner_UnderReview,Barner
one-one_78,46.55441478,M,English,1,"Schneider, R.M., Brockbank, E., Feiman, R., & Barner, D. (under review). Counting and the ontogenetic origins of exact equality. ",titrated,Schneider_Barner_UnderReview,Barner
one-one_79,46.685831628,M,English,1,"Schneider, R.M., Brockbank, E., Feiman, R., & Barner, D. (under review). Counting and the ontogenetic origins of exact equality. ",titrated,Schneider_Barner_UnderReview,Barner
one-one_80,37.420944564,F,English,2,"Schneider, R.M., Brockbank, E., Feiman, R., & Barner, D. (under review). Counting and the ontogenetic origins of exact equality. ",titrated,Schneider_Barner_UnderReview,Barner
one-one_81,42.250513344,M,English,CP,"Schneider, R.M., Brockbank, E., Feiman, R., & Barner, D. (under review). Counting and the ontogenetic origins of exact equality. ",titrated,Schneider_Barner_UnderReview,Barner
one-one_82,38.537987676,M,English,CP,"Schneider, R.M., Brockbank, E., Feiman, R., & Barner, D. (under review). Counting and the ontogenetic origins of exact equality. ",titrated,Schneider_Barner_UnderReview,Barner
one-one_83,46.55441478,M,English,4,"Schneider, R.M., Brockbank, E., Feiman, R., & Barner, D. (under review). Counting and the ontogenetic origins of exact equality. ",titrated,Schneider_Barner_UnderReview,Barner
one-one_84,59.104722792000004,F,English,CP,"Schneider, R.M., Brockbank, E., Feiman, R., & Barner, D. (under review). Counting and the ontogenetic origins of exact equality. ",titrated,Schneider_Barner_UnderReview,Barner
one-one_85,46.587268992000006,F,English,2,"Schneider, R.M., Brockbank, E., Feiman, R., & Barner, D. (under review). Counting and the ontogenetic origins of exact equality. ",titrated,Schneider_Barner_UnderReview,Barner
one-one_87,41.921971248,F,English,2,"Schneider, R.M., Brockbank, E., Feiman, R., & Barner, D. (under review). Counting and the ontogenetic origins of exact equality. ",titrated,Schneider_Barner_UnderReview,Barner
one-one_88,44.156057496,F,English,5,"Schneider, R.M., Brockbank, E., Feiman, R., & Barner, D. (under review). Counting and the ontogenetic origins of exact equality. ",titrated,Schneider_Barner_UnderReview,Barner
one-one_89,50.069815199999994,F,English,CP,"Schneider, R.M., Brockbank, E., Feiman, R., & Barner, D. (under review). Counting and the ontogenetic origins of exact equality. ",titrated,Schneider_Barner_UnderReview,Barner
one-one_90,44.977412736,M,English,2,"Schneider, R.M., Brockbank, E., Feiman, R., & Barner, D. (under review). Counting and the ontogenetic origins of exact equality. ",titrated,Schneider_Barner_UnderReview,Barner
one-one_91,43.367556468000004,M,English,2,"Schneider, R.M., Brockbank, E., Feiman, R., & Barner, D. (under review). Counting and the ontogenetic origins of exact equality. ",titrated,Schneider_Barner_UnderReview,Barner
one-one_92,36.271047228,F,English,1,"Schneider, R.M., Brockbank, E., Feiman, R., & Barner, D. (under review). Counting and the ontogenetic origins of exact equality. ",titrated,Schneider_Barner_UnderReview,Barner
one-one_93,58.217659139999995,F,English,CP,"Schneider, R.M., Brockbank, E., Feiman, R., & Barner, D. (under review). Counting and the ontogenetic origins of exact equality. ",titrated,Schneider_Barner_UnderReview,Barner
one-one_94,59.367556464,F,English,CP,"Schneider, R.M., Brockbank, E., Feiman, R., & Barner, D. (under review). Counting and the ontogenetic origins of exact equality. ",titrated,Schneider_Barner_UnderReview,Barner
one-one_96,59.334702264,M,English,CP,"Schneider, R.M., Brockbank, E., Feiman, R., & Barner, D. (under review). Counting and the ontogenetic origins of exact equality. ",titrated,Schneider_Barner_UnderReview,Barner
one-one_97,38.735112936,M,English,2,"Schneider, R.M., Brockbank, E., Feiman, R., & Barner, D. (under review). Counting and the ontogenetic origins of exact equality. ",titrated,Schneider_Barner_UnderReview,Barner
one-one_98,50.004106776,F,English,CP,"Schneider, R.M., Brockbank, E., Feiman, R., & Barner, D. (under review). Counting and the ontogenetic origins of exact equality. ",titrated,Schneider_Barner_UnderReview,Barner
one-one_99,43.696098564,F,English,CP,"Schneider, R.M., Brockbank, E., Feiman, R., & Barner, D. (under review). Counting and the ontogenetic origins of exact equality. ",titrated,Schneider_Barner_UnderReview,Barner
one-one_100,41.232032856000004,M,English,2,"Schneider, R.M., Brockbank, E., Feiman, R., & Barner, D. (under review). Counting and the ontogenetic origins of exact equality. ",titrated,Schneider_Barner_UnderReview,Barner
one-one_104,49.281314171999995,M,English,CP,"Schneider, R.M., Brockbank, E., Feiman, R., & Barner, D. (under review). Counting and the ontogenetic origins of exact equality. ",titrated,Schneider_Barner_UnderReview,Barner
one-one_105,42.907597536000004,M,English,3,"Schneider, R.M., Brockbank, E., Feiman, R., & Barner, D. (under review). Counting and the ontogenetic origins of exact equality. ",titrated,Schneider_Barner_UnderReview,Barner
one-one_106,46.685831628,M,English,3,"Schneider, R.M., Brockbank, E., Feiman, R., & Barner, D. (under review). Counting and the ontogenetic origins of exact equality. ",titrated,Schneider_Barner_UnderReview,Barner
one-one_107,55.52361396,M,English,5,"Schneider, R.M., Brockbank, E., Feiman, R., & Barner, D. (under review). Counting and the ontogenetic origins of exact equality. ",titrated,Schneider_Barner_UnderReview,Barner
one-one_108,53.158110888,F,English,CP,"Schneider, R.M., Brockbank, E., Feiman, R., & Barner, D. (under review). Counting and the ontogenetic origins of exact equality. ",titrated,Schneider_Barner_UnderReview,Barner
one-one_109,49.741273104,M,English,CP,"Schneider, R.M., Brockbank, E., Feiman, R., & Barner, D. (under review). Counting and the ontogenetic origins of exact equality. ",titrated,Schneider_Barner_UnderReview,Barner
one-one_110,41.462012316,F,English,3,"Schneider, R.M., Brockbank, E., Feiman, R., & Barner, D. (under review). Counting and the ontogenetic origins of exact equality. ",titrated,Schneider_Barner_UnderReview,Barner
one-one_111,50.299794659999996,F,English,2,"Schneider, R.M., Brockbank, E., Feiman, R., & Barner, D. (under review). Counting and the ontogenetic origins of exact equality. ",titrated,Schneider_Barner_UnderReview,Barner
one-one_112,38.833675559999996,M,English,2,"Schneider, R.M., Brockbank, E., Feiman, R., & Barner, D. (under review). Counting and the ontogenetic origins of exact equality. ",titrated,Schneider_Barner_UnderReview,Barner
one-one_113,52.566735108,M,English,3,"Schneider, R.M., Brockbank, E., Feiman, R., & Barner, D. (under review). Counting and the ontogenetic origins of exact equality. ",titrated,Schneider_Barner_UnderReview,Barner
one-one_114,40.607802876,M,English,2,"Schneider, R.M., Brockbank, E., Feiman, R., & Barner, D. (under review). Counting and the ontogenetic origins of exact equality. ",titrated,Schneider_Barner_UnderReview,Barner
one-one_115,56.73921970799999,F,English,CP,"Schneider, R.M., Brockbank, E., Feiman, R., & Barner, D. (under review). Counting and the ontogenetic origins of exact equality. ",titrated,Schneider_Barner_UnderReview,Barner
one-one_116,50.694045179999996,M,English,CP,"Schneider, R.M., Brockbank, E., Feiman, R., & Barner, D. (under review). Counting and the ontogenetic origins of exact equality. ",titrated,Schneider_Barner_UnderReview,Barner
one-one_117,44.02464066,M,English,2,"Schneider, R.M., Brockbank, E., Feiman, R., & Barner, D. (under review). Counting and the ontogenetic origins of exact equality. ",titrated,Schneider_Barner_UnderReview,Barner
one-one_118,54.045174540000005,M,English,CP,"Schneider, R.M., Brockbank, E., Feiman, R., & Barner, D. (under review). Counting and the ontogenetic origins of exact equality. ",titrated,Schneider_Barner_UnderReview,Barner
one-one_119,44.68172484,F,English,2,"Schneider, R.M., Brockbank, E., Feiman, R., & Barner, D. (under review). Counting and the ontogenetic origins of exact equality. ",titrated,Schneider_Barner_UnderReview,Barner
one-one_120,42.7761807,M,English,2,"Schneider, R.M., Brockbank, E., Feiman, R., & Barner, D. (under review). Counting and the ontogenetic origins of exact equality. ",titrated,Schneider_Barner_UnderReview,Barner
one-one_121,43.761806976,F,English,3,"Schneider, R.M., Brockbank, E., Feiman, R., & Barner, D. (under review). Counting and the ontogenetic origins of exact equality. ",titrated,Schneider_Barner_UnderReview,Barner
one-one_122,38.045174532,F,English,2,"Schneider, R.M., Brockbank, E., Feiman, R., & Barner, D. (under review). Counting and the ontogenetic origins of exact equality. ",titrated,Schneider_Barner_UnderReview,Barner
one-one_123,42.743326487999994,M,English,4,"Schneider, R.M., Brockbank, E., Feiman, R., & Barner, D. (under review). Counting and the ontogenetic origins of exact equality. ",titrated,Schneider_Barner_UnderReview,Barner
one-one_124,40.772073924,M,English,2,"Schneider, R.M., Brockbank, E., Feiman, R., & Barner, D. (under review). Counting and the ontogenetic origins of exact equality. ",titrated,Schneider_Barner_UnderReview,Barner
one-one_125,37.5523614,M,English,0,"Schneider, R.M., Brockbank, E., Feiman, R., & Barner, D. (under review). Counting and the ontogenetic origins of exact equality. ",titrated,Schneider_Barner_UnderReview,Barner
one-one_126,42.97330596,F,English,2,"Schneider, R.M., Brockbank, E., Feiman, R., & Barner, D. (under review). Counting and the ontogenetic origins of exact equality. ",titrated,Schneider_Barner_UnderReview,Barner
one-one_127,44.616016428,M,English,1,"Schneider, R.M., Brockbank, E., Feiman, R., & Barner, D. (under review). Counting and the ontogenetic origins of exact equality. ",titrated,Schneider_Barner_UnderReview,Barner
one-one_129,43.466119092,F,English,CP,"Schneider, R.M., Brockbank, E., Feiman, R., & Barner, D. (under review). Counting and the ontogenetic origins of exact equality. ",titrated,Schneider_Barner_UnderReview,Barner
one-one_130,54.209445588,F,English,2,"Schneider, R.M., Brockbank, E., Feiman, R., & Barner, D. (under review). Counting and the ontogenetic origins of exact equality. ",titrated,Schneider_Barner_UnderReview,Barner
one-one_131,40.410677616,M,English,2,"Schneider, R.M., Brockbank, E., Feiman, R., & Barner, D. (under review). Counting and the ontogenetic origins of exact equality. ",titrated,Schneider_Barner_UnderReview,Barner
one-one_132,44.418891168,F,English,CP,"Schneider, R.M., Brockbank, E., Feiman, R., & Barner, D. (under review). Counting and the ontogenetic origins of exact equality. ",titrated,Schneider_Barner_UnderReview,Barner
one-one_133,51.285420947999995,F,English,4,"Schneider, R.M., Brockbank, E., Feiman, R., & Barner, D. (under review). Counting and the ontogenetic origins of exact equality. ",titrated,Schneider_Barner_UnderReview,Barner
one-one_134,46.55441478,F,English,2,"Schneider, R.M., Brockbank, E., Feiman, R., & Barner, D. (under review). Counting and the ontogenetic origins of exact equality. ",titrated,Schneider_Barner_UnderReview,Barner
one-one_136,38.636550312,M,English,2,"Schneider, R.M., Brockbank, E., Feiman, R., & Barner, D. (under review). Counting and the ontogenetic origins of exact equality. ",titrated,Schneider_Barner_UnderReview,Barner
one-one_137,50.036960988,F,English,3,"Schneider, R.M., Brockbank, E., Feiman, R., & Barner, D. (under review). Counting and the ontogenetic origins of exact equality. ",titrated,Schneider_Barner_UnderReview,Barner
one-one_138,46.455852156000006,M,English,2,"Schneider, R.M., Brockbank, E., Feiman, R., & Barner, D. (under review). Counting and the ontogenetic origins of exact equality. ",titrated,Schneider_Barner_UnderReview,Barner
one-one_139,60.648870636,M,English,4,"Schneider, R.M., Brockbank, E., Feiman, R., & Barner, D. (under review). Counting and the ontogenetic origins of exact equality. ",titrated,Schneider_Barner_UnderReview,Barner
one-one_140,46.620123204,F,English,3,"Schneider, R.M., Brockbank, E., Feiman, R., & Barner, D. (under review). Counting and the ontogenetic origins of exact equality. ",titrated,Schneider_Barner_UnderReview,Barner
one-one_141,42.940451748,F,English,CP,"Schneider, R.M., Brockbank, E., Feiman, R., & Barner, D. (under review). Counting and the ontogenetic origins of exact equality. ",titrated,Schneider_Barner_UnderReview,Barner
one-one_142,37.913757696,F,English,1,"Schneider, R.M., Brockbank, E., Feiman, R., & Barner, D. (under review). Counting and the ontogenetic origins of exact equality. ",titrated,Schneider_Barner_UnderReview,Barner
one-one_143,41.462012316,M,English,CP,"Schneider, R.M., Brockbank, E., Feiman, R., & Barner, D. (under review). Counting and the ontogenetic origins of exact equality. ",titrated,Schneider_Barner_UnderReview,Barner
one-one_144,46.75154004,F,English,3,"Schneider, R.M., Brockbank, E., Feiman, R., & Barner, D. (under review). Counting and the ontogenetic origins of exact equality. ",titrated,Schneider_Barner_UnderReview,Barner
one-one_145,52.041067764000005,M,English,CP,"Schneider, R.M., Brockbank, E., Feiman, R., & Barner, D. (under review). Counting and the ontogenetic origins of exact equality. ",titrated,Schneider_Barner_UnderReview,Barner
one-one_146,42.480492815999995,F,English,2,"Schneider, R.M., Brockbank, E., Feiman, R., & Barner, D. (under review). Counting and the ontogenetic origins of exact equality. ",titrated,Schneider_Barner_UnderReview,Barner
one-one_147,39.063655032,F,English,3,"Schneider, R.M., Brockbank, E., Feiman, R., & Barner, D. (under review). Counting and the ontogenetic origins of exact equality. ",titrated,Schneider_Barner_UnderReview,Barner
one-one_148,42.250513344,M,English,4,"Schneider, R.M., Brockbank, E., Feiman, R., & Barner, D. (under review). Counting and the ontogenetic origins of exact equality. ",titrated,Schneider_Barner_UnderReview,Barner
one-one_149,48.919917864,M,English,3,"Schneider, R.M., Brockbank, E., Feiman, R., & Barner, D. (under review). Counting and the ontogenetic origins of exact equality. ",titrated,Schneider_Barner_UnderReview,Barner
one-one_150,41.724846,F,English,0,"Schneider, R.M., Brockbank, E., Feiman, R., & Barner, D. (under review). Counting and the ontogenetic origins of exact equality. ",titrated,Schneider_Barner_UnderReview,Barner
one-one_151,52.271047224,F,English,5,"Schneider, R.M., Brockbank, E., Feiman, R., & Barner, D. (under review). Counting and the ontogenetic origins of exact equality. ",titrated,Schneider_Barner_UnderReview,Barner
one-one_153,46.225872684,M,English,CP,"Schneider, R.M., Brockbank, E., Feiman, R., & Barner, D. (under review). Counting and the ontogenetic origins of exact equality. ",titrated,Schneider_Barner_UnderReview,Barner
one-one_154,40.246406568,F,English,1,"Schneider, R.M., Brockbank, E., Feiman, R., & Barner, D. (under review). Counting and the ontogenetic origins of exact equality. ",titrated,Schneider_Barner_UnderReview,Barner
one-one_155,40.147843944,M,English,0,"Schneider, R.M., Brockbank, E., Feiman, R., & Barner, D. (under review). Counting and the ontogenetic origins of exact equality. ",titrated,Schneider_Barner_UnderReview,Barner
one-one_157,41.954825459999995,M,English,1,"Schneider, R.M., Brockbank, E., Feiman, R., & Barner, D. (under review). Counting and the ontogenetic origins of exact equality. ",titrated,Schneider_Barner_UnderReview,Barner
one-one_159,38.472279264,M,English,CP,"Schneider, R.M., Brockbank, E., Feiman, R., & Barner, D. (under review). Counting and the ontogenetic origins of exact equality. ",titrated,Schneider_Barner_UnderReview,Barner
one-one_160,36.106776180000004,F,English,CP,"Schneider, R.M., Brockbank, E., Feiman, R., & Barner, D. (under review). Counting and the ontogenetic origins of exact equality. ",titrated,Schneider_Barner_UnderReview,Barner
one-one_162,51.909650928000005,M,English,CP,"Schneider, R.M., Brockbank, E., Feiman, R., & Barner, D. (under review). Counting and the ontogenetic origins of exact equality. ",titrated,Schneider_Barner_UnderReview,Barner
one-one_164,52.960985628,F,English,CP,"Schneider, R.M., Brockbank, E., Feiman, R., & Barner, D. (under review). Counting and the ontogenetic origins of exact equality. ",titrated,Schneider_Barner_UnderReview,Barner
one-one_165,47.375770020000004,M,English,CP,"Schneider, R.M., Brockbank, E., Feiman, R., & Barner, D. (under review). Counting and the ontogenetic origins of exact equality. ",titrated,Schneider_Barner_UnderReview,Barner
one-one_166,44.353182756,M,English,CP,"Schneider, R.M., Brockbank, E., Feiman, R., & Barner, D. (under review). Counting and the ontogenetic origins of exact equality. ",titrated,Schneider_Barner_UnderReview,Barner
one-one_168,48.591375768,F,English,CP,"Schneider, R.M., Brockbank, E., Feiman, R., & Barner, D. (under review). Counting and the ontogenetic origins of exact equality. ",titrated,Schneider_Barner_UnderReview,Barner
one-one_169,56.312114988,F,English,CP,"Schneider, R.M., Brockbank, E., Feiman, R., & Barner, D. (under review). Counting and the ontogenetic origins of exact equality. ",titrated,Schneider_Barner_UnderReview,Barner
one-one_172,44.813141688,M,English,CP,"Schneider, R.M., Brockbank, E., Feiman, R., & Barner, D. (under review). Counting and the ontogenetic origins of exact equality. ",titrated,Schneider_Barner_UnderReview,Barner
one-one_173,41.13347022,M,English,CP,"Schneider, R.M., Brockbank, E., Feiman, R., & Barner, D. (under review). Counting and the ontogenetic origins of exact equality. ",titrated,Schneider_Barner_UnderReview,Barner
100519-E2,38.932238196,F,English,CP,"Schneider, R.M., Brockbank, E., Feiman, R., & Barner, D. (under review). Counting and the ontogenetic origins of exact equality. ",titrated,Schneider_Barner_UnderReview,Barner
100619-G,50.529774132,M,English,CP,"Schneider, R.M., Brockbank, E., Feiman, R., & Barner, D. (under review). Counting and the ontogenetic origins of exact equality. ",titrated,Schneider_Barner_UnderReview,Barner
100619-LY,37.815195072,M,English,2,"Schneider, R.M., Brockbank, E., Feiman, R., & Barner, D. (under review). Counting and the ontogenetic origins of exact equality. ",titrated,Schneider_Barner_UnderReview,Barner
100619-J,43.761806976,M,English,3,"Schneider, R.M., Brockbank, E., Feiman, R., & Barner, D. (under review). Counting and the ontogenetic origins of exact equality. ",titrated,Schneider_Barner_UnderReview,Barner
100619-EV,39.490759752,F,English,CP,"Schneider, R.M., Brockbank, E., Feiman, R., & Barner, D. (under review). Counting and the ontogenetic origins of exact equality. ",titrated,Schneider_Barner_UnderReview,Barner
101419-AR,55.556468171999995,F,English,CP,"Schneider, R.M., Brockbank, E., Feiman, R., & Barner, D. (under review). Counting and the ontogenetic origins of exact equality. ",titrated,Schneider_Barner_UnderReview,Barner
101419-CP,42.907597536000004,M,English,1,"Schneider, R.M., Brockbank, E., Feiman, R., & Barner, D. (under review). Counting and the ontogenetic origins of exact equality. ",titrated,Schneider_Barner_UnderReview,Barner
101919-MW,47.17864476,F,English,CP,"Schneider, R.M., Brockbank, E., Feiman, R., & Barner, D. (under review). Counting and the ontogenetic origins of exact equality. ",titrated,Schneider_Barner_UnderReview,Barner
101919-MN,46.587268992000006,F,English,CP,"Schneider, R.M., Brockbank, E., Feiman, R., & Barner, D. (under review). Counting and the ontogenetic origins of exact equality. ",titrated,Schneider_Barner_UnderReview,Barner
101919-E,59.69609856,F,English,CP,"Schneider, R.M., Brockbank, E., Feiman, R., & Barner, D. (under review). Counting and the ontogenetic origins of exact equality. ",titrated,Schneider_Barner_UnderReview,Barner
101919-I,56.73921970799999,F,English,CP,"Schneider, R.M., Brockbank, E., Feiman, R., & Barner, D. (under review). Counting and the ontogenetic origins of exact equality. ",titrated,Schneider_Barner_UnderReview,Barner
101919-SL,54.636550308,M,English,4,"Schneider, R.M., Brockbank, E., Feiman, R., & Barner, D. (under review). Counting and the ontogenetic origins of exact equality. ",titrated,Schneider_Barner_UnderReview,Barner
102719-I,56.443531824,F,English,CP,"Schneider, R.M., Brockbank, E., Feiman, R., & Barner, D. (under review). Counting and the ontogenetic origins of exact equality. ",titrated,Schneider_Barner_UnderReview,Barner
102619-M,48.624229979999996,M,English,CP,"Schneider, R.M., Brockbank, E., Feiman, R., & Barner, D. (under review). Counting and the ontogenetic origins of exact equality. ",titrated,Schneider_Barner_UnderReview,Barner
102619-H,52.533880908,F,English,CP,"Schneider, R.M., Brockbank, E., Feiman, R., & Barner, D. (under review). Counting and the ontogenetic origins of exact equality. ",titrated,Schneider_Barner_UnderReview,Barner
102719-E,52.79671458,F,English,CP,"Schneider, R.M., Brockbank, E., Feiman, R., & Barner, D. (under review). Counting and the ontogenetic origins of exact equality. ",titrated,Schneider_Barner_UnderReview,Barner
110219-LC,40.837782336000004,M,English,CP,"Schneider, R.M., Brockbank, E., Feiman, R., & Barner, D. (under review). Counting and the ontogenetic origins of exact equality. ",titrated,Schneider_Barner_UnderReview,Barner
110219-KS,51.712525668000005,M,English,4,"Schneider, R.M., Brockbank, E., Feiman, R., & Barner, D. (under review). Counting and the ontogenetic origins of exact equality. ",titrated,Schneider_Barner_UnderReview,Barner
110219-MH,58.316221764000005,F,English,CP,"Schneider, R.M., Brockbank, E., Feiman, R., & Barner, D. (under review). Counting and the ontogenetic origins of exact equality. ",titrated,Schneider_Barner_UnderReview,Barner
110319-A,41.13347022,M,English,3,"Schneider, R.M., Brockbank, E., Feiman, R., & Barner, D. (under review). Counting and the ontogenetic origins of exact equality. ",titrated,Schneider_Barner_UnderReview,Barner
110219-K,55.260780288,F,English,CP,"Schneider, R.M., Brockbank, E., Feiman, R., & Barner, D. (under review). Counting and the ontogenetic origins of exact equality. ",titrated,Schneider_Barner_UnderReview,Barner
110219-G,51.613963043999995,M,English,CP,"Schneider, R.M., Brockbank, E., Feiman, R., & Barner, D. (under review). Counting and the ontogenetic origins of exact equality. ",titrated,Schneider_Barner_UnderReview,Barner
110219-MR,51.416837783999995,F,English,CP,"Schneider, R.M., Brockbank, E., Feiman, R., & Barner, D. (under review). Counting and the ontogenetic origins of exact equality. ",titrated,Schneider_Barner_UnderReview,Barner
110219-ZL,51.909650928000005,F,English,CP,"Schneider, R.M., Brockbank, E., Feiman, R., & Barner, D. (under review). Counting and the ontogenetic origins of exact equality. ",titrated,Schneider_Barner_UnderReview,Barner
111019-L,52.303901436000004,M,English,4,"Schneider, R.M., Brockbank, E., Feiman, R., & Barner, D. (under review). Counting and the ontogenetic origins of exact equality. ",titrated,Schneider_Barner_UnderReview,Barner
111019-M,54.012320328,F,English,CP,"Schneider, R.M., Brockbank, E., Feiman, R., & Barner, D. (under review). Counting and the ontogenetic origins of exact equality. ",titrated,Schneider_Barner_UnderReview,Barner
111019-C,38.373716628,F,English,CP,"Schneider, R.M., Brockbank, E., Feiman, R., & Barner, D. (under review). Counting and the ontogenetic origins of exact equality. ",titrated,Schneider_Barner_UnderReview,Barner
112219-D,59.13757700400001,M,English,CP,"Schneider, R.M., Brockbank, E., Feiman, R., & Barner, D. (under review). Counting and the ontogenetic origins of exact equality. ",titrated,Schneider_Barner_UnderReview,Barner
112219-F,52.303901436000004,M,English,2,"Schneider, R.M., Brockbank, E., Feiman, R., & Barner, D. (under review). Counting and the ontogenetic origins of exact equality. ",titrated,Schneider_Barner_UnderReview,Barner
112219-L,50.004106776,M,English,3,"Schneider, R.M., Brockbank, E., Feiman, R., & Barner, D. (under review). Counting and the ontogenetic origins of exact equality. ",titrated,Schneider_Barner_UnderReview,Barner
112219-E,55.359342912,M,English,CP,"Schneider, R.M., Brockbank, E., Feiman, R., & Barner, D. (under review). Counting and the ontogenetic origins of exact equality. ",titrated,Schneider_Barner_UnderReview,Barner
112319-NM,44.484599592,F,English,CP,"Schneider, R.M., Brockbank, E., Feiman, R., & Barner, D. (under review). Counting and the ontogenetic origins of exact equality. ",titrated,Schneider_Barner_UnderReview,Barner
112319-LM,44.484599592,F,English,4,"Schneider, R.M., Brockbank, E., Feiman, R., & Barner, D. (under review). Counting and the ontogenetic origins of exact equality. ",titrated,Schneider_Barner_UnderReview,Barner
112319-A,59.663244348000006,F,English,CP,"Schneider, R.M., Brockbank, E., Feiman, R., & Barner, D. (under review). Counting and the ontogenetic origins of exact equality. ",titrated,Schneider_Barner_UnderReview,Barner
112319-LD,55.687885007999995,M,English,CP,"Schneider, R.M., Brockbank, E., Feiman, R., & Barner, D. (under review). Counting and the ontogenetic origins of exact equality. ",titrated,Schneider_Barner_UnderReview,Barner
112319-J,38.505133476,M,English,2,"Schneider, R.M., Brockbank, E., Feiman, R., & Barner, D. (under review). Counting and the ontogenetic origins of exact equality. ",titrated,Schneider_Barner_UnderReview,Barner
112319-LW,41.067761808,F,English,1,"Schneider, R.M., Brockbank, E., Feiman, R., & Barner, D. (under review). Counting and the ontogenetic origins of exact equality. ",titrated,Schneider_Barner_UnderReview,Barner
102619-NI,48.985626288,F,English,CP,"Schneider, R.M., Brockbank, E., Feiman, R., & Barner, D. (under review). Counting and the ontogenetic origins of exact equality. ",titrated,Schneider_Barner_UnderReview,Barner
112419-W,47.441478444,F,English,CP,"Schneider, R.M., Brockbank, E., Feiman, R., & Barner, D. (under review). Counting and the ontogenetic origins of exact equality. ",titrated,Schneider_Barner_UnderReview,Barner
113019-K,43.531827516,M,English,CP,"Schneider, R.M., Brockbank, E., Feiman, R., & Barner, D. (under review). Counting and the ontogenetic origins of exact equality. ",titrated,Schneider_Barner_UnderReview,Barner
113019-G,51.515400408000005,M,English,CP,"Schneider, R.M., Brockbank, E., Feiman, R., & Barner, D. (under review). Counting and the ontogenetic origins of exact equality. ",titrated,Schneider_Barner_UnderReview,Barner
113019-M,54.308008212000004,F,English,3,"Schneider, R.M., Brockbank, E., Feiman, R., & Barner, D. (under review). Counting and the ontogenetic origins of exact equality. ",titrated,Schneider_Barner_UnderReview,Barner
113019-LK,60.714579060000005,M,English,CP,"Schneider, R.M., Brockbank, E., Feiman, R., & Barner, D. (under review). Counting and the ontogenetic origins of exact equality. ",titrated,Schneider_Barner_UnderReview,Barner
113019-S2,48.394250508,F,English,5,"Schneider, R.M., Brockbank, E., Feiman, R., & Barner, D. (under review). Counting and the ontogenetic origins of exact equality. ",titrated,Schneider_Barner_UnderReview,Barner
113019-MD,52.665297744,M,English,CP,"Schneider, R.M., Brockbank, E., Feiman, R., & Barner, D. (under review). Counting and the ontogenetic origins of exact equality. ",titrated,Schneider_Barner_UnderReview,Barner
112119-LM,38.275154004,F,English,2,"Schneider, R.M., Brockbank, E., Feiman, R., & Barner, D. (under review). Counting and the ontogenetic origins of exact equality. ",titrated,Schneider_Barner_UnderReview,Barner
112119-SK,55.09650924,F,English,0,"Schneider, R.M., Brockbank, E., Feiman, R., & Barner, D. (under review). Counting and the ontogenetic origins of exact equality. ",titrated,Schneider_Barner_UnderReview,Barner
112119-ZM,39.655030800000006,F,English,CP,"Schneider, R.M., Brockbank, E., Feiman, R., & Barner, D. (under review). Counting and the ontogenetic origins of exact equality. ",titrated,Schneider_Barner_UnderReview,Barner
112119-RM,51.055441476,M,English,CP,"Schneider, R.M., Brockbank, E., Feiman, R., & Barner, D. (under review). Counting and the ontogenetic origins of exact equality. ",titrated,Schneider_Barner_UnderReview,Barner
112619-NM,52.238193024000005,M,English,CP,"Schneider, R.M., Brockbank, E., Feiman, R., & Barner, D. (under review). Counting and the ontogenetic origins of exact equality. ",titrated,Schneider_Barner_UnderReview,Barner
112619-NiM,50.59548254399999,F,English,CP,"Schneider, R.M., Brockbank, E., Feiman, R., & Barner, D. (under review). Counting and the ontogenetic origins of exact equality. ",titrated,Schneider_Barner_UnderReview,Barner
112619-LG,50.036960988,M,English,CP,"Schneider, R.M., Brockbank, E., Feiman, R., & Barner, D. (under review). Counting and the ontogenetic origins of exact equality. ",titrated,Schneider_Barner_UnderReview,Barner
112619-AS,48.689938404,F,English,4,"Schneider, R.M., Brockbank, E., Feiman, R., & Barner, D. (under review). Counting and the ontogenetic origins of exact equality. ",titrated,Schneider_Barner_UnderReview,Barner
121519-GG,46.258726896,F,English,CP,"Schneider, R.M., Brockbank, E., Feiman, R., & Barner, D. (under review). Counting and the ontogenetic origins of exact equality. ",titrated,Schneider_Barner_UnderReview,Barner
11220-I,50.98973306399999,F,English,CP,"Schneider, R.M., Brockbank, E., Feiman, R., & Barner, D. (under review). Counting and the ontogenetic origins of exact equality. ",titrated,Schneider_Barner_UnderReview,Barner
11220-B (no video),59.334702264,M,English,CP,"Schneider, R.M., Brockbank, E., Feiman, R., & Barner, D. (under review). Counting and the ontogenetic origins of exact equality. ",titrated,Schneider_Barner_UnderReview,Barner
11220-?,NA,M,English,2,"Schneider, R.M., Brockbank, E., Feiman, R., & Barner, D. (under review). Counting and the ontogenetic origins of exact equality. ",titrated,Schneider_Barner_UnderReview,Barner
11920-NP,36.862422996,F,English,2,"Schneider, R.M., Brockbank, E., Feiman, R., & Barner, D. (under review). Counting and the ontogenetic origins of exact equality. ",titrated,Schneider_Barner_UnderReview,Barner
11920-G,39.556468175999996,M,English,CP,"Schneider, R.M., Brockbank, E., Feiman, R., & Barner, D. (under review). Counting and the ontogenetic origins of exact equality. ",titrated,Schneider_Barner_UnderReview,Barner
11920-R,56.312114988,M,English,CP,"Schneider, R.M., Brockbank, E., Feiman, R., & Barner, D. (under review). Counting and the ontogenetic origins of exact equality. ",titrated,Schneider_Barner_UnderReview,Barner
12620-Z,54.373716636,F,English,CP,"Schneider, R.M., Brockbank, E., Feiman, R., & Barner, D. (under review). Counting and the ontogenetic origins of exact equality. ",titrated,Schneider_Barner_UnderReview,Barner
12620-J,47.441478444,M,English,5K,"Schneider, R.M., Brockbank, E., Feiman, R., & Barner, D. (under review). Counting and the ontogenetic origins of exact equality. ",titrated,Schneider_Barner_UnderReview,Barner
12620-H,52.99383984000001,F,English,CP,"Schneider, R.M., Brockbank, E., Feiman, R., & Barner, D. (under review). Counting and the ontogenetic origins of exact equality. ",titrated,Schneider_Barner_UnderReview,Barner
12620-H2,47.868583164,F,English,CP,"Schneider, R.M., Brockbank, E., Feiman, R., & Barner, D. (under review). Counting and the ontogenetic origins of exact equality. ",titrated,Schneider_Barner_UnderReview,Barner
12620-L,48.919917864,F,English,4K,"Schneider, R.M., Brockbank, E., Feiman, R., & Barner, D. (under review). Counting and the ontogenetic origins of exact equality. ",titrated,Schneider_Barner_UnderReview,Barner
2220-A,45.995893224,F,English,CP,"Schneider, R.M., Brockbank, E., Feiman, R., & Barner, D. (under review). Counting and the ontogenetic origins of exact equality. ",titrated,Schneider_Barner_UnderReview,Barner
2220-I,59.13757700400001,M,English,CP,"Schneider, R.M., Brockbank, E., Feiman, R., & Barner, D. (under review). Counting and the ontogenetic origins of exact equality. ",titrated,Schneider_Barner_UnderReview,Barner
2220-P,38.570841888,F,English,CP,"Schneider, R.M., Brockbank, E., Feiman, R., & Barner, D. (under review). Counting and the ontogenetic origins of exact equality. ",titrated,Schneider_Barner_UnderReview,Barner
020520-JB,43.40041068,F,English,1,"Schneider, R.M., Brockbank, E., Feiman, R., & Barner, D. (under review). Counting and the ontogenetic origins of exact equality. ",titrated,Schneider_Barner_UnderReview,Barner
020520-AM,44.550308004,F,English,Non,"Schneider, R.M., Brockbank, E., Feiman, R., & Barner, D. (under review). Counting and the ontogenetic origins of exact equality. ",titrated,Schneider_Barner_UnderReview,Barner
020520-EM,44.45174538,M,English,0,"Schneider, R.M., Brockbank, E., Feiman, R., & Barner, D. (under review). Counting and the ontogenetic origins of exact equality. ",titrated,Schneider_Barner_UnderReview,Barner
020520-DE,45.70020534,M,English,3,"Schneider, R.M., Brockbank, E., Feiman, R., & Barner, D. (under review). Counting and the ontogenetic origins of exact equality. ",titrated,Schneider_Barner_UnderReview,Barner
020520-EMH,48.361396307999996,F,English,1,"Schneider, R.M., Brockbank, E., Feiman, R., & Barner, D. (under review). Counting and the ontogenetic origins of exact equality. ",titrated,Schneider_Barner_UnderReview,Barner
020520-JB2,38.340862428,M,English,3,"Schneider, R.M., Brockbank, E., Feiman, R., & Barner, D. (under review). Counting and the ontogenetic origins of exact equality. ",titrated,Schneider_Barner_UnderReview,Barner
020520-DL,47.474332644,M,English,Non,"Schneider, R.M., Brockbank, E., Feiman, R., & Barner, D. (under review). Counting and the ontogenetic origins of exact equality. ",titrated,Schneider_Barner_UnderReview,Barner
020520-JZ,46.390143732,F,English,1,"Schneider, R.M., Brockbank, E., Feiman, R., & Barner, D. (under review). Counting and the ontogenetic origins of exact equality. ",titrated,Schneider_Barner_UnderReview,Barner
020520-SJ,47.737166328,F,English,Non,"Schneider, R.M., Brockbank, E., Feiman, R., & Barner, D. (under review). Counting and the ontogenetic origins of exact equality. ",titrated,Schneider_Barner_UnderReview,Barner
020520-EC,56.60780287199999,F,English,CP,"Schneider, R.M., Brockbank, E., Feiman, R., & Barner, D. (under review). Counting and the ontogenetic origins of exact equality. ",titrated,Schneider_Barner_UnderReview,Barner
020520-AS,60.024640656,F,English,CP,"Schneider, R.M., Brockbank, E., Feiman, R., & Barner, D. (under review). Counting and the ontogenetic origins of exact equality. ",titrated,Schneider_Barner_UnderReview,Barner
020720-Q,59.07186858,F,English,CP,"Schneider, R.M., Brockbank, E., Feiman, R., & Barner, D. (under review). Counting and the ontogenetic origins of exact equality. ",titrated,Schneider_Barner_UnderReview,Barner
020720-J,51.94250512800001,M,English,CP,"Schneider, R.M., Brockbank, E., Feiman, R., & Barner, D. (under review). Counting and the ontogenetic origins of exact equality. ",titrated,Schneider_Barner_UnderReview,Barner
020720-T,47.474332644,M,English,CP,"Schneider, R.M., Brockbank, E., Feiman, R., & Barner, D. (under review). Counting and the ontogenetic origins of exact equality. ",titrated,Schneider_Barner_UnderReview,Barner
020720-T2,53.256673512000006,M,English,CP,"Schneider, R.M., Brockbank, E., Feiman, R., & Barner, D. (under review). Counting and the ontogenetic origins of exact equality. ",titrated,Schneider_Barner_UnderReview,Barner
020720-K,60.977412732000005,M,English,CP,"Schneider, R.M., Brockbank, E., Feiman, R., & Barner, D. (under review). Counting and the ontogenetic origins of exact equality. ",titrated,Schneider_Barner_UnderReview,Barner
020720-E,55.786447644,F,English,CP,"Schneider, R.M., Brockbank, E., Feiman, R., & Barner, D. (under review). Counting and the ontogenetic origins of exact equality. ",titrated,Schneider_Barner_UnderReview,Barner
020720-JO,48.788501028,M,English,4,"Schneider, R.M., Brockbank, E., Feiman, R., & Barner, D. (under review). Counting and the ontogenetic origins of exact equality. ",titrated,Schneider_Barner_UnderReview,Barner
020720-AM,47.474332644,F,English,2,"Schneider, R.M., Brockbank, E., Feiman, R., & Barner, D. (under review). Counting and the ontogenetic origins of exact equality. ",titrated,Schneider_Barner_UnderReview,Barner
020720-LM,48.788501028,M,English,5,"Schneider, R.M., Brockbank, E., Feiman, R., & Barner, D. (under review). Counting and the ontogenetic origins of exact equality. ",titrated,Schneider_Barner_UnderReview,Barner
020720-TS,47.474332644,F,English,3,"Schneider, R.M., Brockbank, E., Feiman, R., & Barner, D. (under review). Counting and the ontogenetic origins of exact equality. ",titrated,Schneider_Barner_UnderReview,Barner
020720-CVC,65.44558521600001,M,English,CP,"Schneider, R.M., Brockbank, E., Feiman, R., & Barner, D. (under review). Counting and the ontogenetic origins of exact equality. ",titrated,Schneider_Barner_UnderReview,Barner
020720-SJ,52.172484600000004,M,English,CP,"Schneider, R.M., Brockbank, E., Feiman, R., & Barner, D. (under review). Counting and the ontogenetic origins of exact equality. ",titrated,Schneider_Barner_UnderReview,Barner
020720-PT,55.687885007999995,F,English,CP,"Schneider, R.M., Brockbank, E., Feiman, R., & Barner, D. (under review). Counting and the ontogenetic origins of exact equality. ",titrated,Schneider_Barner_UnderReview,Barner
